date       time     [thread name/id ]                   file:line    v |
2026-03-15 21:21:40 [MainThread      ]                Log.cpp:286   INFO| Opened log file Hades II.log
2026-03-15 21:21:40 [MainThread      ]            Program.cpp:2284  INFO| Previous stack guard size was 0 bytes
2026-03-15 21:21:40 [MainThread      ]          OptionSet.cpp:157   INFO| argument: /c
2026-03-15 21:21:40 [MainThread      ]          OptionSet.cpp:157   INFO| argument: ../
2026-03-15 21:21:40 [MainThread      ]          OptionSet.cpp:157   INFO| argument: /steampowered
2026-03-15 21:21:40 [MainThread      ]          OptionSet.cpp:157   INFO| argument: /VerboseScriptLogging=false
2026-03-15 21:21:40 [MainThread      ]          OptionSet.cpp:157   INFO| argument: /DebugKeysEnabled=false
2026-03-15 21:21:40 [MainThread      ]          OptionSet.cpp:157   INFO| argument: /UnsafeDebugKeysEnabled=false
2026-03-15 21:21:40 [MainThread      ]          OptionSet.cpp:157   INFO| argument: /LiveCreateTextures=false
2026-03-15 21:21:40 [MainThread      ]          OptionSet.cpp:157   INFO| argument: /CheckNonExistingTextures=false
2026-03-15 21:21:40 [MainThread      ]          OptionSet.cpp:157   INFO| argument: /DirectLoadShell=true
2026-03-15 21:21:40 [MainThread      ]          OptionSet.cpp:157   INFO| argument: /SaveCollectionRateFloat=0.075
2026-03-15 21:21:40 [MainThread      ]          OptionSet.cpp:157   INFO| argument: /SaveCollectionDeathInterval=10
2026-03-15 21:21:40 [MainThread      ]          OptionSet.cpp:157   INFO| argument: /strictpackagechecks=true
2026-03-15 21:21:40 [MainThread      ]          OptionSet.cpp:157   INFO| argument: /ProgressionVersion=4
2026-03-15 21:21:40 [MainThread      ]          OptionSet.cpp:157   INFO| argument: /IncludeInputStateWithBugReport
2026-03-15 21:21:40 [MainThread      ]    PlatformService.cpp:81    INFO| Processor Count : 12
2026-03-15 21:21:40 [MainThread      ]            Program.cpp:2716  INFO| TotalRam: 33458536448
2026-03-15 21:21:40 [MainThread      ]            Program.cpp:2717  INFO| Running Hades II in 64-bit
2026-03-15 21:21:57 [MainThread      ]            Program.cpp:2814  INFO| Initial startup in 16.9 msec
2026-03-15 21:21:57 [MainThread      ]       PCSaveDevice.cpp:321   INFO| Opened save file for reading: activeProfile
2026-03-15 21:21:57 [MainThread      ]     BinaryLoadData.cpp:12    INFO| Reading 16 bytes
2026-03-15 21:21:57 [MainThread      ]     ProfileManager.cpp:46    INFO| Loading default profile C:\Users\Kutan\Saved Games\Hades II Profile1
2026-03-15 21:21:57 [MainThread      ]     ProfileManager.cpp:192   INFO| ProfileManager::Load(): Profile1 
2026-03-15 21:21:57 [MainThread      ]       PCSaveDevice.cpp:321   INFO| Opened save file for reading: Profile1.sjson
2026-03-15 21:21:57 [MainThread      ]      ConfigOptions.cpp:784   INFO| ConfigOption: BackupSaveCount = 3
2026-03-15 21:21:57 [MainThread      ]      ConfigOptions.cpp:784   INFO| ConfigOption: ControlsResetRevisionViewed = 95285
2026-03-15 21:21:57 [MainThread      ]      ConfigOptions.cpp:784   INFO| ConfigOption: CurrentSettingsCategory = 256
2026-03-15 21:21:57 [MainThread      ]     ProfileManager.cpp:223   INFO| Load profile Profile1.sjson successful
2026-03-15 21:21:57 [MainThread      ]       PCSaveDevice.cpp:321   INFO| Opened save file for reading: GlobalSettingsWin.sjson
2026-03-15 21:21:57 [MainThread      ]      ConfigOptions.cpp:791   INFO| ConfigOption: MasterVolume = 0.904965
2026-03-15 21:21:57 [MainThread      ]      ConfigOptions.cpp:810   INFO| ConfigOption: FpsLimit = 240
2026-03-15 21:21:57 [MainThread      ]      ConfigOptions.cpp:810   INFO| ConfigOption: GraphicsQualityPreset = GraphicsQualityPreset_High
2026-03-15 21:21:57 [MainThread      ]      ConfigOptions.cpp:784   INFO| ConfigOption: NewUpdateSoundRevisionViewed = 133066
2026-03-15 21:21:57 [MainThread      ]      ConfigOptions.cpp:784   INFO| ConfigOption: LastRoadmapRevisionViewed = 133066
2026-03-15 21:21:57 [MainThread      ]      ConfigOptions.cpp:777   INFO| ConfigOption: NoBorder = true
2026-03-15 21:21:57 [MainThread      ]      ConfigOptions.cpp:810   INFO| ConfigOption: GraphicsAdapter = NVIDIA GeForce RTX 4090
2026-03-15 21:21:57 [MainThread      ]      ConfigOptions.cpp:784   INFO| ConfigOption: LastPatchNoteRevisionViewed = 95285
2026-03-15 21:21:57 [MainThread      ]      ConfigOptions.cpp:777   INFO| ConfigOption: FullScreen = true
2026-03-15 21:21:57 [MainThread      ]      ConfigOptions.cpp:784   INFO| ConfigOption: ScreenshotCount = 2
2026-03-15 21:21:57 [MainThread      ]      ConfigOptions.cpp:784   INFO| ConfigOption: Y = 1440
2026-03-15 21:21:57 [MainThread      ]      ConfigOptions.cpp:784   INFO| ConfigOption: X = 3440
2026-03-15 21:21:57 [MainThread      ]      ConfigOptions.cpp:777   INFO| ConfigOption: VSync = false
2026-03-15 21:21:57 [MainThread      ]      ConfigOptions.cpp:777   INFO| ConfigOption: AutoDetectLowResAssets = false
2026-03-15 21:21:57 [MainThread      ]     ProfileManager.cpp:223   INFO| Load profile GlobalSettingsWin.sjson successful
2026-03-15 21:21:57 [MainThread      ]     BinarySaveData.cpp:42    INFO| PrepareForWrite dataSize = 16 bytes
2026-03-15 21:21:57 [MainThread      ]     BinarySaveData.cpp:17    INFO| Writing 16 bytes
2026-03-15 21:21:57 [MainThread      ]            Program.cpp:2846  INFO| Profile load in 0.0 msec
2026-03-15 21:21:57 [MainThread      ]        WindowsBase.cpp:379   INFO| ----Begin printing all displays available on the system----
2026-03-15 21:21:57 [MainThread      ]        WindowsBase.cpp:383   INFO| Number of detected displays: 3
2026-03-15 21:21:57 [MainThread      ]        WindowsBase.cpp:532   INFO| 2026-03-15 21:21:57 [MainThread      ]        WindowsBase.cpp:540   INFO| (640 x 480) (720 x 480) (720 x 576) (800 x 600) (1280 x 720) (1024 x 768) (1280 x 768) 
2026-03-15 21:21:57 [MainThread      ]        WindowsBase.cpp:540   INFO| (1360 x 768) (1366 x 768) (1280 x 800) (1152 x 864) (1440 x 900) (1600 x 900) (1280 x 960) 
2026-03-15 21:21:57 [MainThread      ]        WindowsBase.cpp:540   INFO| (1280 x 1024) (1600 x 1024) (1680 x 1050) (1440 x 1080) (1920 x 1080) (1600 x 1200) 
2026-03-15 21:21:57 [MainThread      ]        WindowsBase.cpp:544   INFO| (1920 x 1200) (1920 x 1440) (2560 x 1440) (3440 x 1440) 
2026-03-15 21:21:57 [MainThread      ]        WindowsBase.cpp:532   INFO| 2026-03-15 21:21:57 [MainThread      ]        WindowsBase.cpp:540   INFO| (480 x 640) (480 x 720) (576 x 720) (600 x 800) (768 x 1024) (864 x 1152) (664 x 1176) 
2026-03-15 21:21:57 [MainThread      ]        WindowsBase.cpp:540   INFO| (720 x 1280) (768 x 1280) (800 x 1280) (960 x 1280) (1024 x 1280) (768 x 1360) (768 x 1366) 
2026-03-15 21:21:57 [MainThread      ]        WindowsBase.cpp:540   INFO| (900 x 1440) (1080 x 1440) (900 x 1600) (1024 x 1600) (1050 x 1680) (1080 x 1920) 
2026-03-15 21:21:57 [MainThread      ]        WindowsBase.cpp:544   INFO| 
2026-03-15 21:21:57 [MainThread      ]        WindowsBase.cpp:532   INFO| 2026-03-15 21:21:57 [MainThread      ]        WindowsBase.cpp:540   INFO| (640 x 480) (720 x 480) (720 x 576) (800 x 600) (1176 x 664) (1280 x 720) (1024 x 768) 
2026-03-15 21:21:57 [MainThread      ]        WindowsBase.cpp:540   INFO| (1280 x 768) (1360 x 768) (1366 x 768) (1280 x 800) (1152 x 864) (1440 x 900) (1600 x 900) 
2026-03-15 21:21:57 [MainThread      ]        WindowsBase.cpp:540   INFO| (1280 x 960) (1280 x 1024) (1600 x 1024) (1680 x 1050) (1440 x 1080) (1920 x 1080) 
2026-03-15 21:21:57 [MainThread      ]        WindowsBase.cpp:540   INFO| (1600 x 1200) (1920 x 1200) (1720 x 1440) (1920 x 1440) (2560 x 1440) (3440 x 1440) 
2026-03-15 21:21:57 [MainThread      ]        WindowsBase.cpp:544   INFO| 
2026-03-15 21:21:57 [MainThread      ]        WindowsBase.cpp:548   INFO| ----Finish printing all displays available on the system----
2026-03-15 21:21:57 [MainThread      ]         Resolution.cpp:160   INFO| Monitor modes:
2026-03-15 21:21:57 [MainThread      ]            Program.cpp:2908  INFO| DisplayModes Configured
2026-03-15 21:21:57 [MainThread      ]        WindowsBase.cpp:724   INFO| Created window app Hades II
2026-03-15 21:21:57 [MainThread      ]         Resolution.cpp:160   INFO| Monitor modes:
2026-03-15 21:21:57 [MainThread      ]            Program.cpp:3200  INFO| DisplayModes Configured
2026-03-15 21:21:57 [MainThread      ]     WindowsService.cpp:215   INFO| Initializing Steam
2026-03-15 21:21:57 [MainThread      ]       SteamWrapper.cpp:46    INFO| Steam Input initialized
2026-03-15 21:21:57 [MainThread      ]     WindowsService.cpp:225   INFO| Steam initialized
2026-03-15 21:21:57 [MainThread      ]            Program.cpp:3216  INFO| PlatformService Initialized
2026-03-15 21:21:57 [MainThread      ]   InputSystemWin64.cpp:1203  INFO| InputSystemSDL init. [initInputSystem]
2026-03-15 21:21:57 [MainThread      ]   InputSystemWin64.cpp:243   INFO| SDL Initialized with SDL_HINT_JOYSTICK_ALLOW_BACKGROUND_EVENTS
2026-03-15 21:21:57 [MainThread      ]   InputSystemWin64.cpp:252   INFO| SDL_HINT_JOYSTICK_RAWINPUT = 0
2026-03-15 21:21:57 [MainThread      ]   InputSystemWin64.cpp:289   INFO| InputSystemSDL Initialized 
2026-03-15 21:21:57 [MainThread      ]       SDL2_GamePad.cpp:315   INFO| Could not open file: gamecontrollerdb.txt
2026-03-15 21:21:57 [MainThread      ]       SDL2_GamePad.cpp:356   INFO| SDL Version is: 2.32.6
2026-03-15 21:21:57 [MainThread      ]            Program.cpp:3225  INFO| InputSystem Initialized
2026-03-15 21:21:57 [MainThread      ]      ForgeRenderer.cpp:2200  INFO| Graphics Adapter Preferece: NVIDIA GeForce RTX 4090
2026-03-15 21:21:58 [MainThread      ]            AgsHelper.h:49    INFO| AMD Display Driver Version 1576952144
2026-03-15 21:21:58 [MainThread      ]            AgsHelper.h:50    INFO| AMD Display Driver Version 5.4.1
2026-03-15 21:21:58 [MainThread      ]            AgsHelper.h:51    INFO| AMD Radeon Software Version 24.10.16
2026-03-15 21:21:58 [MainThread      ]          NvApiHelper.h:38    INFO| NVIDIA Display Driver Version 59571
2026-03-15 21:21:58 [MainThread      ]          NvApiHelper.h:39    INFO| NVIDIA Build Branch r595_59
2026-03-15 21:21:58 [MainThread      ]         Direct3D12.cpp:1724  INFO| GPU[0] detected. Vendor ID: 10de, Model ID: 2684, Revision ID: a1, GPU Name: NVIDIA GeForce RTX 4090
2026-03-15 21:21:58 [MainThread      ]         Direct3D12.cpp:1724  INFO| GPU[1] detected. Vendor ID: 1002, Model ID: 164e, Revision ID: c7, GPU Name: AMD Radeon(TM) Graphics
2026-03-15 21:21:58 [MainThread      ]         Direct3D12.cpp:1724  INFO| GPU[2] detected. Vendor ID: 1414, Model ID: 8c, Revision ID: 0, GPU Name: Microsoft Basic Render Driver
2026-03-15 21:21:58 [MainThread      ]         Direct3D12.cpp:1724  INFO| GPU[3] detected. Vendor ID: 10de, Model ID: 2684, Revision ID: a1, GPU Name: NVIDIA GeForce RTX 4090
2026-03-15 21:21:58 [MainThread      ]         Direct3D12.cpp:1850  INFO| GPU[0] detected for possible selection. Vendor ID: 10de, Model ID: 2684, Revision ID: a1, GPU Name: NVIDIA GeForce RTX 4090
2026-03-15 21:21:58 [MainThread      ]         Direct3D12.cpp:1850  INFO| GPU[1] detected for possible selection. Vendor ID: 1002, Model ID: 164e, Revision ID: c7, GPU Name: AMD Radeon(TM) Graphics
2026-03-15 21:21:58 [MainThread      ]         Direct3D12.cpp:1850  INFO| GPU[2] detected for possible selection. Vendor ID: 10de, Model ID: 2684, Revision ID: a1, GPU Name: NVIDIA GeForce RTX 4090
2026-03-15 21:21:58 [MainThread      ]         Direct3D12.cpp:1902  INFO| GPU[2] is selected as default GPU
2026-03-15 21:21:58 [MainThread      ]         Direct3D12.cpp:1903  INFO| Name of selected gpu: NVIDIA GeForce RTX 4090
2026-03-15 21:21:58 [MainThread      ]         Direct3D12.cpp:1904  INFO| Vendor id of selected gpu: 0x10de
2026-03-15 21:21:58 [MainThread      ]         Direct3D12.cpp:1905  INFO| Model id of selected gpu: 0x2684
2026-03-15 21:21:58 [MainThread      ]         Direct3D12.cpp:1906  INFO| Revision id of selected gpu: 0xa1
2026-03-15 21:21:58 [MainThread      ]         Direct3D12.cpp:2424  INFO| Profile: AddDevice with FastCreate ON 0.046000
2026-03-15 21:21:58 [MainThread      ]      ForgeRenderer.cpp:2261  INFO| Amd driver version detected: 59571
2026-03-15 21:21:58 [MainThread      ]      ForgeRenderer.cpp:2262  INFO| Nvidia driver version detected: 59571
2026-03-15 21:21:58 [MainThread      ]            Program.cpp:3244  INFO| Renderer Initialized
2026-03-15 21:21:58 [MainThread      ]            Program.cpp:3256  INFO| Display 0: Generic PnP Monitor
2026-03-15 21:21:58 [MainThread      ]            Program.cpp:3257  INFO| Refresh Rate: 240 hz
2026-03-15 21:21:58 [MainThread      ]      ForgeRenderer.cpp:2520  INFO| ForgeRenderer::Load
2026-03-15 21:21:58 [MainThread      ]            Program.cpp:3264  INFO| Renderer Loaded
2026-03-15 21:21:58 [MainThread      ]      ConfigOptions.cpp:227   INFO| DetectSystemMinSpec
2026-03-15 21:21:58 [MainThread      ]      ConfigOptions.cpp:229   INFO| Total RAM Megabytes: 31908
2026-03-15 21:21:58 [MainThread      ]         Direct3D12.cpp:1584  INFO| Shared system graphics memory 15954 MB
2026-03-15 21:21:58 [MainThread      ]      ConfigOptions.cpp:233   INFO| Total Display Memory Megabytes: 40092
2026-03-15 21:21:58 [MainThread      ]      ConfigOptions.cpp:234   INFO| VRAM Megabytes: 24138
2026-03-15 21:21:58 [MainThread      ]      ConfigOptions.cpp:235   INFO| Shared Memory Megabytes: 15954
2026-03-15 21:21:58 [MainThread      ]      ConfigOptions.cpp:237   INFO| Total processor cores: 12
2026-03-15 21:21:58 [MainThread      ]                App.cpp:146   INFO| Starting app: Ship 133066
2026-03-15 21:21:58 [MainThread      ]         Resolution.cpp:93    INFO| ____________________________________Resolution::Resize __________________
2026-03-15 21:21:58 [MainThread      ]         Resolution.cpp:94    INFO| VIEWPORT: X: 0  Y: 0 W: 3440 H: 1440
2026-03-15 21:21:58 [MainThread      ]         Resolution.cpp:95    INFO| SCALE: X: 1.333333 Y: 1.333333
2026-03-15 21:21:58 [MainThread      ]         Resolution.cpp:96    INFO| FULL_VIEWPORT: X: 0  Y: 0 W: 3440 H: 1440
2026-03-15 21:21:58 [MainThread      ]         Resolution.cpp:97    INFO| ____________________________________Resolution::Resize__________________
2026-03-15 21:21:58 [MainThread      ]                App.cpp:169   INFO| Initializing graphics device: 3440x1440
2026-03-15 21:21:58 [MainThread      ]                App.cpp:174   INFO| Setting fullscreen: true
2026-03-15 21:21:58 [MainThread      ]                App.cpp:196   INFO| Create components
2026-03-15 21:21:58 [MainThread      ]                App.cpp:213   INFO| Full screen bloom
2026-03-15 21:21:58 [MainThread      ]                App.cpp:214   INFO| Frame rate counter
2026-03-15 21:21:58 [MainThread      ]                App.cpp:220   INFO| Done with constructor
2026-03-15 21:21:58 [MainThread      ]                App.cpp:223   INFO| Setting RandomSeed: 7331012
2026-03-15 21:21:58 [MainThread      ]                App.cpp:465   INFO| App Initialize
2026-03-15 21:21:58 [MainThread      ]        DrawManager.cpp:224   INFO| Started adding shader files
2026-03-15 21:21:58 [MainThread      ]        DrawManager.cpp:272   INFO| Finished adding shader files
2026-03-15 21:21:58 [MainThread      ]      ForgeRenderer.cpp:2959  INFO| Early pipeline creation for Default, BS_AlphaBlend, DS_None
2026-03-15 21:21:58 [MainThread      ]      ForgeRenderer.cpp:2963  INFO| Early pipeline creation for Blit2D, BS_Opaque, DS_None
2026-03-15 21:21:58 [MainThread      ]      ForgeRenderer.cpp:2967  INFO| Early pipeline creation for Blit2DDepth, BS_Opaque, DS_DepthWrite
2026-03-15 21:21:58 [MainThread      ]      ForgeRenderer.cpp:2971  INFO| Early pipeline creation finished
2026-03-15 21:21:58 [MainThread      ]        DrawManager.cpp:275   INFO| Finished adding shader resources
2026-03-15 21:21:58 [MainThread      ]   GameAssetManager.cpp:668   INFO| Loading package: Launch.pkg
2026-03-15 21:21:58 [MainThread      ]   GameAssetManager.cpp:581   INFO| Start reading manifest Launch
2026-03-15 21:21:58 [MainThread      ]   GameAssetManager.cpp:642   INFO| Done reading manifest Launch
2026-03-15 21:21:58 [MainThread      ]   GameAssetManager.cpp:697   INFO| Package Loaded: Launch 4Mb in 0.00s
2026-03-15 21:21:58 [MainThread      ]                App.cpp:479   INFO| Load Launch Pkg took 0.002428 seconds
2026-03-15 21:21:58 [MainThread      ]     WindowsService.cpp:603   INFO| english
2026-03-15 21:21:58 [MainThread      ]       Localization.cpp:270   INFO| SetLang = en
2026-03-15 21:21:58 [MainThread      ]              Fonts.cpp:281   INFO| Font memory usage for lang en: 16742 kb / 28672 kb
2026-03-15 21:21:58 [MainThread      ]                App.cpp:486   INFO| Localization::Init() took 0.162716 seconds
2026-03-15 21:21:58 [SmallTaskScheduler]       PCSaveDevice.cpp:343   INFO| Unable to find save file: Profile1.ctrls
2026-03-15 21:21:58 [MainThread      ]       AudioManager.cpp:588   INFO| Streaming VO because ForceVoiceBankStreaming
2026-03-15 21:21:58 [MainThread      ]    GameDataManager.cpp:266   INFO| Reading game data from F:\SteamLibrary\steamapps\common\Hades II\Content\Game
2026-03-15 21:21:58 [LoadTaskScheduler]             LuaExt.cpp:576   INFO| Lua interface destroyed
2026-03-15 21:21:58 [MainThread      ]                App.cpp:334   INFO| App.resize 3440x1440 Fullscreen
2026-03-15 21:21:58 [MainThread      ]         Resolution.cpp:93    INFO| ____________________________________Resolution::Resize __________________
2026-03-15 21:21:58 [MainThread      ]         Resolution.cpp:94    INFO| VIEWPORT: X: 0  Y: 0 W: 3440 H: 1440
2026-03-15 21:21:58 [MainThread      ]         Resolution.cpp:95    INFO| SCALE: X: 1.333333 Y: 1.333333
2026-03-15 21:21:58 [MainThread      ]         Resolution.cpp:96    INFO| FULL_VIEWPORT: X: 0  Y: 0 W: 3440 H: 1440
2026-03-15 21:21:58 [MainThread      ]         Resolution.cpp:97    INFO| ____________________________________Resolution::Resize__________________
2026-03-15 21:21:59 [MainThread      ]       LaunchScreen.cpp:209   INFO| new LaunchScreen
2026-03-15 21:21:59 [LoadTaskScheduler]       AudioManager.cpp:631   INFO| AudioManager.Initialize
2026-03-15 21:21:59 [MainThread      ]  PlatformAnalytics.cpp:30    INFO| Initializing Analytics
2026-03-15 21:21:59 [MainThread      ]  PlatformAnalytics.cpp:36    INFO| Done initializing Analytics: Enabled
2026-03-15 21:21:59 [MainThread      ]            Program.cpp:3460  INFO| Application Init+Load 2.135000
2026-03-15 21:21:59 [MainThread      ]            Program.cpp:3473  INFO| User Document Path found!!
2026-03-15 21:21:59 [MainThread      ]            Program.cpp:3491  INFO| Log file created
2026-03-15 21:21:59 [MainThread      ]            Program.cpp:3507  INFO| Data correctly read!!
2026-03-15 21:21:59 [MainThread      ]        WindowsBase.cpp:1185  INFO| Application Init+Load 2.135000
2026-03-15 21:21:59 [LoadTaskScheduler]       LaunchScreen.cpp:65    INFO| Load Manifests collect workload took 0.002548s
2026-03-15 21:21:59 [MainThread      ]       SDL2_GamePad.cpp:117   INFO| DetectGamePadModel (Vendor ID: 0x45e, Product ID: 0x28e)
2026-03-15 21:21:59 [MainThread      ]       SDL2_GamePad.cpp:432   INFO| Gamepad added: Index = 0, Name = Xbox 360 Controller, GUID = 0300fa675e0400008e02000004017801, JoystickInstanceId = 0
2026-03-15 21:21:59 [RenderThread    ]      ForgeRenderer.cpp:7037  INFO| Creating pipeline for effect: ShaderEffectType::DefaultBlank blend state 5 depthState 2
2026-03-15 21:21:59 [MainThread      ]       SDL2_GamePad.cpp:535   INFO| Gamepad power level is: SDL_JOYSTICK_POWER_WIRED, JoystickInstanceId = 0
2026-03-15 21:21:59 [MainThread      ]       SteamWrapper.cpp:323   INFO| [SteamWrapper] RequestStats - success
2026-03-15 21:21:59 [LoadTaskScheduler]       AudioManager.cpp:746   INFO| FMOD Default Rate 48000 Mode 0 Speakers 0 Software Channels: 64
2026-03-15 21:21:59 [LoadTaskScheduler]       AudioManager.cpp:753   INFO| FMOD changed to Rate: 48000 Mode: 3 Speakers: 2 Software Channels: 35
2026-03-15 21:21:59 [LoadTaskScheduler]       LaunchScreen.cpp:83    INFO| Load Manifests took 0.128171s
2026-03-15 21:21:59 [LoadTaskScheduler]       AudioManager.cpp:837   INFO| FMOD post init Rate 48000 Mode 3 Speakers 2
2026-03-15 21:21:59 [LoadTaskScheduler]       AudioManager.cpp:838   INFO| FMOD driver: Speakers (Realtek(R) Audio)
2026-03-15 21:21:59 [LoadTaskScheduler]       AudioManager.cpp:966   INFO| Loading bank: MasterBank
2026-03-15 21:21:59 [LoadTaskScheduler]       AudioManager.cpp:981   INFO| Audio bank loaded successfully: MasterBank (5Mb in 0.03s)
2026-03-15 21:21:59 [LoadTaskScheduler]       AudioManager.cpp:966   INFO| Loading bank: MasterBank.strings
2026-03-15 21:21:59 [LoadTaskScheduler]       AudioManager.cpp:981   INFO| Audio bank loaded successfully: MasterBank.strings (0Mb in 0.03s)
2026-03-15 21:21:59 [LoadTaskScheduler]       AudioManager.cpp:966   INFO| Loading bank: Ambience
2026-03-15 21:21:59 [LoadTaskScheduler]       AudioManager.cpp:981   INFO| Audio bank loaded successfully: Ambience (77Mb in 0.03s)
2026-03-15 21:21:59 [LoadTaskScheduler]       AudioManager.cpp:966   INFO| Loading bank: Music
2026-03-15 21:21:59 [LoadTaskScheduler]       AudioManager.cpp:981   INFO| Audio bank loaded successfully: Music (735Mb in 0.04s)
2026-03-15 21:21:59 [LoadTaskScheduler]       LaunchScreen.cpp:108   INFO| binkAtlases took 0.514003s
2026-03-15 21:21:59 [LoadTaskScheduler]   GameAssetManager.cpp:668   INFO| Loading package: GUI.pkg
2026-03-15 21:21:59 [LoadTaskScheduler]   GameAssetManager.cpp:581   INFO| Start reading manifest GUI
2026-03-15 21:21:59 [LoadTaskScheduler]   GameAssetManager.cpp:642   INFO| Done reading manifest GUI
2026-03-15 21:21:59 [LoadTaskScheduler]       AudioManager.cpp:1233  INFO| Voice bank loaded successfully: Melinoe (5318 lines in 0.033835 seconds)
2026-03-15 21:21:59 [LoadTaskScheduler]       AudioManager.cpp:1233  INFO| Voice bank loaded successfully: MelinoeField (4786 lines in 0.024896 seconds)
2026-03-15 21:22:00 [LoadTaskScheduler]       AudioManager.cpp:1233  INFO| Voice bank loaded successfully: Storyteller (428 lines in 0.017720 seconds)
2026-03-15 21:22:00 [LoadTaskScheduler]       AudioManager.cpp:1336  INFO| AudioManager categories loaded
2026-03-15 21:22:00 [LoadTaskScheduler]       AudioManager.cpp:870   INFO| AudioManager.FModStartup complete
2026-03-15 21:22:00 [LoadTaskScheduler]       AudioManager.cpp:576   INFO| Audio package version: 132872
2026-03-15 21:22:00 [LoadTaskScheduler]       AudioManager.cpp:656   INFO| AudioManager.Initialize complete
2026-03-15 21:22:00 [LoadTaskScheduler]       LaunchScreen.cpp:150   INFO| AudioManager::Initialize took 0.715044s
2026-03-15 21:22:00 [LoadTaskScheduler]    GameDataManager.cpp:1060  INFO| Data package version: 132872
2026-03-15 21:22:00 [LoadTaskScheduler]    GameDataManager.cpp:671   INFO| Reading game data from F:\SteamLibrary\steamapps\common\Hades II\Content\Game
2026-03-15 21:22:00 [LoadTaskScheduler]    GameDataManager.cpp:1081  INFO| ReadUnitData took 0.035790 seconds
2026-03-15 21:22:00 [LoadTaskScheduler]    GameDataManager.cpp:1132  INFO| ReadWeaponData took 0.035156 seconds
2026-03-15 21:22:00 [LoadTaskScheduler]   GameAssetManager.cpp:697   INFO| Package Loaded: GUI 545Mb in 0.24s
2026-03-15 21:22:00 [LoadTaskScheduler]   GameAssetManager.cpp:668   INFO| Loading package: GUI_Mouse.pkg
2026-03-15 21:22:00 [LoadTaskScheduler]   GameAssetManager.cpp:581   INFO| Start reading manifest GUI_Mouse
2026-03-15 21:22:00 [LoadTaskScheduler]   GameAssetManager.cpp:642   INFO| Done reading manifest GUI_Mouse
2026-03-15 21:22:00 [LoadTaskScheduler]   GameAssetManager.cpp:697   INFO| Package Loaded: GUI_Mouse 0Mb in 0.00s
2026-03-15 21:22:00 [LoadTaskScheduler]   GameAssetManager.cpp:668   INFO| Loading package: Fx.pkg
2026-03-15 21:22:00 [LoadTaskScheduler]   GameAssetManager.cpp:581   INFO| Start reading manifest Fx
2026-03-15 21:22:00 [LoadTaskScheduler]   GameAssetManager.cpp:642   INFO| Done reading manifest Fx
2026-03-15 21:22:00 [LoadTaskScheduler]   GameAssetManager.cpp:697   INFO| Package Loaded: Fx 1248Mb in 0.48s
2026-03-15 21:22:00 [LoadTaskScheduler]   GameAssetManager.cpp:668   INFO| Loading package: ScriptsBase.pkg
2026-03-15 21:22:00 [LoadTaskScheduler]   GameAssetManager.cpp:581   INFO| Start reading manifest ScriptsBase
2026-03-15 21:22:00 [LoadTaskScheduler]   GameAssetManager.cpp:642   INFO| Done reading manifest ScriptsBase
2026-03-15 21:22:00 [LoadTaskScheduler]   GameAssetManager.cpp:697   INFO| Package Loaded: ScriptsBase 281Mb in 0.09s
2026-03-15 21:22:00 [LoadTaskScheduler]   GameAssetManager.cpp:668   INFO| Loading package: Melinoe.pkg
2026-03-15 21:22:00 [LoadTaskScheduler]   GameAssetManager.cpp:581   INFO| Start reading manifest Melinoe
2026-03-15 21:22:00 [LoadTaskScheduler]   GameAssetManager.cpp:642   INFO| Done reading manifest Melinoe
2026-03-15 21:22:00 [LoadTaskScheduler]   GameAssetManager.cpp:697   INFO| Package Loaded: Melinoe 54Mb in 0.02s
2026-03-15 21:22:00 [LoadTaskScheduler]       LaunchScreen.cpp:125   INFO| Load BasePackages took 0.871810
2026-03-15 21:22:03 [SmallTaskScheduler] GameAnalyticsService.cp:559   INFO| GameAnalytics init response: 200
2026-03-15 21:22:04 [SmallTaskScheduler] GameAnalyticsService.cp:458   INFO| GameAnalytics user event response: 200
 {}
2026-03-15 21:22:08 [LoadTaskScheduler]    GameDataManager.cpp:1137  INFO| Projectile took 8.884029 seconds
2026-03-15 21:22:09 [LoadTaskScheduler]    GameDataManager.cpp:1142  INFO| ReadObstacleData took 0.198451 seconds
2026-03-15 21:22:09 [LoadTaskScheduler]    GameDataManager.cpp:1147  INFO| Other Data took 0.019661 seconds
2026-03-15 21:22:09 [LoadTaskScheduler]    GameDataManager.cpp:1152  INFO| ReadAllGrannyFilePaths took 0.000017 seconds
2026-03-15 21:22:13 [LoadTaskScheduler]    GameDataManager.cpp:1158  INFO| ReadAnimationData took 4.530263 seconds
2026-03-15 21:22:14 [LoadTaskScheduler]    GameDataManager.cpp:1163  INFO| ReadTextData took 1.103821 seconds
2026-03-15 21:22:14 [LoadTaskScheduler]    GameDataManager.cpp:1165  INFO| ReadGameData took 14.807204 seconds
2026-03-15 21:22:14 [LoadTaskScheduler]       AudioManager.cpp:966   INFO| Loading bank: GUI
2026-03-15 21:22:14 [LoadTaskScheduler]       AudioManager.cpp:981   INFO| Audio bank loaded successfully: GUI (4Mb in 0.02s)
2026-03-15 21:22:14 [LoadTaskScheduler]       AudioManager.cpp:966   INFO| Loading bank: Fx
2026-03-15 21:22:14 [LoadTaskScheduler]       AudioManager.cpp:981   INFO| Audio bank loaded successfully: Fx (21Mb in 0.03s)
2026-03-15 21:22:14 [LoadTaskScheduler]       AudioManager.cpp:966   INFO| Loading bank: ScriptsBase
2026-03-15 21:22:14 [LoadTaskScheduler]       AudioManager.cpp:981   INFO| Audio bank loaded successfully: ScriptsBase (19Mb in 0.06s)
2026-03-15 21:22:14 [LoadTaskScheduler]       AudioManager.cpp:966   INFO| Loading bank: Melinoe
2026-03-15 21:22:15 [LoadTaskScheduler]       AudioManager.cpp:981   INFO| Audio bank loaded successfully: Melinoe (0Mb in 0.03s)
2026-03-15 21:22:15 [LoadTaskScheduler]       LaunchScreen.cpp:195   INFO| Waiting for manifest and audio took 14.173661s
2026-03-15 21:22:15 [LoadTaskScheduler]       LaunchScreen.cpp:198   INFO| GameDataManager::MarkCachesPermanent took 0.012637s
2026-03-15 21:22:15 [MainThread      ]       LaunchScreen.cpp:381   INFO| Done with boot load in 17.768764s
2026-03-15 21:22:15 [MainThread      ]           InGameUI.cpp:69    INFO| InGameUI Construct
2026-03-15 21:22:15 [MainThread      ]           InGameUI.cpp:250   INFO| Watermark: v1.133066
2026-03-15 21:22:15 [MainThread      ]       LaunchScreen.cpp:679   INFO| Launch took 18.043760 seconds
2026-03-15 21:22:15 [MainThread      ]   GameAssetManager.cpp:668   INFO| Loading package: MainMenu.pkg
2026-03-15 21:22:15 [MainThread      ]   GameAssetManager.cpp:581   INFO| Start reading manifest MainMenu
2026-03-15 21:22:15 [MainThread      ]   GameAssetManager.cpp:642   INFO| Done reading manifest MainMenu
2026-03-15 21:22:15 [MainThread      ]   GameAssetManager.cpp:697   INFO| Package Loaded: MainMenu 65Mb in 0.02s
2026-03-15 21:22:15 [RenderThread    ]      ForgeRenderer.cpp:7037  INFO| Creating pipeline for effect: ShaderEffectType::DefaultBlank blend state 5 depthState 0
2026-03-15 21:22:15 [RenderThread    ]      ForgeRenderer.cpp:7037  INFO| Creating pipeline for effect: ShaderEffectType::Blit2DInv blend state 5 depthState 2
2026-03-15 21:22:15 [RenderThread    ]      ForgeRenderer.cpp:7037  INFO| Creating pipeline for effect: ShaderEffectType::YUVA blend state 1 depthState 2
2026-03-15 21:22:15 [RenderThread    ]      ForgeRenderer.cpp:7037  INFO| Creating pipeline for effect: ShaderEffectType::DistanceFieldText blend state 1 depthState 2
2026-03-15 21:22:16 [RenderThread    ]      ForgeRenderer.cpp:7037  INFO| Creating pipeline for effect: ShaderEffectType::DistanceFieldFancy blend state 1 depthState 2
2026-03-15 21:22:57 [LoadTaskScheduler]       PlatformFile.cpp:194   INFO| WindowsFile::DirectoryGetFiles(  C:\Users\Kutan\Saved Games\Hades II  ,  , Profile*.sav  )
2026-03-15 21:22:57 [LoadTaskScheduler]    ProgressManager.cpp:950   INFO| ProgressManager.load Profile1.sav IPlatformSaveDevice
2026-03-15 21:22:57 [LoadTaskScheduler]       PCSaveDevice.cpp:321   INFO| Opened save file for reading: Profile1.sav
2026-03-15 21:22:57 [LoadTaskScheduler]     BinaryLoadData.cpp:12    INFO| Reading 296774 bytes
2026-03-15 21:22:57 [LoadTaskScheduler]     BinaryLoadData.cpp:35    INFO| Checksum expected = 8e928286, was = 8e928286
2026-03-15 21:22:57 [LoadTaskScheduler]    ProgressManager.cpp:992   INFO| Load succeeded
2026-03-15 21:22:57 [LoadTaskScheduler]    ProgressManager.cpp:950   INFO| ProgressManager.load Profile1.v.sav IPlatformSaveDevice
2026-03-15 21:22:57 [LoadTaskScheduler]       PCSaveDevice.cpp:321   INFO| Opened save file for reading: Profile1.v.sav
2026-03-15 21:22:57 [LoadTaskScheduler]     BinaryLoadData.cpp:12    INFO| Reading 9 bytes
2026-03-15 21:22:57 [LoadTaskScheduler]    ProgressManager.cpp:992   INFO| Load succeeded
2026-03-15 21:22:57 [LoadTaskScheduler]    ProgressManager.cpp:950   INFO| ProgressManager.load Profile1_Temp.sav IPlatformSaveDevice
2026-03-15 21:22:57 [LoadTaskScheduler]       PCSaveDevice.cpp:321   INFO| Opened save file for reading: Profile1_Temp.sav
2026-03-15 21:22:57 [LoadTaskScheduler]     BinaryLoadData.cpp:12    INFO| Reading 230379 bytes
2026-03-15 21:22:57 [LoadTaskScheduler]     BinaryLoadData.cpp:35    INFO| Checksum expected = ffe075f0, was = ffe075f0
2026-03-15 21:22:57 [LoadTaskScheduler]    ProgressManager.cpp:992   INFO| Load succeeded
2026-03-15 21:22:57 [MainThread      ] RemoteProfileScreen.cpp:629   INFO| ActiveProfile = Profile1
2026-03-15 21:22:57 [MainThread      ] RemoteProfileScreen.cpp:649   INFO| Profile1 == Profile1, ActiveProfile Index = 0
2026-03-15 21:22:57 [MainThread      ] RemoteProfileScreen.cpp:731   INFO| Finishing Creating Components For RemoteProfileScreen
2026-03-15 21:22:57 [LoadTaskScheduler] RemoteProfileScreen.cpp:69    INFO| SetupProfiles
2026-03-15 21:22:57 [LoadTaskScheduler]       PlatformFile.cpp:194   INFO| WindowsFile::DirectoryGetFiles(  C:\Users\Kutan\Saved Games\Hades II  ,  , *.sjson  )
2026-03-15 21:22:57 [LoadTaskScheduler] RemoteProfileScreen.cpp:74    INFO| Total saves :3
2026-03-15 21:22:57 [LoadTaskScheduler]    ProgressManager.cpp:199   INFO| Getting Preferred Save
2026-03-15 21:22:57 [LoadTaskScheduler]    ProgressManager.cpp:207   INFO| MainSaveInfo
2026-03-15 21:22:57 [LoadTaskScheduler]    ProgressManager.cpp:214   INFO| tempSaveInfo
2026-03-15 21:22:57 [LoadTaskScheduler]    ProgressManager.cpp:221   INFO| mainSaveIndex >
2026-03-15 21:22:57 [LoadTaskScheduler]    ProgressManager.cpp:227   INFO| tempSaveIndex >
2026-03-15 21:22:57 [LoadTaskScheduler]    ProgressManager.cpp:242   INFO| tempSaveValid >
2026-03-15 21:22:57 [LoadTaskScheduler] RemoteProfileScreen.cpp:83    INFO| localSaveFileName  :Profile1_Temp.sav
2026-03-15 21:22:57 [LoadTaskScheduler] RemoteProfileScreen.cpp:86    INFO| !saveFileName.empty()
2026-03-15 21:22:57 [LoadTaskScheduler] RemoteProfileScreen.cpp:89    INFO| mProfileButtons[0]->mDataValue: Profile1_Temp
2026-03-15 21:22:57 [LoadTaskScheduler]    ProgressManager.cpp:199   INFO| Getting Preferred Save
2026-03-15 21:22:57 [LoadTaskScheduler]    ProgressManager.cpp:207   INFO| MainSaveInfo
2026-03-15 21:22:57 [LoadTaskScheduler]    ProgressManager.cpp:214   INFO| tempSaveInfo
2026-03-15 21:22:57 [LoadTaskScheduler]    ProgressManager.cpp:221   INFO| mainSaveIndex >
2026-03-15 21:22:57 [LoadTaskScheduler]    ProgressManager.cpp:227   INFO| tempSaveIndex >
2026-03-15 21:22:57 [LoadTaskScheduler]    ProgressManager.cpp:247   INFO| mainSaveIndex >= 0
2026-03-15 21:22:57 [LoadTaskScheduler] RemoteProfileScreen.cpp:83    INFO| localSaveFileName  :
2026-03-15 21:22:57 [LoadTaskScheduler]    ProgressManager.cpp:199   INFO| Getting Preferred Save
2026-03-15 21:22:57 [LoadTaskScheduler]    ProgressManager.cpp:207   INFO| MainSaveInfo
2026-03-15 21:22:57 [LoadTaskScheduler]    ProgressManager.cpp:214   INFO| tempSaveInfo
2026-03-15 21:22:57 [LoadTaskScheduler]    ProgressManager.cpp:221   INFO| mainSaveIndex >
2026-03-15 21:22:57 [LoadTaskScheduler]    ProgressManager.cpp:227   INFO| tempSaveIndex >
2026-03-15 21:22:57 [LoadTaskScheduler]    ProgressManager.cpp:247   INFO| mainSaveIndex >= 0
2026-03-15 21:22:57 [LoadTaskScheduler] RemoteProfileScreen.cpp:83    INFO| localSaveFileName  :
2026-03-15 21:22:57 [LoadTaskScheduler]    ProgressManager.cpp:199   INFO| Getting Preferred Save
2026-03-15 21:22:57 [LoadTaskScheduler]    ProgressManager.cpp:207   INFO| MainSaveInfo
2026-03-15 21:22:57 [LoadTaskScheduler]    ProgressManager.cpp:214   INFO| tempSaveInfo
2026-03-15 21:22:57 [LoadTaskScheduler]    ProgressManager.cpp:221   INFO| mainSaveIndex >
2026-03-15 21:22:57 [LoadTaskScheduler]    ProgressManager.cpp:227   INFO| tempSaveIndex >
2026-03-15 21:22:57 [LoadTaskScheduler]    ProgressManager.cpp:247   INFO| mainSaveIndex >= 0
2026-03-15 21:22:57 [LoadTaskScheduler] RemoteProfileScreen.cpp:83    INFO| localSaveFileName  :
2026-03-15 21:22:57 [RenderThread    ]      ForgeRenderer.cpp:7037  INFO| Creating pipeline for effect: ShaderEffectType::AddColor blend state 1 depthState 2
2026-03-15 21:22:58 [MainThread      ] RemoteProfileScreen.cpp:828   INFO| Enter Profile Button
2026-03-15 21:22:59 [MainThread      ] RemoteProfileScreen.cpp:512   INFO| Enter StartOrContinueGame
2026-03-15 21:22:59 [MainThread      ] RemoteProfileScreen.cpp:531   INFO| loading CheckPoint
2026-03-15 21:22:59 [MainThread      ]    ProgressManager.cpp:1334  INFO| ProgressManager.load Profile1_Temp.sav IPlatformSaveDevice
2026-03-15 21:22:59 [SmallTaskScheduler]       PCSaveDevice.cpp:321   INFO| Opened save file for reading: Profile1_Temp.sav
2026-03-15 21:22:59 [SmallTaskScheduler]     BinaryLoadData.cpp:12    INFO| Reading 230379 bytes
2026-03-15 21:22:59 [SmallTaskScheduler]     BinaryLoadData.cpp:35    INFO| Checksum expected = ffe075f0, was = ffe075f0
2026-03-15 21:22:59 [MainThread      ]    ProgressManager.cpp:1400  INFO| Load succeeded
2026-03-15 21:22:59 [MainThread      ]                App.cpp:1644  INFO| App.Reset Start
2026-03-15 21:22:59 [MainThread      ]                 Pool.h:210   INFO| Projectile 0 / 217 (max 0) (594kb)
2026-03-15 21:22:59 [MainThread      ]                 Pool.h:210   INFO| HomingProjectile 0 / 108 (max 0) (297kb)
2026-03-15 21:22:59 [MainThread      ]                 Pool.h:210   INFO| BeamProjectile 0 / 81 (max 0) (225kb)
2026-03-15 21:22:59 [MainThread      ]                 Pool.h:210   INFO| LobProjectile 0 / 81 (max 0) (224kb)
2026-03-15 21:22:59 [MainThread      ]                 Pool.h:210   INFO| ArcProjectile 0 / 81 (max 0) (223kb)
2026-03-15 21:22:59 [MainThread      ]                 Pool.h:210   INFO| InstantProjectile 0 / 108 (max 0) (295kb)
2026-03-15 21:22:59 [MainThread      ]                 Pool.h:210   INFO| Effect 0 / 256 (max 0) (79kb)
2026-03-15 21:22:59 [MainThread      ]             LuaExt.cpp:576   INFO| Lua interface destroyed
2026-03-15 21:22:59 [MainThread      ]       AudioManager.cpp:356   INFO| AudioManager.reset
2026-03-15 21:22:59 [MainThread      ]       AudioManager.cpp:3766  INFO| AudioManager.reset, excludeId = -1, fullWipe = true
2026-03-15 21:22:59 [MainThread      ]   GameAssetManager.cpp:894   INFO| Unloading: Launch
2026-03-15 21:22:59 [MainThread      ]   GameAssetManager.cpp:899   INFO| 	Launch bank: 0.00 ms
2026-03-15 21:22:59 [MainThread      ]   GameAssetManager.cpp:906   INFO| 	Launch package: 0.01 ms
2026-03-15 21:22:59 [MainThread      ]   GameAssetManager.cpp:894   INFO| Unloading: MainMenu
2026-03-15 21:22:59 [MainThread      ]   GameAssetManager.cpp:899   INFO| 	MainMenu bank: 0.00 ms
2026-03-15 21:22:59 [MainThread      ]   GameAssetManager.cpp:906   INFO| 	MainMenu package: 0.16 ms
2026-03-15 21:22:59 [MainThread      ]     ProfileManager.cpp:46    INFO| Loading default profile C:\Users\Kutan\Saved Games\Hades II Profile1
2026-03-15 21:22:59 [MainThread      ]     ProfileManager.cpp:192   INFO| ProfileManager::Load(): Profile1 
2026-03-15 21:22:59 [MainThread      ]       PCSaveDevice.cpp:321   INFO| Opened save file for reading: Profile1.sjson
2026-03-15 21:22:59 [MainThread      ]      ConfigOptions.cpp:784   INFO| ConfigOption: BackupSaveCount = 3
2026-03-15 21:22:59 [MainThread      ]      ConfigOptions.cpp:784   INFO| ConfigOption: ControlsResetRevisionViewed = 95285
2026-03-15 21:22:59 [MainThread      ]      ConfigOptions.cpp:784   INFO| ConfigOption: CurrentSettingsCategory = 256
2026-03-15 21:22:59 [MainThread      ]     ProfileManager.cpp:223   INFO| Load profile Profile1.sjson successful
2026-03-15 21:22:59 [MainThread      ]       PCSaveDevice.cpp:321   INFO| Opened save file for reading: GlobalSettingsWin.sjson
2026-03-15 21:22:59 [MainThread      ]      ConfigOptions.cpp:791   INFO| ConfigOption: MasterVolume = 0.904965
2026-03-15 21:22:59 [MainThread      ]      ConfigOptions.cpp:810   INFO| ConfigOption: FpsLimit = 240
2026-03-15 21:22:59 [MainThread      ]      ConfigOptions.cpp:810   INFO| ConfigOption: GraphicsQualityPreset = GraphicsQualityPreset_High
2026-03-15 21:22:59 [MainThread      ]      ConfigOptions.cpp:784   INFO| ConfigOption: NewUpdateSoundRevisionViewed = 133066
2026-03-15 21:22:59 [MainThread      ]      ConfigOptions.cpp:784   INFO| ConfigOption: LastRoadmapRevisionViewed = 133066
2026-03-15 21:22:59 [MainThread      ]      ConfigOptions.cpp:777   INFO| ConfigOption: NoBorder = true
2026-03-15 21:22:59 [MainThread      ]      ConfigOptions.cpp:810   INFO| ConfigOption: GraphicsAdapter = NVIDIA GeForce RTX 4090
2026-03-15 21:22:59 [MainThread      ]      ConfigOptions.cpp:784   INFO| ConfigOption: LastPatchNoteRevisionViewed = 95285
2026-03-15 21:22:59 [MainThread      ]      ConfigOptions.cpp:777   INFO| ConfigOption: FullScreen = true
2026-03-15 21:22:59 [MainThread      ]      ConfigOptions.cpp:784   INFO| ConfigOption: ScreenshotCount = 2
2026-03-15 21:22:59 [MainThread      ]      ConfigOptions.cpp:784   INFO| ConfigOption: Y = 1440
2026-03-15 21:22:59 [MainThread      ]      ConfigOptions.cpp:784   INFO| ConfigOption: X = 3440
2026-03-15 21:22:59 [MainThread      ]      ConfigOptions.cpp:777   INFO| ConfigOption: VSync = false
2026-03-15 21:22:59 [MainThread      ]      ConfigOptions.cpp:777   INFO| ConfigOption: AutoDetectLowResAssets = false
2026-03-15 21:22:59 [MainThread      ]     ProfileManager.cpp:223   INFO| Load profile GlobalSettingsWin.sjson successful
2026-03-15 21:22:59 [MainThread      ]     BinarySaveData.cpp:42    INFO| PrepareForWrite dataSize = 16 bytes
2026-03-15 21:22:59 [MainThread      ]     BinarySaveData.cpp:17    INFO| Writing 16 bytes
2026-03-15 21:22:59 [MainThread      ]      ConfigOptions.cpp:366   INFO| Set GraphicsQualityPreset: GraphicsQualityPreset_High
2026-03-15 21:22:59 [MainThread      ]                App.cpp:1720  INFO| App.Reset Finished
2026-03-15 21:22:59 [MainThread      ]              World.cpp:1373  INFO| World::Begin()  -> F_Combat22
2026-03-15 21:22:59 [MainThread      ]                 Pool.h:210   INFO| Projectile 0 / 217 (max 0) (594kb)
2026-03-15 21:22:59 [MainThread      ]                 Pool.h:210   INFO| HomingProjectile 0 / 108 (max 0) (297kb)
2026-03-15 21:22:59 [MainThread      ]                 Pool.h:210   INFO| BeamProjectile 0 / 81 (max 0) (225kb)
2026-03-15 21:22:59 [MainThread      ]                 Pool.h:210   INFO| LobProjectile 0 / 81 (max 0) (224kb)
2026-03-15 21:22:59 [MainThread      ]                 Pool.h:210   INFO| ArcProjectile 0 / 81 (max 0) (223kb)
2026-03-15 21:22:59 [MainThread      ]                 Pool.h:210   INFO| InstantProjectile 0 / 108 (max 0) (295kb)
2026-03-15 21:22:59 [MainThread      ]                 Pool.h:210   INFO| Effect 0 / 256 (max 0) (79kb)
2026-03-15 21:22:59 [MainThread      ]              World.cpp:1435  INFO| Finished World::Begin (0.006323 seconds)
2026-03-15 21:22:59 [LoadTaskScheduler]              World.cpp:1263  INFO| Started loadMapDataTask (F_Combat22)
2026-03-15 21:22:59 [LoadTaskScheduler]              World.cpp:1298  INFO| Started preScriptLoadTask
2026-03-15 21:22:59 [LoadTaskScheduler]    ProgressManager.cpp:1261  INFO| ProgressManager::LoadLua 229802 -> 915830 3.985300 : 0.004799 s
2026-03-15 21:22:59 [LoadTaskScheduler]              World.cpp:1304  INFO| Finished preScriptLoadTask (0.004817 seconds)
2026-03-15 21:22:59 [LoadTaskScheduler]              World.cpp:1313  INFO| Started loadPackagesTask
2026-03-15 21:22:59 [LoadTaskScheduler]   GameAssetManager.cpp:668   INFO| Loading package: BiomeF.pkg
2026-03-15 21:22:59 [LoadTaskScheduler]   GameAssetManager.cpp:581   INFO| Start reading manifest BiomeF
2026-03-15 21:22:59 [LoadTaskScheduler]   GameAssetManager.cpp:642   INFO| Done reading manifest BiomeF
2026-03-15 21:22:59 [LoadTaskScheduler]     BinaryLoadData.cpp:12    INFO| Reading 225757 bytes
2026-03-15 21:22:59 [LoadTaskScheduler]              World.cpp:1292  INFO| Finished loadMapDataTask (0.012294 seconds)
2026-03-15 21:22:59 [LoadTaskScheduler]              World.cpp:1324  INFO| Started postLoadTask
2026-03-15 21:22:59 [LoadTaskScheduler]   GameAssetManager.cpp:697   INFO| Package Loaded: BiomeF 259Mb in 0.11s
2026-03-15 21:22:59 [LoadTaskScheduler]       AudioManager.cpp:966   INFO| Loading bank: BiomeF
2026-03-15 21:22:59 [LoadTaskScheduler]       AudioManager.cpp:981   INFO| Audio bank loaded successfully: BiomeF (13Mb in 0.04s)
2026-03-15 21:22:59 [LoadTaskScheduler]              World.cpp:1317  INFO| Finished loadPackagesTask (0.154222 seconds)
2026-03-15 21:22:59 [LoadTaskScheduler]              World.cpp:1334  INFO| Done waiting for packages and pre-scripts task
2026-03-15 21:22:59 [LoadTaskScheduler]              World.cpp:1341  INFO| Calling PostLoad
2026-03-15 21:22:59 [LoadTaskScheduler]   GameAssetManager.cpp:668   INFO| Loading package: AphroditeUpgrade.pkg
2026-03-15 21:22:59 [LoadTaskScheduler]              World.cpp:1343  INFO| Finished PostLoad
2026-03-15 21:22:59 [LoadTaskScheduler]              World.cpp:1348  INFO| Finished postLoadTask (0.165521 seconds)
2026-03-15 21:22:59 [MainThread      ]              World.cpp:1359  INFO| Started loadScreen onExit
2026-03-15 21:22:59 [MainThread      ]      ScriptManager.cpp:1001  INFO| Lua GC took 0.03 seconds
2026-03-15 21:22:59 [MainThread      ]   GameAssetManager.cpp:668   INFO| Loading package: WeaponBlink.pkg
2026-03-15 21:22:59 [MainThread      ]   GameAssetManager.cpp:581   INFO| Start reading manifest WeaponBlink
2026-03-15 21:22:59 [MainThread      ]   GameAssetManager.cpp:642   INFO| Done reading manifest WeaponBlink
2026-03-15 21:22:59 [MainThread      ]   GameAssetManager.cpp:697   INFO| Package Loaded: WeaponBlink 2Mb in 0.00s
2026-03-15 21:22:59 [MainThread      ]       AudioManager.cpp:966   INFO| Loading bank: WeaponBlink
2026-03-15 21:22:59 [MainThread      ]       AudioManager.cpp:981   INFO| Audio bank loaded successfully: WeaponBlink (0Mb in 0.03s)
2026-03-15 21:22:59 [MainThread      ]   GameAssetManager.cpp:668   INFO| Loading package: WeaponCast.pkg
2026-03-15 21:22:59 [MainThread      ]   GameAssetManager.cpp:581   INFO| Start reading manifest WeaponCast
2026-03-15 21:22:59 [MainThread      ]   GameAssetManager.cpp:642   INFO| Done reading manifest WeaponCast
2026-03-15 21:22:59 [MainThread      ]   GameAssetManager.cpp:697   INFO| Package Loaded: WeaponCast 36Mb in 0.01s
2026-03-15 21:22:59 [MainThread      ]       AudioManager.cpp:966   INFO| Loading bank: WeaponCast
2026-03-15 21:22:59 [MainThread      ]       AudioManager.cpp:981   INFO| Audio bank loaded successfully: WeaponCast (0Mb in 0.03s)
2026-03-15 21:22:59 [MainThread      ]   GameAssetManager.cpp:668   INFO| Loading package: WeaponAxe.pkg
2026-03-15 21:22:59 [MainThread      ]   GameAssetManager.cpp:581   INFO| Start reading manifest WeaponAxe
2026-03-15 21:22:59 [MainThread      ]   GameAssetManager.cpp:642   INFO| Done reading manifest WeaponAxe
2026-03-15 21:22:59 [MainThread      ]   GameAssetManager.cpp:697   INFO| Package Loaded: WeaponAxe 13Mb in 0.01s
2026-03-15 21:22:59 [MainThread      ]       AudioManager.cpp:966   INFO| Loading bank: WeaponAxe
2026-03-15 21:23:00 [MainThread      ]       AudioManager.cpp:981   INFO| Audio bank loaded successfully: WeaponAxe (0Mb in 0.03s)
2026-03-15 21:23:00 [MainThread      ]              World.cpp:1366  INFO| Finished loadScreen onExit (0.162034 seconds)
2026-03-15 21:23:00 [RenderThread    ]      ForgeRenderer.cpp:7037  INFO| Creating pipeline for effect: ShaderEffectType::ZOnly blend state 1 depthState 4
2026-03-15 21:23:00 [RenderThread    ]      ForgeRenderer.cpp:7037  INFO| Creating pipeline for effect: ShaderEffectType::ShadowMap blend state 5 depthState 2
2026-03-15 21:23:00 [RenderThread    ]      ForgeRenderer.cpp:7037  INFO| Creating pipeline for effect: ShaderEffectType::Lighting3DFast blend state 1 depthState 0
2026-03-15 21:23:00 [RenderThread    ]      ForgeRenderer.cpp:7037  INFO| Creating pipeline for effect: ShaderEffectType::Overlay2D blend state 5 depthState 0
2026-03-15 21:23:00 [RenderThread    ]      ForgeRenderer.cpp:7037  INFO| Creating pipeline for effect: ShaderEffectType::Light blend state 7 depthState 0
2026-03-15 21:23:00 [RenderThread    ]      ForgeRenderer.cpp:7037  INFO| Creating pipeline for effect: ShaderEffectType::Blit2D blend state 7 depthState 2
2026-03-15 21:23:00 [RenderThread    ]      ForgeRenderer.cpp:7037  INFO| Creating pipeline for effect: ShaderEffectType::Lighting3DFast blend state 0 depthState 0
2026-03-15 21:23:00 [RenderThread    ]      ForgeRenderer.cpp:7037  INFO| Creating pipeline for effect: ShaderEffectType::LighterColor2D blend state 5 depthState 0
2026-03-15 21:23:00 [RenderThread    ]      ForgeRenderer.cpp:7037  INFO| Creating pipeline for effect: ShaderEffectType::AddColor blend state 1 depthState 0
2026-03-15 21:23:00 [RenderThread    ]      ForgeRenderer.cpp:7037  INFO| Creating pipeline for effect: ShaderEffectType::Granny3D blend state 1 depthState 3
2026-03-15 21:23:00 [RenderThread    ]      ForgeRenderer.cpp:7037  INFO| Creating pipeline for effect: ShaderEffectType::LightAndShadow blend state 7 depthState 0
2026-03-15 21:23:00 [RenderThread    ]      ForgeRenderer.cpp:7037  INFO| Creating pipeline for effect: ShaderEffectType::Shadow3D blend state 5 depthState 2
2026-03-15 21:23:00 [RenderThread    ]      ForgeRenderer.cpp:7037  INFO| Creating pipeline for effect: ShaderEffectType::ShadowCast3D blend state 1 depthState 2
2026-03-15 21:23:00 [RenderThread    ]      ForgeRenderer.cpp:7037  INFO| Creating pipeline for effect: ShaderEffectType::Granny3DSprite blend state 1 depthState 2
2026-03-15 21:23:00 [RenderThread    ]      ForgeRenderer.cpp:7037  INFO| Creating pipeline for effect: ShaderEffectType::ColorGrading blend state 5 depthState 2
2026-03-15 21:23:00 [RenderThread    ]      ForgeRenderer.cpp:7037  INFO| Creating pipeline for effect: ShaderEffectType::DistanceFieldFancy blend state 1 depthState 0
2026-03-15 21:23:02 [RenderThread    ]      ForgeRenderer.cpp:7037  INFO| Creating pipeline for effect: ShaderEffectType::AddColor blend state 0 depthState 0
2026-03-15 21:23:02 [RenderThread    ]      ForgeRenderer.cpp:7037  INFO| Creating pipeline for effect: ShaderEffectType::Displacement2D blend state 5 depthState 0
2026-03-15 21:23:02 [RenderThread    ]      ForgeRenderer.cpp:7037  INFO| Creating pipeline for effect: ShaderEffectType::MultiplyAndLerp blend state 0 depthState 0
2026-03-15 21:23:04 [RenderThread    ]      ForgeRenderer.cpp:7037  INFO| Creating pipeline for effect: ShaderEffectType::MultiplyAndLerp blend state 1 depthState 0
2026-03-15 21:23:05 [RenderThread    ]      ForgeRenderer.cpp:7037  INFO| Creating pipeline for effect: ShaderEffectType::AddColorMultiplyAndLerp blend state 0 depthState 0
2026-03-15 21:23:17 [RenderThread    ]      ForgeRenderer.cpp:7037  INFO| Creating pipeline for effect: ShaderEffectType::GaussianBlurWithBloomExtract blend state 5 depthState 2
2026-03-15 21:23:17 [RenderThread    ]      ForgeRenderer.cpp:7037  INFO| Creating pipeline for effect: ShaderEffectType::GaussianBlur blend state 5 depthState 2
2026-03-15 21:23:17 [RenderThread    ]      ForgeRenderer.cpp:7037  INFO| Creating pipeline for effect: ShaderEffectType::BloomCombine blend state 5 depthState 2
2026-03-15 21:23:19 [MainThread      ]     BinarySaveData.cpp:42    INFO| PrepareForWrite dataSize = 9 bytes
2026-03-15 21:23:19 [SmallTaskScheduler]     BinarySaveData.cpp:17    INFO| Writing 9 bytes
2026-03-15 21:23:19 [RenderThread    ]      ForgeRenderer.cpp:7037  INFO| Creating pipeline for effect: ShaderEffectType::YUVA blend state 1 depthState 0
2026-03-15 21:23:19 [RenderThread    ]      ForgeRenderer.cpp:7037  INFO| Creating pipeline for effect: ShaderEffectType::DistanceFieldText blend state 1 depthState 0
2026-03-15 21:23:21 [MainThread      ]    ProgressManager.cpp:1106  INFO| Lua::Save() : 0.003366 s
2026-03-15 21:23:21 [MainThread      ]    ProgressManager.cpp:1038  INFO| GatherSaveData : 0.004204 s
2026-03-15 21:23:21 [MainThread      ]     BinarySaveData.cpp:42    INFO| PrepareForWrite dataSize = 230242 bytes
2026-03-15 21:23:21 [MainThread      ]     BinarySaveData.cpp:47    INFO| PrepareForWrite checksum = a847ee0a bytes
2026-03-15 21:23:21 [MainThread      ]     BinarySaveData.cpp:42    INFO| PrepareForWrite dataSize = 9 bytes
2026-03-15 21:23:21 [SmallTaskScheduler]     BinarySaveData.cpp:17    INFO| Writing 230242 bytes
2026-03-15 21:23:21 [SmallTaskScheduler]     BinarySaveData.cpp:17    INFO| Writing 9 bytes
2026-03-15 21:23:27 [MainThread      ]     BinarySaveData.cpp:42    INFO| PrepareForWrite dataSize = 9 bytes
2026-03-15 21:23:27 [SmallTaskScheduler]     BinarySaveData.cpp:17    INFO| Writing 9 bytes
2026-03-15 21:23:27 [MainThread      ]              World.cpp:1373  INFO| World::Begin() F_Combat22 -> F_Combat21
2026-03-15 21:23:27 [MainThread      ]                 Pool.h:210   INFO| Projectile 0 / 217 (max 2) (594kb)
2026-03-15 21:23:27 [MainThread      ]                 Pool.h:210   INFO| HomingProjectile 0 / 108 (max 2) (297kb)
2026-03-15 21:23:27 [MainThread      ]                 Pool.h:210   INFO| BeamProjectile 0 / 81 (max 0) (225kb)
2026-03-15 21:23:27 [MainThread      ]                 Pool.h:210   INFO| LobProjectile 0 / 81 (max 0) (224kb)
2026-03-15 21:23:27 [MainThread      ]                 Pool.h:210   INFO| ArcProjectile 0 / 81 (max 1) (223kb)
2026-03-15 21:23:27 [MainThread      ]                 Pool.h:210   INFO| InstantProjectile 0 / 108 (max 2) (295kb)
2026-03-15 21:23:27 [MainThread      ]                 Pool.h:210   INFO| Effect 0 / 256 (max 13) (79kb)
2026-03-15 21:23:27 [MainThread      ]    ProgressManager.cpp:1106  INFO| Lua::Save() : 0.003898 s
2026-03-15 21:23:27 [MainThread      ]    ProgressManager.cpp:1038  INFO| GatherSaveData : 0.004716 s
2026-03-15 21:23:27 [MainThread      ]     BinarySaveData.cpp:42    INFO| PrepareForWrite dataSize = 230312 bytes
2026-03-15 21:23:27 [MainThread      ]     BinarySaveData.cpp:47    INFO| PrepareForWrite checksum = 5d83c8f0 bytes
2026-03-15 21:23:27 [MainThread      ]              World.cpp:1435  INFO| Finished World::Begin (0.011113 seconds)
2026-03-15 21:23:27 [LoadTaskScheduler]              World.cpp:1263  INFO| Started loadMapDataTask (F_Combat21)
2026-03-15 21:23:27 [LoadTaskScheduler]              World.cpp:1298  INFO| Started preScriptLoadTask
2026-03-15 21:23:27 [LoadTaskScheduler]              World.cpp:1304  INFO| Finished preScriptLoadTask (0.000000 seconds)
2026-03-15 21:23:27 [LoadTaskScheduler]              World.cpp:1313  INFO| Started loadPackagesTask
2026-03-15 21:23:27 [LoadTaskScheduler]              World.cpp:1317  INFO| Finished loadPackagesTask (0.000003 seconds)
2026-03-15 21:23:27 [LoadTaskScheduler]              World.cpp:1324  INFO| Started postLoadTask
2026-03-15 21:23:27 [LoadTaskScheduler]              World.cpp:1334  INFO| Done waiting for packages and pre-scripts task
2026-03-15 21:23:27 [SmallTaskScheduler]     BinarySaveData.cpp:17    INFO| Writing 230312 bytes
2026-03-15 21:23:27 [LoadTaskScheduler]     BinaryLoadData.cpp:12    INFO| Reading 237322 bytes
2026-03-15 21:23:27 [LoadTaskScheduler]              World.cpp:1292  INFO| Finished loadMapDataTask (0.013510 seconds)
2026-03-15 21:23:27 [LoadTaskScheduler]              World.cpp:1341  INFO| Calling PostLoad
2026-03-15 21:23:27 [LoadTaskScheduler]   GameAssetManager.cpp:668   INFO| Loading package: AphroditeUpgrade.pkg
2026-03-15 21:23:27 [LoadTaskScheduler]              World.cpp:1343  INFO| Finished PostLoad
2026-03-15 21:23:27 [LoadTaskScheduler]              World.cpp:1348  INFO| Finished postLoadTask (0.027818 seconds)
2026-03-15 21:23:27 [MainThread      ]              World.cpp:1359  INFO| Started loadScreen onExit
2026-03-15 21:23:27 [MainThread      ]      ScriptManager.cpp:1001  INFO| Lua GC took 0.05 seconds
2026-03-15 21:23:27 [MainThread      ]       AudioManager.cpp:1233  INFO| Voice bank loaded successfully: Hermes (275 lines in 0.010607 seconds)
2026-03-15 21:23:27 [MainThread      ]   GameAssetManager.cpp:668   INFO| Loading package: Hermes.pkg
2026-03-15 21:23:27 [MainThread      ]   GameAssetManager.cpp:581   INFO| Start reading manifest Hermes
2026-03-15 21:23:27 [MainThread      ]   GameAssetManager.cpp:642   INFO| Done reading manifest Hermes
2026-03-15 21:23:27 [MainThread      ]   GameAssetManager.cpp:697   INFO| Package Loaded: Hermes 56Mb in 0.02s
2026-03-15 21:23:27 [MainThread      ]   GameAssetManager.cpp:668   INFO| Loading package: HermesUpgrade.pkg
2026-03-15 21:23:27 [MainThread      ]       AudioManager.cpp:1233  INFO| Voice bank loaded successfully: Selene (469 lines in 0.010780 seconds)
2026-03-15 21:23:27 [MainThread      ]              World.cpp:1366  INFO| Finished loadScreen onExit (0.090246 seconds)
2026-03-15 21:23:29 [RenderThread    ]      ForgeRenderer.cpp:7037  INFO| Creating pipeline for effect: ShaderEffectType::AddColorMultiplyAndLerp blend state 1 depthState 0
2026-03-15 21:23:34 [MainThread      ]     BinarySaveData.cpp:42    INFO| PrepareForWrite dataSize = 9 bytes
2026-03-15 21:23:34 [SmallTaskScheduler]     BinarySaveData.cpp:17    INFO| Writing 9 bytes
2026-03-15 21:23:34 [RenderThread    ]      ForgeRenderer.cpp:7037  INFO| Creating pipeline for effect: ShaderEffectType::RadialBlur blend state 1 depthState 2
2026-03-15 21:23:42 [MainThread      ]   GameAssetManager.cpp:668   INFO| Loading package: HermesUpgrade.pkg
2026-03-15 21:23:45 [RenderThread    ]      ForgeRenderer.cpp:7037  INFO| Creating pipeline for effect: ShaderEffectType::ColorGradingLerp blend state 5 depthState 2
2026-03-15 21:23:46 [RenderThread    ]      ForgeRenderer.cpp:7037  INFO| Creating pipeline for effect: ShaderEffectType::YUVA blend state 0 depthState 0
2026-03-15 21:24:06 [MainThread      ]    ProgressManager.cpp:1106  INFO| Lua::Save() : 0.003706 s
2026-03-15 21:24:06 [MainThread      ]    ProgressManager.cpp:1038  INFO| GatherSaveData : 0.004560 s
2026-03-15 21:24:06 [MainThread      ]     BinarySaveData.cpp:42    INFO| PrepareForWrite dataSize = 236022 bytes
2026-03-15 21:24:06 [MainThread      ]     BinarySaveData.cpp:47    INFO| PrepareForWrite checksum = 9e5a478a bytes
2026-03-15 21:24:06 [MainThread      ]     BinarySaveData.cpp:42    INFO| PrepareForWrite dataSize = 9 bytes
2026-03-15 21:24:06 [SmallTaskScheduler]     BinarySaveData.cpp:17    INFO| Writing 236022 bytes
2026-03-15 21:24:06 [SmallTaskScheduler]     BinarySaveData.cpp:17    INFO| Writing 9 bytes
2026-03-15 21:24:15 [MainThread      ]     BinarySaveData.cpp:42    INFO| PrepareForWrite dataSize = 9 bytes
2026-03-15 21:24:15 [MainThread      ]   GameAssetManager.cpp:894   INFO| Unloading: Hermes
2026-03-15 21:24:15 [MainThread      ]   GameAssetManager.cpp:899   INFO| 	Hermes bank: 0.00 ms
2026-03-15 21:24:15 [MainThread      ]   GameAssetManager.cpp:906   INFO| 	Hermes package: 0.13 ms
2026-03-15 21:24:15 [SmallTaskScheduler]     BinarySaveData.cpp:17    INFO| Writing 9 bytes
2026-03-15 21:24:15 [MainThread      ]              World.cpp:1373  INFO| World::Begin() F_Combat21 -> F_Combat06
2026-03-15 21:24:15 [MainThread      ]                 Pool.h:210   INFO| Projectile 0 / 217 (max 3) (594kb)
2026-03-15 21:24:15 [MainThread      ]                 Pool.h:210   INFO| HomingProjectile 0 / 108 (max 3) (297kb)
2026-03-15 21:24:15 [MainThread      ]                 Pool.h:210   INFO| BeamProjectile 0 / 81 (max 0) (225kb)
2026-03-15 21:24:15 [MainThread      ]                 Pool.h:210   INFO| LobProjectile 0 / 81 (max 0) (224kb)
2026-03-15 21:24:15 [MainThread      ]                 Pool.h:210   INFO| ArcProjectile 0 / 81 (max 1) (223kb)
2026-03-15 21:24:15 [MainThread      ]                 Pool.h:210   INFO| InstantProjectile 0 / 108 (max 2) (295kb)
2026-03-15 21:24:15 [MainThread      ]                 Pool.h:210   INFO| Effect 0 / 256 (max 13) (79kb)
2026-03-15 21:24:15 [MainThread      ]    ProgressManager.cpp:1106  INFO| Lua::Save() : 0.003542 s
2026-03-15 21:24:15 [MainThread      ]    ProgressManager.cpp:1038  INFO| GatherSaveData : 0.004395 s
2026-03-15 21:24:15 [MainThread      ]     BinarySaveData.cpp:42    INFO| PrepareForWrite dataSize = 236397 bytes
2026-03-15 21:24:15 [MainThread      ]     BinarySaveData.cpp:47    INFO| PrepareForWrite checksum = f58bf21 bytes
2026-03-15 21:24:15 [MainThread      ]              World.cpp:1435  INFO| Finished World::Begin (0.011534 seconds)
2026-03-15 21:24:15 [LoadTaskScheduler]              World.cpp:1263  INFO| Started loadMapDataTask (F_Combat06)
2026-03-15 21:24:15 [LoadTaskScheduler]              World.cpp:1298  INFO| Started preScriptLoadTask
2026-03-15 21:24:15 [LoadTaskScheduler]              World.cpp:1304  INFO| Finished preScriptLoadTask (0.000000 seconds)
2026-03-15 21:24:15 [LoadTaskScheduler]              World.cpp:1313  INFO| Started loadPackagesTask
2026-03-15 21:24:15 [SmallTaskScheduler]     BinarySaveData.cpp:17    INFO| Writing 236397 bytes
2026-03-15 21:24:15 [LoadTaskScheduler]              World.cpp:1317  INFO| Finished loadPackagesTask (0.000003 seconds)
2026-03-15 21:24:15 [LoadTaskScheduler]              World.cpp:1324  INFO| Started postLoadTask
2026-03-15 21:24:15 [LoadTaskScheduler]              World.cpp:1334  INFO| Done waiting for packages and pre-scripts task
2026-03-15 21:24:15 [LoadTaskScheduler]     BinaryLoadData.cpp:12    INFO| Reading 196344 bytes
2026-03-15 21:24:15 [LoadTaskScheduler]              World.cpp:1292  INFO| Finished loadMapDataTask (0.012391 seconds)
2026-03-15 21:24:15 [LoadTaskScheduler]              World.cpp:1341  INFO| Calling PostLoad
2026-03-15 21:24:15 [LoadTaskScheduler]   GameAssetManager.cpp:668   INFO| Loading package: HermesUpgrade.pkg
2026-03-15 21:24:15 [LoadTaskScheduler]   GameAssetManager.cpp:668   INFO| Loading package: AphroditeUpgrade.pkg
2026-03-15 21:24:15 [LoadTaskScheduler]       AudioManager.cpp:1273  INFO| Unloaded Voice bank: Hermes in 0.00s
2026-03-15 21:24:15 [LoadTaskScheduler]       AudioManager.cpp:1273  INFO| Unloaded Voice bank: Selene in 0.00s
2026-03-15 21:24:15 [LoadTaskScheduler]              World.cpp:1343  INFO| Finished PostLoad
2026-03-15 21:24:15 [LoadTaskScheduler]              World.cpp:1348  INFO| Finished postLoadTask (0.035428 seconds)
2026-03-15 21:24:16 [MainThread      ]              World.cpp:1359  INFO| Started loadScreen onExit
2026-03-15 21:24:16 [MainThread      ]      ScriptManager.cpp:1001  INFO| Lua GC took 0.03 seconds
2026-03-15 21:24:16 [MainThread      ]              World.cpp:1366  INFO| Finished loadScreen onExit (0.038613 seconds)
2026-03-15 21:24:26 [MainThread      ]     BinarySaveData.cpp:42    INFO| PrepareForWrite dataSize = 9 bytes
2026-03-15 21:24:26 [SmallTaskScheduler]     BinarySaveData.cpp:17    INFO| Writing 9 bytes
2026-03-15 21:24:40 [MainThread      ]    ProgressManager.cpp:1106  INFO| Lua::Save() : 0.003444 s
2026-03-15 21:24:40 [MainThread      ]    ProgressManager.cpp:1038  INFO| GatherSaveData : 0.004310 s
2026-03-15 21:24:40 [MainThread      ]     BinarySaveData.cpp:42    INFO| PrepareForWrite dataSize = 238115 bytes
2026-03-15 21:24:40 [MainThread      ]     BinarySaveData.cpp:47    INFO| PrepareForWrite checksum = 519a797c bytes
2026-03-15 21:24:40 [MainThread      ]     BinarySaveData.cpp:42    INFO| PrepareForWrite dataSize = 9 bytes
2026-03-15 21:24:40 [SmallTaskScheduler]     BinarySaveData.cpp:17    INFO| Writing 238115 bytes
2026-03-15 21:24:40 [SmallTaskScheduler]     BinarySaveData.cpp:17    INFO| Writing 9 bytes
2026-03-15 21:24:49 [MainThread      ]     BinarySaveData.cpp:42    INFO| PrepareForWrite dataSize = 9 bytes
2026-03-15 21:24:49 [SmallTaskScheduler]     BinarySaveData.cpp:17    INFO| Writing 9 bytes
2026-03-15 21:24:49 [MainThread      ]              World.cpp:1373  INFO| World::Begin() F_Combat06 -> F_MiniBoss01
2026-03-15 21:24:49 [MainThread      ]                 Pool.h:210   INFO| Projectile 0 / 217 (max 3) (594kb)
2026-03-15 21:24:49 [MainThread      ]                 Pool.h:210   INFO| HomingProjectile 0 / 108 (max 5) (297kb)
2026-03-15 21:24:49 [MainThread      ]                 Pool.h:210   INFO| BeamProjectile 0 / 81 (max 0) (225kb)
2026-03-15 21:24:49 [MainThread      ]                 Pool.h:210   INFO| LobProjectile 0 / 81 (max 0) (224kb)
2026-03-15 21:24:49 [MainThread      ]                 Pool.h:210   INFO| ArcProjectile 0 / 81 (max 1) (223kb)
2026-03-15 21:24:49 [MainThread      ]                 Pool.h:210   INFO| InstantProjectile 0 / 108 (max 2) (295kb)
2026-03-15 21:24:49 [MainThread      ]                 Pool.h:210   INFO| Effect 0 / 256 (max 17) (79kb)
2026-03-15 21:24:49 [MainThread      ]    ProgressManager.cpp:1106  INFO| Lua::Save() : 0.003558 s
2026-03-15 21:24:49 [MainThread      ]    ProgressManager.cpp:1038  INFO| GatherSaveData : 0.004423 s
2026-03-15 21:24:49 [MainThread      ]     BinarySaveData.cpp:42    INFO| PrepareForWrite dataSize = 237432 bytes
2026-03-15 21:24:49 [MainThread      ]     BinarySaveData.cpp:47    INFO| PrepareForWrite checksum = b0bfc714 bytes
2026-03-15 21:24:49 [MainThread      ]              World.cpp:1435  INFO| Finished World::Begin (0.009584 seconds)
2026-03-15 21:24:49 [LoadTaskScheduler]              World.cpp:1263  INFO| Started loadMapDataTask (F_MiniBoss01)
2026-03-15 21:24:49 [LoadTaskScheduler]              World.cpp:1298  INFO| Started preScriptLoadTask
2026-03-15 21:24:49 [LoadTaskScheduler]              World.cpp:1304  INFO| Finished preScriptLoadTask (0.000000 seconds)
2026-03-15 21:24:49 [SmallTaskScheduler]     BinarySaveData.cpp:17    INFO| Writing 237432 bytes
2026-03-15 21:24:49 [LoadTaskScheduler]              World.cpp:1313  INFO| Started loadPackagesTask
2026-03-15 21:24:49 [LoadTaskScheduler]              World.cpp:1317  INFO| Finished loadPackagesTask (0.000003 seconds)
2026-03-15 21:24:49 [LoadTaskScheduler]              World.cpp:1324  INFO| Started postLoadTask
2026-03-15 21:24:49 [LoadTaskScheduler]              World.cpp:1334  INFO| Done waiting for packages and pre-scripts task
2026-03-15 21:24:49 [LoadTaskScheduler]     BinaryLoadData.cpp:12    INFO| Reading 220930 bytes
2026-03-15 21:24:49 [LoadTaskScheduler]              World.cpp:1292  INFO| Finished loadMapDataTask (0.015317 seconds)
2026-03-15 21:24:49 [LoadTaskScheduler]              World.cpp:1341  INFO| Calling PostLoad
2026-03-15 21:24:49 [LoadTaskScheduler]   GameAssetManager.cpp:668   INFO| Loading package: HermesUpgrade.pkg
2026-03-15 21:24:49 [LoadTaskScheduler]   GameAssetManager.cpp:668   INFO| Loading package: AphroditeUpgrade.pkg
2026-03-15 21:24:49 [LoadTaskScheduler]              World.cpp:1343  INFO| Finished PostLoad
2026-03-15 21:24:49 [LoadTaskScheduler]              World.cpp:1348  INFO| Finished postLoadTask (0.031105 seconds)
2026-03-15 21:24:49 [MainThread      ]              World.cpp:1359  INFO| Started loadScreen onExit
2026-03-15 21:24:49 [MainThread      ]      ScriptManager.cpp:1001  INFO| Lua GC took 0.04 seconds
2026-03-15 21:24:49 [MainThread      ]       AudioManager.cpp:1233  INFO| Voice bank loaded successfully: Zeus (341 lines in 0.012498 seconds)
2026-03-15 21:24:49 [MainThread      ]   GameAssetManager.cpp:668   INFO| Loading package: Zeus.pkg
2026-03-15 21:24:49 [MainThread      ]   GameAssetManager.cpp:581   INFO| Start reading manifest Zeus
2026-03-15 21:24:49 [MainThread      ]   GameAssetManager.cpp:642   INFO| Done reading manifest Zeus
2026-03-15 21:24:49 [MainThread      ]   GameAssetManager.cpp:697   INFO| Package Loaded: Zeus 55Mb in 0.04s
2026-03-15 21:24:49 [MainThread      ]   GameAssetManager.cpp:668   INFO| Loading package: ZeusUpgrade.pkg
2026-03-15 21:24:49 [MainThread      ]       AudioManager.cpp:1233  INFO| Voice bank loaded successfully: Selene (469 lines in 0.000503 seconds)
2026-03-15 21:24:49 [MainThread      ]              World.cpp:1366  INFO| Finished loadScreen onExit (0.102947 seconds)
2026-03-15 21:24:56 [MainThread      ]     BinarySaveData.cpp:42    INFO| PrepareForWrite dataSize = 9 bytes
2026-03-15 21:24:56 [SmallTaskScheduler]     BinarySaveData.cpp:17    INFO| Writing 9 bytes
2026-03-15 21:25:33 [MainThread      ]   GameAssetManager.cpp:668   INFO| Loading package: ZeusUpgrade.pkg
2026-03-15 21:26:01 [MainThread      ]    ProgressManager.cpp:1106  INFO| Lua::Save() : 0.003830 s
2026-03-15 21:26:01 [MainThread      ]    ProgressManager.cpp:1038  INFO| GatherSaveData : 0.004781 s
2026-03-15 21:26:01 [MainThread      ]     BinarySaveData.cpp:42    INFO| PrepareForWrite dataSize = 244827 bytes
2026-03-15 21:26:01 [MainThread      ]     BinarySaveData.cpp:47    INFO| PrepareForWrite checksum = d6c79be7 bytes
2026-03-15 21:26:01 [MainThread      ]     BinarySaveData.cpp:42    INFO| PrepareForWrite dataSize = 9 bytes
2026-03-15 21:26:01 [SmallTaskScheduler]     BinarySaveData.cpp:17    INFO| Writing 244827 bytes
2026-03-15 21:26:01 [SmallTaskScheduler]     BinarySaveData.cpp:17    INFO| Writing 9 bytes
2026-03-15 21:26:08 [MainThread      ]     BinarySaveData.cpp:42    INFO| PrepareForWrite dataSize = 9 bytes
2026-03-15 21:26:08 [MainThread      ]   GameAssetManager.cpp:894   INFO| Unloading: Zeus
2026-03-15 21:26:08 [MainThread      ]   GameAssetManager.cpp:899   INFO| 	Zeus bank: 0.00 ms
2026-03-15 21:26:08 [SmallTaskScheduler]     BinarySaveData.cpp:17    INFO| Writing 9 bytes
2026-03-15 21:26:08 [MainThread      ]   GameAssetManager.cpp:906   INFO| 	Zeus package: 0.23 ms
2026-03-15 21:26:08 [MainThread      ]              World.cpp:1373  INFO| World::Begin() F_MiniBoss01 -> F_Reprieve01
2026-03-15 21:26:08 [MainThread      ]                 Pool.h:210   INFO| Projectile 0 / 217 (max 22) (594kb)
2026-03-15 21:26:08 [MainThread      ]                 Pool.h:210   INFO| HomingProjectile 0 / 108 (max 5) (297kb)
2026-03-15 21:26:08 [MainThread      ]                 Pool.h:210   INFO| BeamProjectile 0 / 81 (max 0) (225kb)
2026-03-15 21:26:08 [MainThread      ]                 Pool.h:210   INFO| LobProjectile 0 / 81 (max 0) (224kb)
2026-03-15 21:26:08 [MainThread      ]                 Pool.h:210   INFO| ArcProjectile 0 / 81 (max 1) (223kb)
2026-03-15 21:26:08 [MainThread      ]                 Pool.h:210   INFO| InstantProjectile 0 / 108 (max 7) (295kb)
2026-03-15 21:26:08 [MainThread      ]                 Pool.h:210   INFO| Effect 0 / 256 (max 17) (79kb)
2026-03-15 21:26:08 [MainThread      ]    ProgressManager.cpp:1106  INFO| Lua::Save() : 0.003688 s
2026-03-15 21:26:08 [MainThread      ]    ProgressManager.cpp:1038  INFO| GatherSaveData : 0.004591 s
2026-03-15 21:26:08 [MainThread      ]     BinarySaveData.cpp:42    INFO| PrepareForWrite dataSize = 244408 bytes
2026-03-15 21:26:08 [MainThread      ]     BinarySaveData.cpp:47    INFO| PrepareForWrite checksum = c8e548d7 bytes
2026-03-15 21:26:08 [MainThread      ]              World.cpp:1435  INFO| Finished World::Begin (0.010522 seconds)
2026-03-15 21:26:08 [LoadTaskScheduler]              World.cpp:1263  INFO| Started loadMapDataTask (F_Reprieve01)
2026-03-15 21:26:08 [LoadTaskScheduler]              World.cpp:1298  INFO| Started preScriptLoadTask
2026-03-15 21:26:08 [LoadTaskScheduler]              World.cpp:1304  INFO| Finished preScriptLoadTask (0.000001 seconds)
2026-03-15 21:26:08 [LoadTaskScheduler]              World.cpp:1313  INFO| Started loadPackagesTask
2026-03-15 21:26:08 [LoadTaskScheduler]              World.cpp:1317  INFO| Finished loadPackagesTask (0.000003 seconds)
2026-03-15 21:26:08 [LoadTaskScheduler]              World.cpp:1324  INFO| Started postLoadTask
2026-03-15 21:26:08 [LoadTaskScheduler]              World.cpp:1334  INFO| Done waiting for packages and pre-scripts task
2026-03-15 21:26:08 [SmallTaskScheduler]     BinarySaveData.cpp:17    INFO| Writing 244408 bytes
2026-03-15 21:26:08 [LoadTaskScheduler]     BinaryLoadData.cpp:12    INFO| Reading 234588 bytes
2026-03-15 21:26:08 [LoadTaskScheduler]              World.cpp:1292  INFO| Finished loadMapDataTask (0.013919 seconds)
2026-03-15 21:26:08 [LoadTaskScheduler]              World.cpp:1341  INFO| Calling PostLoad
2026-03-15 21:26:08 [LoadTaskScheduler]   GameAssetManager.cpp:668   INFO| Loading package: HermesUpgrade.pkg
2026-03-15 21:26:08 [LoadTaskScheduler]   GameAssetManager.cpp:668   INFO| Loading package: ZeusUpgrade.pkg
2026-03-15 21:26:08 [LoadTaskScheduler]   GameAssetManager.cpp:668   INFO| Loading package: AphroditeUpgrade.pkg
2026-03-15 21:26:08 [LoadTaskScheduler]       AudioManager.cpp:1273  INFO| Unloaded Voice bank: Zeus in 0.00s
2026-03-15 21:26:08 [LoadTaskScheduler]       AudioManager.cpp:1273  INFO| Unloaded Voice bank: Selene in 0.00s
2026-03-15 21:26:08 [LoadTaskScheduler]   GameAssetManager.cpp:668   INFO| Loading package: RavenFamiliar.pkg
2026-03-15 21:26:08 [LoadTaskScheduler]   GameAssetManager.cpp:581   INFO| Start reading manifest RavenFamiliar
2026-03-15 21:26:08 [LoadTaskScheduler]   GameAssetManager.cpp:642   INFO| Done reading manifest RavenFamiliar
2026-03-15 21:26:08 [LoadTaskScheduler]   GameAssetManager.cpp:697   INFO| Package Loaded: RavenFamiliar 2Mb in 0.01s
2026-03-15 21:26:08 [LoadTaskScheduler]       AudioManager.cpp:966   INFO| Loading bank: RavenFamiliar
2026-03-15 21:26:08 [LoadTaskScheduler]       AudioManager.cpp:981   INFO| Audio bank loaded successfully: RavenFamiliar (0Mb in 0.03s)
2026-03-15 21:26:08 [LoadTaskScheduler]              World.cpp:1343  INFO| Finished PostLoad
2026-03-15 21:26:08 [LoadTaskScheduler]              World.cpp:1348  INFO| Finished postLoadTask (0.074146 seconds)
2026-03-15 21:26:08 [MainThread      ]              World.cpp:1359  INFO| Started loadScreen onExit
2026-03-15 21:26:08 [MainThread      ]      ScriptManager.cpp:1001  INFO| Lua GC took 0.04 seconds
2026-03-15 21:26:08 [MainThread      ]       AudioManager.cpp:1233  INFO| Voice bank loaded successfully: Selene (469 lines in 0.000546 seconds)
2026-03-15 21:26:08 [MainThread      ]              World.cpp:1366  INFO| Finished loadScreen onExit (0.046340 seconds)
2026-03-15 21:26:46 [MainThread      ]     BinarySaveData.cpp:42    INFO| PrepareForWrite dataSize = 9 bytes
2026-03-15 21:26:46 [SmallTaskScheduler]     BinarySaveData.cpp:17    INFO| Writing 9 bytes
2026-03-15 21:26:46 [MainThread      ]              World.cpp:1373  INFO| World::Begin() F_Reprieve01 -> F_Story01
2026-03-15 21:26:46 [MainThread      ]                 Pool.h:210   INFO| Projectile 0 / 217 (max 22) (594kb)
2026-03-15 21:26:46 [MainThread      ]                 Pool.h:210   INFO| HomingProjectile 0 / 108 (max 5) (297kb)
2026-03-15 21:26:46 [MainThread      ]                 Pool.h:210   INFO| BeamProjectile 0 / 81 (max 0) (225kb)
2026-03-15 21:26:46 [MainThread      ]                 Pool.h:210   INFO| LobProjectile 0 / 81 (max 0) (224kb)
2026-03-15 21:26:46 [MainThread      ]                 Pool.h:210   INFO| ArcProjectile 0 / 81 (max 1) (223kb)
2026-03-15 21:26:46 [MainThread      ]                 Pool.h:210   INFO| InstantProjectile 0 / 108 (max 7) (295kb)
2026-03-15 21:26:46 [MainThread      ]                 Pool.h:210   INFO| Effect 0 / 256 (max 17) (79kb)
2026-03-15 21:26:46 [MainThread      ]    ProgressManager.cpp:1106  INFO| Lua::Save() : 0.003517 s
2026-03-15 21:26:46 [MainThread      ]    ProgressManager.cpp:1038  INFO| GatherSaveData : 0.004388 s
2026-03-15 21:26:46 [MainThread      ]     BinarySaveData.cpp:42    INFO| PrepareForWrite dataSize = 245612 bytes
2026-03-15 21:26:46 [MainThread      ]     BinarySaveData.cpp:47    INFO| PrepareForWrite checksum = 80fd9fc6 bytes
2026-03-15 21:26:46 [MainThread      ]              World.cpp:1435  INFO| Finished World::Begin (0.010373 seconds)
2026-03-15 21:26:46 [LoadTaskScheduler]              World.cpp:1263  INFO| Started loadMapDataTask (F_Story01)
2026-03-15 21:26:46 [LoadTaskScheduler]              World.cpp:1298  INFO| Started preScriptLoadTask
2026-03-15 21:26:46 [LoadTaskScheduler]              World.cpp:1304  INFO| Finished preScriptLoadTask (0.000000 seconds)
2026-03-15 21:26:46 [LoadTaskScheduler]              World.cpp:1313  INFO| Started loadPackagesTask
2026-03-15 21:26:46 [LoadTaskScheduler]              World.cpp:1317  INFO| Finished loadPackagesTask (0.000002 seconds)
2026-03-15 21:26:46 [LoadTaskScheduler]              World.cpp:1324  INFO| Started postLoadTask
2026-03-15 21:26:46 [LoadTaskScheduler]              World.cpp:1334  INFO| Done waiting for packages and pre-scripts task
2026-03-15 21:26:46 [SmallTaskScheduler]     BinarySaveData.cpp:17    INFO| Writing 245612 bytes
2026-03-15 21:26:46 [LoadTaskScheduler]     BinaryLoadData.cpp:12    INFO| Reading 288177 bytes
2026-03-15 21:26:46 [LoadTaskScheduler]              World.cpp:1292  INFO| Finished loadMapDataTask (0.018666 seconds)
2026-03-15 21:26:46 [LoadTaskScheduler]              World.cpp:1341  INFO| Calling PostLoad
2026-03-15 21:26:46 [LoadTaskScheduler]   GameAssetManager.cpp:668   INFO| Loading package: HermesUpgrade.pkg
2026-03-15 21:26:46 [LoadTaskScheduler]   GameAssetManager.cpp:668   INFO| Loading package: ZeusUpgrade.pkg
2026-03-15 21:26:46 [LoadTaskScheduler]   GameAssetManager.cpp:668   INFO| Loading package: AphroditeUpgrade.pkg
2026-03-15 21:26:46 [LoadTaskScheduler]       AudioManager.cpp:1273  INFO| Unloaded Voice bank: Selene in 0.00s
2026-03-15 21:26:46 [LoadTaskScheduler]              World.cpp:1343  INFO| Finished PostLoad
2026-03-15 21:26:46 [LoadTaskScheduler]              World.cpp:1348  INFO| Finished postLoadTask (0.037160 seconds)
2026-03-15 21:26:46 [MainThread      ]              World.cpp:1359  INFO| Started loadScreen onExit
2026-03-15 21:26:46 [MainThread      ]      ScriptManager.cpp:1001  INFO| Lua GC took 0.04 seconds
2026-03-15 21:26:46 [MainThread      ]       AudioManager.cpp:1233  INFO| Voice bank loaded successfully: Selene (469 lines in 0.000549 seconds)
2026-03-15 21:26:46 [MainThread      ]       AudioManager.cpp:1233  INFO| Voice bank loaded successfully: Arachne (378 lines in 0.011423 seconds)
2026-03-15 21:26:46 [MainThread      ]   GameAssetManager.cpp:668   INFO| Loading package: Arachne.pkg
2026-03-15 21:26:46 [MainThread      ]   GameAssetManager.cpp:581   INFO| Start reading manifest Arachne
2026-03-15 21:26:46 [MainThread      ]   GameAssetManager.cpp:642   INFO| Done reading manifest Arachne
2026-03-15 21:26:46 [MainThread      ]   GameAssetManager.cpp:697   INFO| Package Loaded: Arachne 52Mb in 0.02s
2026-03-15 21:26:46 [MainThread      ]              World.cpp:1366  INFO| Finished loadScreen onExit (0.083245 seconds)
2026-03-15 21:27:08 [MainThread      ]     BinarySaveData.cpp:42    INFO| PrepareForWrite dataSize = 9 bytes
2026-03-15 21:27:08 [SmallTaskScheduler]     BinarySaveData.cpp:17    INFO| Writing 9 bytes
2026-03-15 21:27:32 [MainThread      ]     BinarySaveData.cpp:42    INFO| PrepareForWrite dataSize = 9 bytes
2026-03-15 21:27:32 [MainThread      ]   GameAssetManager.cpp:894   INFO| Unloading: Arachne
2026-03-15 21:27:32 [MainThread      ]   GameAssetManager.cpp:899   INFO| 	Arachne bank: 0.00 ms
2026-03-15 21:27:32 [MainThread      ]   GameAssetManager.cpp:906   INFO| 	Arachne package: 0.18 ms
2026-03-15 21:27:32 [SmallTaskScheduler]     BinarySaveData.cpp:17    INFO| Writing 9 bytes
2026-03-15 21:27:32 [MainThread      ]              World.cpp:1373  INFO| World::Begin() F_Story01 -> F_Combat17
2026-03-15 21:27:32 [MainThread      ]                 Pool.h:210   INFO| Projectile 0 / 217 (max 22) (594kb)
2026-03-15 21:27:32 [MainThread      ]                 Pool.h:210   INFO| HomingProjectile 0 / 108 (max 5) (297kb)
2026-03-15 21:27:32 [MainThread      ]                 Pool.h:210   INFO| BeamProjectile 0 / 81 (max 0) (225kb)
2026-03-15 21:27:32 [MainThread      ]                 Pool.h:210   INFO| LobProjectile 0 / 81 (max 0) (224kb)
2026-03-15 21:27:32 [MainThread      ]                 Pool.h:210   INFO| ArcProjectile 0 / 81 (max 1) (223kb)
2026-03-15 21:27:32 [MainThread      ]                 Pool.h:210   INFO| InstantProjectile 0 / 108 (max 7) (295kb)
2026-03-15 21:27:32 [MainThread      ]                 Pool.h:210   INFO| Effect 0 / 256 (max 17) (79kb)
2026-03-15 21:27:32 [MainThread      ]    ProgressManager.cpp:1106  INFO| Lua::Save() : 0.003547 s
2026-03-15 21:27:32 [MainThread      ]    ProgressManager.cpp:1038  INFO| GatherSaveData : 0.004436 s
2026-03-15 21:27:32 [MainThread      ]     BinarySaveData.cpp:42    INFO| PrepareForWrite dataSize = 251188 bytes
2026-03-15 21:27:32 [MainThread      ]     BinarySaveData.cpp:47    INFO| PrepareForWrite checksum = 81166b04 bytes
2026-03-15 21:27:32 [MainThread      ]              World.cpp:1435  INFO| Finished World::Begin (0.011681 seconds)
2026-03-15 21:27:32 [LoadTaskScheduler]              World.cpp:1263  INFO| Started loadMapDataTask (F_Combat17)
2026-03-15 21:27:32 [LoadTaskScheduler]              World.cpp:1298  INFO| Started preScriptLoadTask
2026-03-15 21:27:32 [LoadTaskScheduler]              World.cpp:1304  INFO| Finished preScriptLoadTask (0.000000 seconds)
2026-03-15 21:27:32 [LoadTaskScheduler]              World.cpp:1313  INFO| Started loadPackagesTask
2026-03-15 21:27:32 [LoadTaskScheduler]              World.cpp:1317  INFO| Finished loadPackagesTask (0.000004 seconds)
2026-03-15 21:27:32 [LoadTaskScheduler]              World.cpp:1324  INFO| Started postLoadTask
2026-03-15 21:27:32 [LoadTaskScheduler]              World.cpp:1334  INFO| Done waiting for packages and pre-scripts task
2026-03-15 21:27:32 [SmallTaskScheduler]     BinarySaveData.cpp:17    INFO| Writing 251188 bytes
2026-03-15 21:27:32 [LoadTaskScheduler]     BinaryLoadData.cpp:12    INFO| Reading 259416 bytes
2026-03-15 21:27:32 [LoadTaskScheduler]              World.cpp:1292  INFO| Finished loadMapDataTask (0.013749 seconds)
2026-03-15 21:27:32 [LoadTaskScheduler]              World.cpp:1341  INFO| Calling PostLoad
2026-03-15 21:27:32 [LoadTaskScheduler]   GameAssetManager.cpp:668   INFO| Loading package: HermesUpgrade.pkg
2026-03-15 21:27:32 [LoadTaskScheduler]   GameAssetManager.cpp:668   INFO| Loading package: ZeusUpgrade.pkg
2026-03-15 21:27:32 [LoadTaskScheduler]   GameAssetManager.cpp:668   INFO| Loading package: AphroditeUpgrade.pkg
2026-03-15 21:27:32 [LoadTaskScheduler]       AudioManager.cpp:1273  INFO| Unloaded Voice bank: Arachne in 0.00s
2026-03-15 21:27:32 [LoadTaskScheduler]       AudioManager.cpp:1273  INFO| Unloaded Voice bank: Selene in 0.00s
2026-03-15 21:27:32 [LoadTaskScheduler]              World.cpp:1343  INFO| Finished PostLoad
2026-03-15 21:27:32 [LoadTaskScheduler]              World.cpp:1348  INFO| Finished postLoadTask (0.029644 seconds)
2026-03-15 21:27:32 [MainThread      ]              World.cpp:1359  INFO| Started loadScreen onExit
2026-03-15 21:27:32 [MainThread      ]      ScriptManager.cpp:1001  INFO| Lua GC took 0.04 seconds
2026-03-15 21:27:32 [MainThread      ]              World.cpp:1366  INFO| Finished loadScreen onExit (0.045838 seconds)
2026-03-15 21:27:42 [MainThread      ]     BinarySaveData.cpp:42    INFO| PrepareForWrite dataSize = 9 bytes
2026-03-15 21:27:42 [SmallTaskScheduler]     BinarySaveData.cpp:17    INFO| Writing 9 bytes
2026-03-15 21:28:05 [MainThread      ]    ProgressManager.cpp:1106  INFO| Lua::Save() : 0.003861 s
2026-03-15 21:28:05 [MainThread      ]    ProgressManager.cpp:1038  INFO| GatherSaveData : 0.004814 s
2026-03-15 21:28:05 [MainThread      ]     BinarySaveData.cpp:42    INFO| PrepareForWrite dataSize = 252809 bytes
2026-03-15 21:28:05 [MainThread      ]     BinarySaveData.cpp:47    INFO| PrepareForWrite checksum = 5d44d34a bytes
2026-03-15 21:28:05 [MainThread      ]     BinarySaveData.cpp:42    INFO| PrepareForWrite dataSize = 9 bytes
2026-03-15 21:28:05 [SmallTaskScheduler]     BinarySaveData.cpp:17    INFO| Writing 252809 bytes
2026-03-15 21:28:05 [SmallTaskScheduler]     BinarySaveData.cpp:17    INFO| Writing 9 bytes
2026-03-15 21:28:08 [MainThread      ]     BinarySaveData.cpp:42    INFO| PrepareForWrite dataSize = 9 bytes
2026-03-15 21:28:08 [SmallTaskScheduler]     BinarySaveData.cpp:17    INFO| Writing 9 bytes
2026-03-15 21:28:08 [MainThread      ]              World.cpp:1373  INFO| World::Begin() F_Combat17 -> F_Combat13
2026-03-15 21:28:08 [MainThread      ]                 Pool.h:210   INFO| Projectile 0 / 217 (max 22) (594kb)
2026-03-15 21:28:08 [MainThread      ]                 Pool.h:210   INFO| HomingProjectile 0 / 108 (max 15) (297kb)
2026-03-15 21:28:08 [MainThread      ]                 Pool.h:210   INFO| BeamProjectile 0 / 81 (max 0) (225kb)
2026-03-15 21:28:08 [MainThread      ]                 Pool.h:210   INFO| LobProjectile 0 / 81 (max 0) (224kb)
2026-03-15 21:28:08 [MainThread      ]                 Pool.h:210   INFO| ArcProjectile 0 / 81 (max 1) (223kb)
2026-03-15 21:28:08 [MainThread      ]                 Pool.h:210   INFO| InstantProjectile 0 / 108 (max 7) (295kb)
2026-03-15 21:28:08 [MainThread      ]                 Pool.h:210   INFO| Effect 0 / 256 (max 17) (79kb)
2026-03-15 21:28:08 [MainThread      ]    ProgressManager.cpp:1106  INFO| Lua::Save() : 0.003795 s
2026-03-15 21:28:08 [MainThread      ]    ProgressManager.cpp:1038  INFO| GatherSaveData : 0.004715 s
2026-03-15 21:28:08 [MainThread      ]     BinarySaveData.cpp:42    INFO| PrepareForWrite dataSize = 249568 bytes
2026-03-15 21:28:08 [MainThread      ]     BinarySaveData.cpp:47    INFO| PrepareForWrite checksum = e61ddccd bytes
2026-03-15 21:28:08 [MainThread      ]              World.cpp:1435  INFO| Finished World::Begin (0.012311 seconds)
2026-03-15 21:28:08 [LoadTaskScheduler]              World.cpp:1263  INFO| Started loadMapDataTask (F_Combat13)
2026-03-15 21:28:08 [LoadTaskScheduler]              World.cpp:1298  INFO| Started preScriptLoadTask
2026-03-15 21:28:08 [LoadTaskScheduler]              World.cpp:1304  INFO| Finished preScriptLoadTask (0.000001 seconds)
2026-03-15 21:28:08 [LoadTaskScheduler]              World.cpp:1313  INFO| Started loadPackagesTask
2026-03-15 21:28:08 [LoadTaskScheduler]              World.cpp:1317  INFO| Finished loadPackagesTask (0.000002 seconds)
2026-03-15 21:28:08 [LoadTaskScheduler]              World.cpp:1324  INFO| Started postLoadTask
2026-03-15 21:28:08 [LoadTaskScheduler]              World.cpp:1334  INFO| Done waiting for packages and pre-scripts task
2026-03-15 21:28:08 [SmallTaskScheduler]     BinarySaveData.cpp:17    INFO| Writing 249568 bytes
2026-03-15 21:28:08 [LoadTaskScheduler]     BinaryLoadData.cpp:12    INFO| Reading 200930 bytes
2026-03-15 21:28:08 [LoadTaskScheduler]              World.cpp:1292  INFO| Finished loadMapDataTask (0.014820 seconds)
2026-03-15 21:28:08 [LoadTaskScheduler]              World.cpp:1341  INFO| Calling PostLoad
2026-03-15 21:28:08 [LoadTaskScheduler]   GameAssetManager.cpp:668   INFO| Loading package: HermesUpgrade.pkg
2026-03-15 21:28:08 [LoadTaskScheduler]   GameAssetManager.cpp:668   INFO| Loading package: ZeusUpgrade.pkg
2026-03-15 21:28:08 [LoadTaskScheduler]   GameAssetManager.cpp:668   INFO| Loading package: AphroditeUpgrade.pkg
2026-03-15 21:28:08 [LoadTaskScheduler]              World.cpp:1343  INFO| Finished PostLoad
2026-03-15 21:28:08 [LoadTaskScheduler]              World.cpp:1348  INFO| Finished postLoadTask (0.026928 seconds)
2026-03-15 21:28:08 [MainThread      ]              World.cpp:1359  INFO| Started loadScreen onExit
2026-03-15 21:28:08 [MainThread      ]      ScriptManager.cpp:1001  INFO| Lua GC took 0.05 seconds
2026-03-15 21:28:08 [MainThread      ]              World.cpp:1366  INFO| Finished loadScreen onExit (0.051829 seconds)
2026-03-15 21:28:12 [MainThread      ]     BinarySaveData.cpp:42    INFO| PrepareForWrite dataSize = 9 bytes
2026-03-15 21:28:12 [SmallTaskScheduler]     BinarySaveData.cpp:17    INFO| Writing 9 bytes
2026-03-15 21:28:42 [MainThread      ]    ProgressManager.cpp:1106  INFO| Lua::Save() : 0.003778 s
2026-03-15 21:28:42 [MainThread      ]    ProgressManager.cpp:1038  INFO| GatherSaveData : 0.004703 s
2026-03-15 21:28:42 [MainThread      ]     BinarySaveData.cpp:42    INFO| PrepareForWrite dataSize = 253209 bytes
2026-03-15 21:28:42 [MainThread      ]     BinarySaveData.cpp:47    INFO| PrepareForWrite checksum = f3906bb3 bytes
2026-03-15 21:28:42 [MainThread      ]     BinarySaveData.cpp:42    INFO| PrepareForWrite dataSize = 9 bytes
2026-03-15 21:28:42 [SmallTaskScheduler]     BinarySaveData.cpp:17    INFO| Writing 253209 bytes
2026-03-15 21:28:42 [SmallTaskScheduler]     BinarySaveData.cpp:17    INFO| Writing 9 bytes
2026-03-15 21:28:47 [MainThread      ]     BinarySaveData.cpp:42    INFO| PrepareForWrite dataSize = 9 bytes
2026-03-15 21:28:47 [SmallTaskScheduler]     BinarySaveData.cpp:17    INFO| Writing 9 bytes
2026-03-15 21:28:47 [MainThread      ]              World.cpp:1373  INFO| World::Begin() F_Combat13 -> F_Combat15
2026-03-15 21:28:47 [MainThread      ]                 Pool.h:210   INFO| Projectile 0 / 217 (max 22) (594kb)
2026-03-15 21:28:47 [MainThread      ]                 Pool.h:210   INFO| HomingProjectile 0 / 108 (max 15) (297kb)
2026-03-15 21:28:47 [MainThread      ]                 Pool.h:210   INFO| BeamProjectile 0 / 81 (max 0) (225kb)
2026-03-15 21:28:47 [MainThread      ]                 Pool.h:210   INFO| LobProjectile 0 / 81 (max 0) (224kb)
2026-03-15 21:28:47 [MainThread      ]                 Pool.h:210   INFO| ArcProjectile 0 / 81 (max 2) (223kb)
2026-03-15 21:28:47 [MainThread      ]                 Pool.h:210   INFO| InstantProjectile 0 / 108 (max 7) (295kb)
2026-03-15 21:28:47 [MainThread      ]                 Pool.h:210   INFO| Effect 0 / 256 (max 26) (79kb)
2026-03-15 21:28:47 [MainThread      ]    ProgressManager.cpp:1106  INFO| Lua::Save() : 0.003620 s
2026-03-15 21:28:47 [MainThread      ]    ProgressManager.cpp:1038  INFO| GatherSaveData : 0.004520 s
2026-03-15 21:28:47 [MainThread      ]     BinarySaveData.cpp:42    INFO| PrepareForWrite dataSize = 251821 bytes
2026-03-15 21:28:47 [MainThread      ]     BinarySaveData.cpp:47    INFO| PrepareForWrite checksum = 653411b6 bytes
2026-03-15 21:28:47 [MainThread      ]              World.cpp:1435  INFO| Finished World::Begin (0.009566 seconds)
2026-03-15 21:28:47 [LoadTaskScheduler]              World.cpp:1263  INFO| Started loadMapDataTask (F_Combat15)
2026-03-15 21:28:47 [LoadTaskScheduler]              World.cpp:1298  INFO| Started preScriptLoadTask
2026-03-15 21:28:47 [LoadTaskScheduler]              World.cpp:1304  INFO| Finished preScriptLoadTask (0.000001 seconds)
2026-03-15 21:28:47 [LoadTaskScheduler]              World.cpp:1313  INFO| Started loadPackagesTask
2026-03-15 21:28:47 [LoadTaskScheduler]              World.cpp:1317  INFO| Finished loadPackagesTask (0.000003 seconds)
2026-03-15 21:28:47 [LoadTaskScheduler]              World.cpp:1324  INFO| Started postLoadTask
2026-03-15 21:28:47 [LoadTaskScheduler]              World.cpp:1334  INFO| Done waiting for packages and pre-scripts task
2026-03-15 21:28:47 [SmallTaskScheduler]     BinarySaveData.cpp:17    INFO| Writing 251821 bytes
2026-03-15 21:28:47 [LoadTaskScheduler]     BinaryLoadData.cpp:12    INFO| Reading 181893 bytes
2026-03-15 21:28:47 [LoadTaskScheduler]              World.cpp:1292  INFO| Finished loadMapDataTask (0.013054 seconds)
2026-03-15 21:28:47 [LoadTaskScheduler]              World.cpp:1341  INFO| Calling PostLoad
2026-03-15 21:28:47 [LoadTaskScheduler]   GameAssetManager.cpp:668   INFO| Loading package: HermesUpgrade.pkg
2026-03-15 21:28:47 [LoadTaskScheduler]   GameAssetManager.cpp:668   INFO| Loading package: ZeusUpgrade.pkg
2026-03-15 21:28:47 [LoadTaskScheduler]   GameAssetManager.cpp:668   INFO| Loading package: AphroditeUpgrade.pkg
2026-03-15 21:28:47 [LoadTaskScheduler]              World.cpp:1343  INFO| Finished PostLoad
2026-03-15 21:28:47 [LoadTaskScheduler]              World.cpp:1348  INFO| Finished postLoadTask (0.026959 seconds)
2026-03-15 21:28:47 [MainThread      ]              World.cpp:1359  INFO| Started loadScreen onExit
2026-03-15 21:28:47 [MainThread      ]      ScriptManager.cpp:1001  INFO| Lua GC took 0.04 seconds
2026-03-15 21:28:47 [MainThread      ]              World.cpp:1366  INFO| Finished loadScreen onExit (0.044548 seconds)
2026-03-15 21:29:04 [MainThread      ]     BinarySaveData.cpp:42    INFO| PrepareForWrite dataSize = 9 bytes
2026-03-15 21:29:04 [SmallTaskScheduler]     BinarySaveData.cpp:17    INFO| Writing 9 bytes
2026-03-15 21:29:15 [MainThread      ]    ProgressManager.cpp:1106  INFO| Lua::Save() : 0.003650 s
2026-03-15 21:29:15 [MainThread      ]    ProgressManager.cpp:1038  INFO| GatherSaveData : 0.004567 s
2026-03-15 21:29:15 [MainThread      ]     BinarySaveData.cpp:42    INFO| PrepareForWrite dataSize = 253006 bytes
2026-03-15 21:29:15 [MainThread      ]     BinarySaveData.cpp:47    INFO| PrepareForWrite checksum = 5a484426 bytes
2026-03-15 21:29:15 [MainThread      ]     BinarySaveData.cpp:42    INFO| PrepareForWrite dataSize = 9 bytes
2026-03-15 21:29:15 [SmallTaskScheduler]     BinarySaveData.cpp:17    INFO| Writing 253006 bytes
2026-03-15 21:29:15 [SmallTaskScheduler]     BinarySaveData.cpp:17    INFO| Writing 9 bytes
2026-03-15 21:29:18 [MainThread      ]     BinarySaveData.cpp:42    INFO| PrepareForWrite dataSize = 9 bytes
2026-03-15 21:29:18 [SmallTaskScheduler]     BinarySaveData.cpp:17    INFO| Writing 9 bytes
2026-03-15 21:29:18 [MainThread      ]              World.cpp:1373  INFO| World::Begin() F_Combat15 -> F_PreBoss01
2026-03-15 21:29:18 [MainThread      ]                 Pool.h:210   INFO| Projectile 0 / 217 (max 22) (594kb)
2026-03-15 21:29:18 [MainThread      ]                 Pool.h:210   INFO| HomingProjectile 0 / 108 (max 15) (297kb)
2026-03-15 21:29:18 [MainThread      ]                 Pool.h:210   INFO| BeamProjectile 0 / 81 (max 0) (225kb)
2026-03-15 21:29:18 [MainThread      ]                 Pool.h:210   INFO| LobProjectile 0 / 81 (max 0) (224kb)
2026-03-15 21:29:18 [MainThread      ]                 Pool.h:210   INFO| ArcProjectile 0 / 81 (max 2) (223kb)
2026-03-15 21:29:18 [MainThread      ]                 Pool.h:210   INFO| InstantProjectile 0 / 108 (max 7) (295kb)
2026-03-15 21:29:18 [MainThread      ]                 Pool.h:210   INFO| Effect 0 / 256 (max 26) (79kb)
2026-03-15 21:29:18 [MainThread      ]    ProgressManager.cpp:1106  INFO| Lua::Save() : 0.004204 s
2026-03-15 21:29:18 [MainThread      ]    ProgressManager.cpp:1038  INFO| GatherSaveData : 0.005116 s
2026-03-15 21:29:18 [MainThread      ]     BinarySaveData.cpp:42    INFO| PrepareForWrite dataSize = 254462 bytes
2026-03-15 21:29:18 [MainThread      ]     BinarySaveData.cpp:47    INFO| PrepareForWrite checksum = 21395208 bytes
2026-03-15 21:29:18 [MainThread      ]              World.cpp:1435  INFO| Finished World::Begin (0.011121 seconds)
2026-03-15 21:29:18 [LoadTaskScheduler]              World.cpp:1263  INFO| Started loadMapDataTask (F_PreBoss01)
2026-03-15 21:29:18 [LoadTaskScheduler]              World.cpp:1298  INFO| Started preScriptLoadTask
2026-03-15 21:29:18 [LoadTaskScheduler]              World.cpp:1304  INFO| Finished preScriptLoadTask (0.000000 seconds)
2026-03-15 21:29:18 [LoadTaskScheduler]              World.cpp:1313  INFO| Started loadPackagesTask
2026-03-15 21:29:18 [LoadTaskScheduler]              World.cpp:1317  INFO| Finished loadPackagesTask (0.000003 seconds)
2026-03-15 21:29:18 [LoadTaskScheduler]              World.cpp:1324  INFO| Started postLoadTask
2026-03-15 21:29:18 [LoadTaskScheduler]              World.cpp:1334  INFO| Done waiting for packages and pre-scripts task
2026-03-15 21:29:18 [SmallTaskScheduler]     BinarySaveData.cpp:17    INFO| Writing 254462 bytes
2026-03-15 21:29:18 [LoadTaskScheduler]     BinaryLoadData.cpp:12    INFO| Reading 194833 bytes
2026-03-15 21:29:18 [LoadTaskScheduler]              World.cpp:1292  INFO| Finished loadMapDataTask (0.014933 seconds)
2026-03-15 21:29:18 [LoadTaskScheduler]              World.cpp:1341  INFO| Calling PostLoad
2026-03-15 21:29:18 [LoadTaskScheduler]   GameAssetManager.cpp:668   INFO| Loading package: HermesUpgrade.pkg
2026-03-15 21:29:18 [LoadTaskScheduler]   GameAssetManager.cpp:668   INFO| Loading package: ZeusUpgrade.pkg
2026-03-15 21:29:18 [LoadTaskScheduler]   GameAssetManager.cpp:668   INFO| Loading package: AphroditeUpgrade.pkg
2026-03-15 21:29:18 [LoadTaskScheduler]              World.cpp:1343  INFO| Finished PostLoad
2026-03-15 21:29:18 [LoadTaskScheduler]              World.cpp:1348  INFO| Finished postLoadTask (0.027668 seconds)
2026-03-15 21:29:18 [MainThread      ]              World.cpp:1359  INFO| Started loadScreen onExit
2026-03-15 21:29:19 [MainThread      ]      ScriptManager.cpp:1001  INFO| Lua GC took 0.05 seconds
2026-03-15 21:29:19 [MainThread      ]       AudioManager.cpp:1233  INFO| Voice bank loaded successfully: Selene (469 lines in 0.000531 seconds)
2026-03-15 21:29:19 [MainThread      ]   GameAssetManager.cpp:668   INFO| Loading package: Selene.pkg
2026-03-15 21:29:19 [MainThread      ]   GameAssetManager.cpp:581   INFO| Start reading manifest Selene
2026-03-15 21:29:19 [MainThread      ]   GameAssetManager.cpp:642   INFO| Done reading manifest Selene
2026-03-15 21:29:19 [MainThread      ]   GameAssetManager.cpp:697   INFO| Package Loaded: Selene 56Mb in 0.02s
2026-03-15 21:29:19 [MainThread      ]              World.cpp:1366  INFO| Finished loadScreen onExit (0.068935 seconds)
2026-03-15 21:29:25 [MainThread      ]     BinarySaveData.cpp:42    INFO| PrepareForWrite dataSize = 9 bytes
2026-03-15 21:29:25 [MainThread      ]   GameAssetManager.cpp:894   INFO| Unloading: Selene
2026-03-15 21:29:25 [MainThread      ]   GameAssetManager.cpp:899   INFO| 	Selene bank: 0.00 ms
2026-03-15 21:29:25 [MainThread      ]   GameAssetManager.cpp:906   INFO| 	Selene package: 0.13 ms
2026-03-15 21:29:25 [SmallTaskScheduler]     BinarySaveData.cpp:17    INFO| Writing 9 bytes
2026-03-15 21:29:25 [MainThread      ]              World.cpp:1373  INFO| World::Begin() F_PreBoss01 -> F_Boss01
2026-03-15 21:29:25 [MainThread      ]                 Pool.h:210   INFO| Projectile 0 / 217 (max 22) (594kb)
2026-03-15 21:29:25 [MainThread      ]                 Pool.h:210   INFO| HomingProjectile 0 / 108 (max 15) (297kb)
2026-03-15 21:29:25 [MainThread      ]                 Pool.h:210   INFO| BeamProjectile 0 / 81 (max 0) (225kb)
2026-03-15 21:29:25 [MainThread      ]                 Pool.h:210   INFO| LobProjectile 0 / 81 (max 0) (224kb)
2026-03-15 21:29:25 [MainThread      ]                 Pool.h:210   INFO| ArcProjectile 0 / 81 (max 2) (223kb)
2026-03-15 21:29:25 [MainThread      ]                 Pool.h:210   INFO| InstantProjectile 0 / 108 (max 7) (295kb)
2026-03-15 21:29:25 [MainThread      ]                 Pool.h:210   INFO| Effect 0 / 256 (max 26) (79kb)
2026-03-15 21:29:25 [MainThread      ]    ProgressManager.cpp:1106  INFO| Lua::Save() : 0.003812 s
2026-03-15 21:29:25 [MainThread      ]    ProgressManager.cpp:1038  INFO| GatherSaveData : 0.004738 s
2026-03-15 21:29:25 [MainThread      ]     BinarySaveData.cpp:42    INFO| PrepareForWrite dataSize = 252438 bytes
2026-03-15 21:29:25 [MainThread      ]     BinarySaveData.cpp:47    INFO| PrepareForWrite checksum = 2bf4973b bytes
2026-03-15 21:29:25 [MainThread      ]              World.cpp:1435  INFO| Finished World::Begin (0.011110 seconds)
2026-03-15 21:29:25 [LoadTaskScheduler]              World.cpp:1263  INFO| Started loadMapDataTask (F_Boss01)
2026-03-15 21:29:25 [LoadTaskScheduler]              World.cpp:1298  INFO| Started preScriptLoadTask
2026-03-15 21:29:25 [LoadTaskScheduler]              World.cpp:1304  INFO| Finished preScriptLoadTask (0.000000 seconds)
2026-03-15 21:29:25 [LoadTaskScheduler]              World.cpp:1313  INFO| Started loadPackagesTask
2026-03-15 21:29:25 [LoadTaskScheduler]              World.cpp:1317  INFO| Finished loadPackagesTask (0.000003 seconds)
2026-03-15 21:29:25 [LoadTaskScheduler]              World.cpp:1324  INFO| Started postLoadTask
2026-03-15 21:29:25 [LoadTaskScheduler]              World.cpp:1334  INFO| Done waiting for packages and pre-scripts task
2026-03-15 21:29:25 [SmallTaskScheduler]     BinarySaveData.cpp:17    INFO| Writing 252438 bytes
2026-03-15 21:29:25 [LoadTaskScheduler]     BinaryLoadData.cpp:12    INFO| Reading 279118 bytes
2026-03-15 21:29:25 [LoadTaskScheduler]              World.cpp:1292  INFO| Finished loadMapDataTask (0.014593 seconds)
2026-03-15 21:29:25 [LoadTaskScheduler]              World.cpp:1341  INFO| Calling PostLoad
2026-03-15 21:29:25 [LoadTaskScheduler]   GameAssetManager.cpp:668   INFO| Loading package: HermesUpgrade.pkg
2026-03-15 21:29:25 [LoadTaskScheduler]   GameAssetManager.cpp:668   INFO| Loading package: ZeusUpgrade.pkg
2026-03-15 21:29:25 [LoadTaskScheduler]   GameAssetManager.cpp:668   INFO| Loading package: AphroditeUpgrade.pkg
2026-03-15 21:29:25 [LoadTaskScheduler]       AudioManager.cpp:1273  INFO| Unloaded Voice bank: Selene in 0.00s
2026-03-15 21:29:25 [LoadTaskScheduler]   GameAssetManager.cpp:668   INFO| Loading package: Hecate.pkg
2026-03-15 21:29:25 [LoadTaskScheduler]   GameAssetManager.cpp:581   INFO| Start reading manifest Hecate
2026-03-15 21:29:25 [LoadTaskScheduler]   GameAssetManager.cpp:642   INFO| Done reading manifest Hecate
2026-03-15 21:29:25 [LoadTaskScheduler]   GameAssetManager.cpp:697   INFO| Package Loaded: Hecate 55Mb in 0.02s
2026-03-15 21:29:25 [LoadTaskScheduler]              World.cpp:1343  INFO| Finished PostLoad
2026-03-15 21:29:25 [LoadTaskScheduler]              World.cpp:1348  INFO| Finished postLoadTask (0.048263 seconds)
2026-03-15 21:29:25 [MainThread      ]              World.cpp:1359  INFO| Started loadScreen onExit
2026-03-15 21:29:25 [MainThread      ]      ScriptManager.cpp:1001  INFO| Lua GC took 0.04 seconds
2026-03-15 21:29:25 [MainThread      ]       AudioManager.cpp:1233  INFO| Voice bank loaded successfully: Selene (469 lines in 0.000510 seconds)
2026-03-15 21:29:25 [MainThread      ]       AudioManager.cpp:1233  INFO| Voice bank loaded successfully: Hecate (830 lines in 0.012400 seconds)
2026-03-15 21:29:25 [MainThread      ]       AudioManager.cpp:1233  INFO| Voice bank loaded successfully: HecateField (478 lines in 0.008466 seconds)
2026-03-15 21:29:25 [MainThread      ]              World.cpp:1366  INFO| Finished loadScreen onExit (0.068126 seconds)
2026-03-15 21:30:07 [MainThread      ]     BinarySaveData.cpp:42    INFO| PrepareForWrite dataSize = 9 bytes
2026-03-15 21:30:07 [SmallTaskScheduler]     BinarySaveData.cpp:17    INFO| Writing 9 bytes
2026-03-15 21:32:06 [MainThread      ]    ProgressManager.cpp:1106  INFO| Lua::Save() : 0.003997 s
2026-03-15 21:32:06 [MainThread      ]    ProgressManager.cpp:1038  INFO| GatherSaveData : 0.004929 s
2026-03-15 21:32:06 [MainThread      ]     BinarySaveData.cpp:42    INFO| PrepareForWrite dataSize = 255861 bytes
2026-03-15 21:32:06 [MainThread      ]     BinarySaveData.cpp:47    INFO| PrepareForWrite checksum = b090231f bytes
2026-03-15 21:32:06 [MainThread      ]     BinarySaveData.cpp:42    INFO| PrepareForWrite dataSize = 9 bytes
2026-03-15 21:32:06 [SmallTaskScheduler]     BinarySaveData.cpp:17    INFO| Writing 255861 bytes
2026-03-15 21:32:06 [SmallTaskScheduler]     BinarySaveData.cpp:17    INFO| Writing 9 bytes
2026-03-15 21:32:10 [MainThread      ]     BinarySaveData.cpp:42    INFO| PrepareForWrite dataSize = 9 bytes
2026-03-15 21:32:10 [MainThread      ]   GameAssetManager.cpp:894   INFO| Unloading: Hecate
2026-03-15 21:32:10 [MainThread      ]   GameAssetManager.cpp:899   INFO| 	Hecate bank: 0.00 ms
2026-03-15 21:32:10 [MainThread      ]   GameAssetManager.cpp:906   INFO| 	Hecate package: 0.23 ms
2026-03-15 21:32:10 [SmallTaskScheduler]     BinarySaveData.cpp:17    INFO| Writing 9 bytes
2026-03-15 21:32:10 [MainThread      ]              World.cpp:1373  INFO| World::Begin() F_Boss01 -> F_PostBoss01
2026-03-15 21:32:10 [MainThread      ]                 Pool.h:210   INFO| Projectile 0 / 217 (max 32) (594kb)
2026-03-15 21:32:10 [MainThread      ]                 Pool.h:210   INFO| HomingProjectile 0 / 108 (max 47) (297kb)
2026-03-15 21:32:10 [MainThread      ]                 Pool.h:210   INFO| BeamProjectile 0 / 81 (max 0) (225kb)
2026-03-15 21:32:10 [MainThread      ]                 Pool.h:210   INFO| LobProjectile 0 / 81 (max 0) (224kb)
2026-03-15 21:32:10 [MainThread      ]                 Pool.h:210   INFO| ArcProjectile 0 / 81 (max 2) (223kb)
2026-03-15 21:32:10 [MainThread      ]                 Pool.h:210   INFO| InstantProjectile 0 / 108 (max 7) (295kb)
2026-03-15 21:32:10 [MainThread      ]                 Pool.h:210   INFO| Effect 0 / 256 (max 26) (79kb)
2026-03-15 21:32:10 [MainThread      ]    ProgressManager.cpp:1106  INFO| Lua::Save() : 0.003757 s
2026-03-15 21:32:10 [MainThread      ]    ProgressManager.cpp:1038  INFO| GatherSaveData : 0.004693 s
2026-03-15 21:32:10 [MainThread      ]     BinarySaveData.cpp:42    INFO| PrepareForWrite dataSize = 260686 bytes
2026-03-15 21:32:10 [MainThread      ]     BinarySaveData.cpp:47    INFO| PrepareForWrite checksum = 762a2ae8 bytes
2026-03-15 21:32:10 [MainThread      ]              World.cpp:1435  INFO| Finished World::Begin (0.012225 seconds)
2026-03-15 21:32:10 [LoadTaskScheduler]              World.cpp:1263  INFO| Started loadMapDataTask (F_PostBoss01)
2026-03-15 21:32:10 [LoadTaskScheduler]              World.cpp:1298  INFO| Started preScriptLoadTask
2026-03-15 21:32:10 [LoadTaskScheduler]              World.cpp:1304  INFO| Finished preScriptLoadTask (0.000001 seconds)
2026-03-15 21:32:10 [LoadTaskScheduler]              World.cpp:1313  INFO| Started loadPackagesTask
2026-03-15 21:32:10 [LoadTaskScheduler]              World.cpp:1317  INFO| Finished loadPackagesTask (0.000002 seconds)
2026-03-15 21:32:10 [LoadTaskScheduler]              World.cpp:1324  INFO| Started postLoadTask
2026-03-15 21:32:10 [LoadTaskScheduler]              World.cpp:1334  INFO| Done waiting for packages and pre-scripts task
2026-03-15 21:32:10 [SmallTaskScheduler]     BinarySaveData.cpp:17    INFO| Writing 260686 bytes
2026-03-15 21:32:10 [LoadTaskScheduler]     BinaryLoadData.cpp:12    INFO| Reading 261155 bytes
2026-03-15 21:32:10 [LoadTaskScheduler]              World.cpp:1292  INFO| Finished loadMapDataTask (0.015302 seconds)
2026-03-15 21:32:10 [LoadTaskScheduler]              World.cpp:1341  INFO| Calling PostLoad
2026-03-15 21:32:10 [LoadTaskScheduler]   GameAssetManager.cpp:668   INFO| Loading package: HermesUpgrade.pkg
2026-03-15 21:32:10 [LoadTaskScheduler]   GameAssetManager.cpp:668   INFO| Loading package: ZeusUpgrade.pkg
2026-03-15 21:32:10 [LoadTaskScheduler]   GameAssetManager.cpp:668   INFO| Loading package: AphroditeUpgrade.pkg
2026-03-15 21:32:10 [LoadTaskScheduler]       AudioManager.cpp:1273  INFO| Unloaded Voice bank: Selene in 0.00s
2026-03-15 21:32:10 [LoadTaskScheduler]       AudioManager.cpp:1273  INFO| Unloaded Voice bank: Hecate in 0.00s
2026-03-15 21:32:10 [LoadTaskScheduler]       AudioManager.cpp:1273  INFO| Unloaded Voice bank: HecateField in 0.00s
2026-03-15 21:32:10 [LoadTaskScheduler]              World.cpp:1343  INFO| Finished PostLoad
2026-03-15 21:32:10 [LoadTaskScheduler]              World.cpp:1348  INFO| Finished postLoadTask (0.030931 seconds)
2026-03-15 21:32:10 [MainThread      ]              World.cpp:1359  INFO| Started loadScreen onExit
2026-03-15 21:32:10 [MainThread      ]      ScriptManager.cpp:1001  INFO| Lua GC took 0.04 seconds
2026-03-15 21:32:10 [MainThread      ]       AudioManager.cpp:1233  INFO| Voice bank loaded successfully: Intercom (148 lines in 0.012043 seconds)
2026-03-15 21:32:10 [MainThread      ]       AudioManager.cpp:1233  INFO| Voice bank loaded successfully: AphroditeKeepsake (3 lines in 0.008656 seconds)
2026-03-15 21:32:10 [MainThread      ]       AudioManager.cpp:1233  INFO| Voice bank loaded successfully: ApolloKeepsake (2 lines in 0.007966 seconds)
2026-03-15 21:32:10 [MainThread      ]       AudioManager.cpp:1233  INFO| Voice bank loaded successfully: ArachneKeepsake (2 lines in 0.007331 seconds)
2026-03-15 21:32:10 [MainThread      ]       AudioManager.cpp:1233  INFO| Voice bank loaded successfully: AresKeepsake (2 lines in 0.007711 seconds)
2026-03-15 21:32:10 [MainThread      ]       AudioManager.cpp:1233  INFO| Voice bank loaded successfully: ArtemisKeepsake (2 lines in 0.007240 seconds)
2026-03-15 21:32:10 [MainThread      ]       AudioManager.cpp:1233  INFO| Voice bank loaded successfully: AthenaKeepsake (2 lines in 0.007972 seconds)
2026-03-15 21:32:10 [MainThread      ]       AudioManager.cpp:1233  INFO| Voice bank loaded successfully: ChaosKeepsake (2 lines in 0.009619 seconds)
2026-03-15 21:32:10 [MainThread      ]       AudioManager.cpp:1233  INFO| Voice bank loaded successfully: CharonKeepsake (2 lines in 0.008971 seconds)
2026-03-15 21:32:10 [MainThread      ]       AudioManager.cpp:1233  INFO| Voice bank loaded successfully: ChronosKeepsake (2 lines in 0.008577 seconds)
2026-03-15 21:32:10 [MainThread      ]       AudioManager.cpp:1233  INFO| Voice bank loaded successfully: CirceKeepsake (2 lines in 0.008164 seconds)
2026-03-15 21:32:10 [MainThread      ]       AudioManager.cpp:1233  INFO| Voice bank loaded successfully: DemeterKeepsake (2 lines in 0.007731 seconds)
2026-03-15 21:32:10 [MainThread      ]       AudioManager.cpp:1233  INFO| Voice bank loaded successfully: DionysusKeepsake (2 lines in 0.007053 seconds)
2026-03-15 21:32:10 [MainThread      ]       AudioManager.cpp:1233  INFO| Voice bank loaded successfully: DoraKeepsake (2 lines in 0.007069 seconds)
2026-03-15 21:32:10 [MainThread      ]       AudioManager.cpp:1233  INFO| Voice bank loaded successfully: EchoKeepsake (2 lines in 0.007198 seconds)
2026-03-15 21:32:10 [MainThread      ]       AudioManager.cpp:1233  INFO| Voice bank loaded successfully: ErisKeepsake (2 lines in 0.007225 seconds)
2026-03-15 21:32:10 [MainThread      ]       AudioManager.cpp:1233  INFO| Voice bank loaded successfully: HadesKeepsake (2 lines in 0.007331 seconds)
2026-03-15 21:32:10 [MainThread      ]       AudioManager.cpp:1233  INFO| Voice bank loaded successfully: HecateKeepsake (3 lines in 0.006739 seconds)
2026-03-15 21:32:10 [MainThread      ]       AudioManager.cpp:1233  INFO| Voice bank loaded successfully: HephaestusKeepsake (2 lines in 0.006982 seconds)
2026-03-15 21:32:10 [MainThread      ]       AudioManager.cpp:1233  INFO| Voice bank loaded successfully: HeraclesKeepsake (2 lines in 0.007264 seconds)
2026-03-15 21:32:10 [MainThread      ]       AudioManager.cpp:1233  INFO| Voice bank loaded successfully: HeraKeepsake (4 lines in 0.006689 seconds)
2026-03-15 21:32:10 [MainThread      ]       AudioManager.cpp:1233  INFO| Voice bank loaded successfully: HermesKeepsake (2 lines in 0.007546 seconds)
2026-03-15 21:32:10 [MainThread      ]       AudioManager.cpp:1233  INFO| Voice bank loaded successfully: HestiaKeepsake (2 lines in 0.007314 seconds)
2026-03-15 21:32:10 [MainThread      ]       AudioManager.cpp:1233  INFO| Voice bank loaded successfully: IcarusKeepsake (2 lines in 0.006877 seconds)
2026-03-15 21:32:10 [MainThread      ]       AudioManager.cpp:1233  INFO| Voice bank loaded successfully: MedeaKeepsake (2 lines in 0.007036 seconds)
2026-03-15 21:32:10 [MainThread      ]       AudioManager.cpp:1233  INFO| Voice bank loaded successfully: MorosKeepsake (2 lines in 0.007870 seconds)
2026-03-15 21:32:10 [MainThread      ]       AudioManager.cpp:1233  INFO| Voice bank loaded successfully: NarcissusKeepsake (4 lines in 0.010222 seconds)
2026-03-15 21:32:10 [MainThread      ]       AudioManager.cpp:1233  INFO| Voice bank loaded successfully: NemesisKeepsake (4 lines in 0.008183 seconds)
2026-03-15 21:32:10 [MainThread      ]       AudioManager.cpp:1233  INFO| Voice bank loaded successfully: OdysseusKeepsake (2 lines in 0.007837 seconds)
2026-03-15 21:32:10 [MainThread      ]       AudioManager.cpp:1233  INFO| Voice bank loaded successfully: PersephoneKeepsake (2 lines in 0.007768 seconds)
2026-03-15 21:32:10 [MainThread      ]       AudioManager.cpp:1233  INFO| Voice bank loaded successfully: PoseidonKeepsake (2 lines in 0.007356 seconds)
2026-03-15 21:32:10 [MainThread      ]       AudioManager.cpp:1233  INFO| Voice bank loaded successfully: SeleneKeepsake (2 lines in 0.007746 seconds)
2026-03-15 21:32:10 [MainThread      ]       AudioManager.cpp:1233  INFO| Voice bank loaded successfully: SkellyKeepsake (3 lines in 0.007385 seconds)
2026-03-15 21:32:10 [MainThread      ]       AudioManager.cpp:1233  INFO| Voice bank loaded successfully: ZagreusKeepsake (2 lines in 0.023169 seconds)
2026-03-15 21:32:10 [MainThread      ]       AudioManager.cpp:1233  INFO| Voice bank loaded successfully: ZeusKeepsake (2 lines in 0.008420 seconds)
2026-03-15 21:32:10 [MainThread      ]              World.cpp:1366  INFO| Finished loadScreen onExit (0.339390 seconds)
2026-03-15 21:33:04 [MainThread      ]       AudioManager.cpp:1233  INFO| Voice bank loaded successfully: Odysseus (586 lines in 0.014121 seconds)
2026-03-15 21:33:09 [MainThread      ]   GameAssetManager.cpp:894   INFO| Unloading: BiomeF
2026-03-15 21:33:09 [MainThread      ]   GameAssetManager.cpp:899   INFO| 	BiomeF bank: 0.00 ms
2026-03-15 21:33:09 [MainThread      ]   GameAssetManager.cpp:906   INFO| 	BiomeF package: 2.14 ms
2026-03-15 21:33:09 [MainThread      ]   GameAssetManager.cpp:668   INFO| Loading package: BiomeMap.pkg
2026-03-15 21:33:09 [MainThread      ]   GameAssetManager.cpp:581   INFO| Start reading manifest BiomeMap
2026-03-15 21:33:09 [MainThread      ]   GameAssetManager.cpp:642   INFO| Done reading manifest BiomeMap
2026-03-15 21:33:09 [MainThread      ]   GameAssetManager.cpp:697   INFO| Package Loaded: BiomeMap 76Mb in 0.03s
2026-03-15 21:33:09 [MainThread      ]       AudioManager.cpp:966   INFO| Loading bank: BiomeMap
2026-03-15 21:33:09 [MainThread      ]       AudioManager.cpp:981   INFO| Audio bank loaded successfully: BiomeMap (6Mb in 0.02s)
2026-03-15 21:33:14 [MainThread      ]     BinarySaveData.cpp:42    INFO| PrepareForWrite dataSize = 9 bytes
2026-03-15 21:33:14 [SmallTaskScheduler]     BinarySaveData.cpp:17    INFO| Writing 9 bytes
2026-03-15 21:33:14 [MainThread      ]              World.cpp:1373  INFO| World::Begin() F_PostBoss01 -> G_Intro
2026-03-15 21:33:14 [MainThread      ]                 Pool.h:210   INFO| Projectile 0 / 217 (max 32) (594kb)
2026-03-15 21:33:14 [MainThread      ]                 Pool.h:210   INFO| HomingProjectile 0 / 108 (max 47) (297kb)
2026-03-15 21:33:14 [MainThread      ]                 Pool.h:210   INFO| BeamProjectile 0 / 81 (max 0) (225kb)
2026-03-15 21:33:14 [MainThread      ]                 Pool.h:210   INFO| LobProjectile 0 / 81 (max 0) (224kb)
2026-03-15 21:33:14 [MainThread      ]                 Pool.h:210   INFO| ArcProjectile 0 / 81 (max 2) (223kb)
2026-03-15 21:33:14 [MainThread      ]                 Pool.h:210   INFO| InstantProjectile 0 / 108 (max 7) (295kb)
2026-03-15 21:33:14 [MainThread      ]                 Pool.h:210   INFO| Effect 0 / 256 (max 26) (79kb)
2026-03-15 21:33:14 [MainThread      ]    ProgressManager.cpp:1106  INFO| Lua::Save() : 0.003711 s
2026-03-15 21:33:14 [MainThread      ]    ProgressManager.cpp:1038  INFO| GatherSaveData : 0.004683 s
2026-03-15 21:33:14 [MainThread      ]     BinarySaveData.cpp:42    INFO| PrepareForWrite dataSize = 269061 bytes
2026-03-15 21:33:14 [MainThread      ]     BinarySaveData.cpp:47    INFO| PrepareForWrite checksum = 1acffb3a bytes
2026-03-15 21:33:14 [MainThread      ]   GameAssetManager.cpp:894   INFO| Unloading: BiomeMap
2026-03-15 21:33:14 [MainThread      ]   GameAssetManager.cpp:899   INFO| 	BiomeMap bank: 0.00 ms
2026-03-15 21:33:14 [MainThread      ]   GameAssetManager.cpp:906   INFO| 	BiomeMap package: 0.07 ms
2026-03-15 21:33:14 [MainThread      ]   GameAssetManager.cpp:894   INFO| Unloading: WeaponCast
2026-03-15 21:33:14 [MainThread      ]   GameAssetManager.cpp:899   INFO| 	WeaponCast bank: 0.00 ms
2026-03-15 21:33:14 [SmallTaskScheduler]     BinarySaveData.cpp:17    INFO| Writing 269061 bytes
2026-03-15 21:33:14 [MainThread      ]   GameAssetManager.cpp:906   INFO| 	WeaponCast package: 0.72 ms
2026-03-15 21:33:14 [MainThread      ]   GameAssetManager.cpp:894   INFO| Unloading: WeaponAxe
2026-03-15 21:33:14 [MainThread      ]   GameAssetManager.cpp:899   INFO| 	WeaponAxe bank: 0.00 ms
2026-03-15 21:33:14 [MainThread      ]   GameAssetManager.cpp:906   INFO| 	WeaponAxe package: 0.27 ms
2026-03-15 21:33:14 [MainThread      ]   GameAssetManager.cpp:894   INFO| Unloading: WeaponBlink
2026-03-15 21:33:14 [MainThread      ]   GameAssetManager.cpp:899   INFO| 	WeaponBlink bank: 0.00 ms
2026-03-15 21:33:14 [MainThread      ]   GameAssetManager.cpp:906   INFO| 	WeaponBlink package: 0.07 ms
2026-03-15 21:33:14 [MainThread      ]   GameAssetManager.cpp:894   INFO| Unloading: RavenFamiliar
2026-03-15 21:33:14 [MainThread      ]   GameAssetManager.cpp:899   INFO| 	RavenFamiliar bank: 0.00 ms
2026-03-15 21:33:14 [MainThread      ]   GameAssetManager.cpp:906   INFO| 	RavenFamiliar package: 0.02 ms
2026-03-15 21:33:14 [MainThread      ]              World.cpp:1435  INFO| Finished World::Begin (0.011971 seconds)
2026-03-15 21:33:14 [LoadTaskScheduler]              World.cpp:1263  INFO| Started loadMapDataTask (G_Intro)
2026-03-15 21:33:14 [LoadTaskScheduler]              World.cpp:1298  INFO| Started preScriptLoadTask
2026-03-15 21:33:14 [LoadTaskScheduler]              World.cpp:1304  INFO| Finished preScriptLoadTask (0.000001 seconds)
2026-03-15 21:33:14 [LoadTaskScheduler]              World.cpp:1313  INFO| Started loadPackagesTask
2026-03-15 21:33:14 [LoadTaskScheduler]   GameAssetManager.cpp:668   INFO| Loading package: BiomeG.pkg
2026-03-15 21:33:14 [LoadTaskScheduler]   GameAssetManager.cpp:581   INFO| Start reading manifest BiomeG
2026-03-15 21:33:14 [LoadTaskScheduler]   GameAssetManager.cpp:642   INFO| Done reading manifest BiomeG
2026-03-15 21:33:14 [LoadTaskScheduler]     BinaryLoadData.cpp:12    INFO| Reading 252345 bytes
2026-03-15 21:33:14 [LoadTaskScheduler]              World.cpp:1292  INFO| Finished loadMapDataTask (0.015137 seconds)
2026-03-15 21:33:14 [LoadTaskScheduler]              World.cpp:1324  INFO| Started postLoadTask
2026-03-15 21:33:15 [LoadTaskScheduler]   GameAssetManager.cpp:697   INFO| Package Loaded: BiomeG 315Mb in 0.13s
2026-03-15 21:33:15 [LoadTaskScheduler]       AudioManager.cpp:966   INFO| Loading bank: BiomeG
2026-03-15 21:33:15 [LoadTaskScheduler]       AudioManager.cpp:981   INFO| Audio bank loaded successfully: BiomeG (17Mb in 0.03s)
2026-03-15 21:33:15 [LoadTaskScheduler]              World.cpp:1317  INFO| Finished loadPackagesTask (0.178943 seconds)
2026-03-15 21:33:15 [LoadTaskScheduler]              World.cpp:1334  INFO| Done waiting for packages and pre-scripts task
2026-03-15 21:33:15 [LoadTaskScheduler]              World.cpp:1341  INFO| Calling PostLoad
2026-03-15 21:33:15 [LoadTaskScheduler]   GameAssetManager.cpp:668   INFO| Loading package: HermesUpgrade.pkg
2026-03-15 21:33:15 [LoadTaskScheduler]   GameAssetManager.cpp:668   INFO| Loading package: ZeusUpgrade.pkg
2026-03-15 21:33:15 [LoadTaskScheduler]   GameAssetManager.cpp:668   INFO| Loading package: AphroditeUpgrade.pkg
2026-03-15 21:33:15 [LoadTaskScheduler]       AudioManager.cpp:1273  INFO| Unloaded Voice bank: ZagreusKeepsake in 0.00s
2026-03-15 21:33:15 [LoadTaskScheduler]       AudioManager.cpp:1273  INFO| Unloaded Voice bank: CirceKeepsake in 0.00s
2026-03-15 21:33:15 [LoadTaskScheduler]       AudioManager.cpp:1273  INFO| Unloaded Voice bank: HeraclesKeepsake in 0.00s
2026-03-15 21:33:15 [LoadTaskScheduler]       AudioManager.cpp:1273  INFO| Unloaded Voice bank: EchoKeepsake in 0.00s
2026-03-15 21:33:15 [LoadTaskScheduler]       AudioManager.cpp:1273  INFO| Unloaded Voice bank: ChaosKeepsake in 0.00s
2026-03-15 21:33:15 [LoadTaskScheduler]       AudioManager.cpp:1273  INFO| Unloaded Voice bank: PoseidonKeepsake in 0.00s
2026-03-15 21:33:15 [LoadTaskScheduler]       AudioManager.cpp:1273  INFO| Unloaded Voice bank: HestiaKeepsake in 0.00s
2026-03-15 21:33:15 [LoadTaskScheduler]       AudioManager.cpp:1273  INFO| Unloaded Voice bank: SeleneKeepsake in 0.00s
2026-03-15 21:33:15 [LoadTaskScheduler]       AudioManager.cpp:1273  INFO| Unloaded Voice bank: HecateKeepsake in 0.00s
2026-03-15 21:33:15 [LoadTaskScheduler]       AudioManager.cpp:1273  INFO| Unloaded Voice bank: Odysseus in 0.00s
2026-03-15 21:33:15 [LoadTaskScheduler]       AudioManager.cpp:1273  INFO| Unloaded Voice bank: PersephoneKeepsake in 0.00s
2026-03-15 21:33:15 [LoadTaskScheduler]       AudioManager.cpp:1273  INFO| Unloaded Voice bank: HephaestusKeepsake in 0.00s
2026-03-15 21:33:15 [LoadTaskScheduler]       AudioManager.cpp:1273  INFO| Unloaded Voice bank: Intercom in 0.00s
2026-03-15 21:33:15 [LoadTaskScheduler]       AudioManager.cpp:1273  INFO| Unloaded Voice bank: SkellyKeepsake in 0.00s
2026-03-15 21:33:15 [LoadTaskScheduler]       AudioManager.cpp:1273  INFO| Unloaded Voice bank: ArtemisKeepsake in 0.00s
2026-03-15 21:33:15 [LoadTaskScheduler]       AudioManager.cpp:1273  INFO| Unloaded Voice bank: ErisKeepsake in 0.00s
2026-03-15 21:33:15 [LoadTaskScheduler]       AudioManager.cpp:1273  INFO| Unloaded Voice bank: ArachneKeepsake in 0.00s
2026-03-15 21:33:15 [LoadTaskScheduler]       AudioManager.cpp:1273  INFO| Unloaded Voice bank: IcarusKeepsake in 0.00s
2026-03-15 21:33:15 [LoadTaskScheduler]       AudioManager.cpp:1273  INFO| Unloaded Voice bank: AresKeepsake in 0.00s
2026-03-15 21:33:15 [LoadTaskScheduler]       AudioManager.cpp:1273  INFO| Unloaded Voice bank: DionysusKeepsake in 0.00s
2026-03-15 21:33:15 [LoadTaskScheduler]       AudioManager.cpp:1273  INFO| Unloaded Voice bank: ApolloKeepsake in 0.00s
2026-03-15 21:33:15 [LoadTaskScheduler]       AudioManager.cpp:1273  INFO| Unloaded Voice bank: AthenaKeepsake in 0.00s
2026-03-15 21:33:15 [LoadTaskScheduler]       AudioManager.cpp:1273  INFO| Unloaded Voice bank: MedeaKeepsake in 0.00s
2026-03-15 21:33:15 [LoadTaskScheduler]       AudioManager.cpp:1273  INFO| Unloaded Voice bank: HermesKeepsake in 0.00s
2026-03-15 21:33:15 [LoadTaskScheduler]       AudioManager.cpp:1273  INFO| Unloaded Voice bank: ZeusKeepsake in 0.00s
2026-03-15 21:33:15 [LoadTaskScheduler]       AudioManager.cpp:1273  INFO| Unloaded Voice bank: DoraKeepsake in 0.00s
2026-03-15 21:33:15 [LoadTaskScheduler]       AudioManager.cpp:1273  INFO| Unloaded Voice bank: NemesisKeepsake in 0.00s
2026-03-15 21:33:15 [LoadTaskScheduler]       AudioManager.cpp:1273  INFO| Unloaded Voice bank: ChronosKeepsake in 0.00s
2026-03-15 21:33:15 [LoadTaskScheduler]       AudioManager.cpp:1273  INFO| Unloaded Voice bank: AphroditeKeepsake in 0.00s
2026-03-15 21:33:15 [LoadTaskScheduler]       AudioManager.cpp:1273  INFO| Unloaded Voice bank: HeraKeepsake in 0.00s
2026-03-15 21:33:15 [LoadTaskScheduler]       AudioManager.cpp:1273  INFO| Unloaded Voice bank: NarcissusKeepsake in 0.00s
2026-03-15 21:33:15 [LoadTaskScheduler]       AudioManager.cpp:1273  INFO| Unloaded Voice bank: HadesKeepsake in 0.00s
2026-03-15 21:33:15 [LoadTaskScheduler]       AudioManager.cpp:1273  INFO| Unloaded Voice bank: MorosKeepsake in 0.00s
2026-03-15 21:33:15 [LoadTaskScheduler]       AudioManager.cpp:1273  INFO| Unloaded Voice bank: DemeterKeepsake in 0.00s
2026-03-15 21:33:15 [LoadTaskScheduler]       AudioManager.cpp:1273  INFO| Unloaded Voice bank: OdysseusKeepsake in 0.00s
2026-03-15 21:33:15 [LoadTaskScheduler]       AudioManager.cpp:1273  INFO| Unloaded Voice bank: CharonKeepsake in 0.00s
2026-03-15 21:33:15 [LoadTaskScheduler]              World.cpp:1343  INFO| Finished PostLoad
2026-03-15 21:33:15 [LoadTaskScheduler]              World.cpp:1348  INFO| Finished postLoadTask (0.180507 seconds)
2026-03-15 21:33:15 [MainThread      ]              World.cpp:1359  INFO| Started loadScreen onExit
2026-03-15 21:33:15 [MainThread      ]      ScriptManager.cpp:1001  INFO| Lua GC took 0.04 seconds
2026-03-15 21:33:15 [MainThread      ]   GameAssetManager.cpp:668   INFO| Loading package: WeaponBlink.pkg
2026-03-15 21:33:15 [MainThread      ]   GameAssetManager.cpp:581   INFO| Start reading manifest WeaponBlink
2026-03-15 21:33:15 [MainThread      ]   GameAssetManager.cpp:642   INFO| Done reading manifest WeaponBlink
2026-03-15 21:33:15 [MainThread      ]   GameAssetManager.cpp:697   INFO| Package Loaded: WeaponBlink 2Mb in 0.00s
2026-03-15 21:33:15 [MainThread      ]       AudioManager.cpp:966   INFO| Loading bank: WeaponBlink
2026-03-15 21:33:15 [MainThread      ]       AudioManager.cpp:981   INFO| Audio bank loaded successfully: WeaponBlink (0Mb in 0.03s)
2026-03-15 21:33:15 [MainThread      ]   GameAssetManager.cpp:668   INFO| Loading package: WeaponCast.pkg
2026-03-15 21:33:15 [MainThread      ]   GameAssetManager.cpp:581   INFO| Start reading manifest WeaponCast
2026-03-15 21:33:15 [MainThread      ]   GameAssetManager.cpp:642   INFO| Done reading manifest WeaponCast
2026-03-15 21:33:15 [MainThread      ]   GameAssetManager.cpp:697   INFO| Package Loaded: WeaponCast 36Mb in 0.01s
2026-03-15 21:33:15 [MainThread      ]       AudioManager.cpp:966   INFO| Loading bank: WeaponCast
2026-03-15 21:33:15 [MainThread      ]       AudioManager.cpp:981   INFO| Audio bank loaded successfully: WeaponCast (0Mb in 0.02s)
2026-03-15 21:33:15 [MainThread      ]   GameAssetManager.cpp:668   INFO| Loading package: WeaponAxe.pkg
2026-03-15 21:33:15 [MainThread      ]   GameAssetManager.cpp:581   INFO| Start reading manifest WeaponAxe
2026-03-15 21:33:15 [MainThread      ]   GameAssetManager.cpp:642   INFO| Done reading manifest WeaponAxe
2026-03-15 21:33:15 [MainThread      ]   GameAssetManager.cpp:697   INFO| Package Loaded: WeaponAxe 13Mb in 0.01s
2026-03-15 21:33:15 [MainThread      ]       AudioManager.cpp:966   INFO| Loading bank: WeaponAxe
2026-03-15 21:33:15 [MainThread      ]       AudioManager.cpp:981   INFO| Audio bank loaded successfully: WeaponAxe (0Mb in 0.04s)
2026-03-15 21:33:15 [MainThread      ]       AudioManager.cpp:1233  INFO| Voice bank loaded successfully: Odysseus (586 lines in 0.000582 seconds)
2026-03-15 21:33:15 [MainThread      ]       AudioManager.cpp:1233  INFO| Voice bank loaded successfully: Chaos (353 lines in 0.011759 seconds)
2026-03-15 21:33:15 [MainThread      ]              World.cpp:1366  INFO| Finished loadScreen onExit (0.179811 seconds)
2026-03-15 21:33:15 [RenderThread    ]      ForgeRenderer.cpp:7037  INFO| Creating pipeline for effect: ShaderEffectType::ColorBurn2D blend state 5 depthState 0
2026-03-15 21:33:21 [MainThread      ]     BinarySaveData.cpp:42    INFO| PrepareForWrite dataSize = 9 bytes
2026-03-15 21:33:21 [SmallTaskScheduler]     BinarySaveData.cpp:17    INFO| Writing 9 bytes
2026-03-15 21:33:21 [MainThread      ]              World.cpp:1373  INFO| World::Begin() G_Intro -> G_Combat05
2026-03-15 21:33:21 [MainThread      ]                 Pool.h:210   INFO| Projectile 0 / 217 (max 32) (594kb)
2026-03-15 21:33:21 [MainThread      ]                 Pool.h:210   INFO| HomingProjectile 0 / 108 (max 47) (297kb)
2026-03-15 21:33:21 [MainThread      ]                 Pool.h:210   INFO| BeamProjectile 0 / 81 (max 0) (225kb)
2026-03-15 21:33:21 [MainThread      ]                 Pool.h:210   INFO| LobProjectile 0 / 81 (max 0) (224kb)
2026-03-15 21:33:21 [MainThread      ]                 Pool.h:210   INFO| ArcProjectile 0 / 81 (max 2) (223kb)
2026-03-15 21:33:21 [MainThread      ]                 Pool.h:210   INFO| InstantProjectile 0 / 108 (max 7) (295kb)
2026-03-15 21:33:21 [MainThread      ]                 Pool.h:210   INFO| Effect 0 / 256 (max 26) (79kb)
2026-03-15 21:33:21 [MainThread      ]    ProgressManager.cpp:1106  INFO| Lua::Save() : 0.004234 s
2026-03-15 21:33:21 [MainThread      ]    ProgressManager.cpp:1038  INFO| GatherSaveData : 0.005203 s
2026-03-15 21:33:21 [MainThread      ]     BinarySaveData.cpp:42    INFO| PrepareForWrite dataSize = 261565 bytes
2026-03-15 21:33:21 [MainThread      ]     BinarySaveData.cpp:47    INFO| PrepareForWrite checksum = 20c42915 bytes
2026-03-15 21:33:21 [MainThread      ]              World.cpp:1435  INFO| Finished World::Begin (0.012057 seconds)
2026-03-15 21:33:21 [LoadTaskScheduler]              World.cpp:1298  INFO| Started preScriptLoadTask
2026-03-15 21:33:21 [LoadTaskScheduler]              World.cpp:1304  INFO| Finished preScriptLoadTask (0.000001 seconds)
2026-03-15 21:33:21 [LoadTaskScheduler]              World.cpp:1313  INFO| Started loadPackagesTask
2026-03-15 21:33:21 [LoadTaskScheduler]              World.cpp:1263  INFO| Started loadMapDataTask (G_Combat05)
2026-03-15 21:33:21 [LoadTaskScheduler]              World.cpp:1317  INFO| Finished loadPackagesTask (0.000003 seconds)
2026-03-15 21:33:21 [LoadTaskScheduler]              World.cpp:1324  INFO| Started postLoadTask
2026-03-15 21:33:21 [LoadTaskScheduler]              World.cpp:1334  INFO| Done waiting for packages and pre-scripts task
2026-03-15 21:33:21 [SmallTaskScheduler]     BinarySaveData.cpp:17    INFO| Writing 261565 bytes
2026-03-15 21:33:21 [LoadTaskScheduler]     BinaryLoadData.cpp:12    INFO| Reading 126356 bytes
2026-03-15 21:33:21 [LoadTaskScheduler]              World.cpp:1292  INFO| Finished loadMapDataTask (0.014378 seconds)
2026-03-15 21:33:21 [LoadTaskScheduler]              World.cpp:1341  INFO| Calling PostLoad
2026-03-15 21:33:21 [LoadTaskScheduler]   GameAssetManager.cpp:668   INFO| Loading package: HermesUpgrade.pkg
2026-03-15 21:33:21 [LoadTaskScheduler]   GameAssetManager.cpp:668   INFO| Loading package: ZeusUpgrade.pkg
2026-03-15 21:33:21 [LoadTaskScheduler]   GameAssetManager.cpp:668   INFO| Loading package: AphroditeUpgrade.pkg
2026-03-15 21:33:21 [LoadTaskScheduler]       AudioManager.cpp:1273  INFO| Unloaded Voice bank: Odysseus in 0.00s
2026-03-15 21:33:21 [LoadTaskScheduler]       AudioManager.cpp:1273  INFO| Unloaded Voice bank: Chaos in 0.00s
2026-03-15 21:33:21 [LoadTaskScheduler]              World.cpp:1343  INFO| Finished PostLoad
2026-03-15 21:33:21 [LoadTaskScheduler]              World.cpp:1348  INFO| Finished postLoadTask (0.027371 seconds)
2026-03-15 21:33:22 [MainThread      ]              World.cpp:1359  INFO| Started loadScreen onExit
2026-03-15 21:33:22 [MainThread      ]      ScriptManager.cpp:1001  INFO| Lua GC took 0.05 seconds
2026-03-15 21:33:22 [MainThread      ]       AudioManager.cpp:1233  INFO| Voice bank loaded successfully: Odysseus (586 lines in 0.000804 seconds)
2026-03-15 21:33:22 [MainThread      ]              World.cpp:1366  INFO| Finished loadScreen onExit (0.051012 seconds)
2026-03-15 21:33:40 [MainThread      ]    ProgressManager.cpp:1106  INFO| Lua::Save() : 0.004027 s
2026-03-15 21:33:40 [MainThread      ]    ProgressManager.cpp:1038  INFO| GatherSaveData : 0.004976 s
2026-03-15 21:33:40 [MainThread      ]     BinarySaveData.cpp:42    INFO| PrepareForWrite dataSize = 263152 bytes
2026-03-15 21:33:40 [MainThread      ]     BinarySaveData.cpp:47    INFO| PrepareForWrite checksum = ee9ad354 bytes
2026-03-15 21:33:40 [MainThread      ]     BinarySaveData.cpp:42    INFO| PrepareForWrite dataSize = 9 bytes
2026-03-15 21:33:40 [SmallTaskScheduler]     BinarySaveData.cpp:17    INFO| Writing 263152 bytes
2026-03-15 21:33:40 [SmallTaskScheduler]     BinarySaveData.cpp:17    INFO| Writing 9 bytes
2026-03-15 21:33:40 [MainThread      ]     BinarySaveData.cpp:42    INFO| PrepareForWrite dataSize = 9 bytes
2026-03-15 21:33:40 [SmallTaskScheduler]     BinarySaveData.cpp:17    INFO| Writing 9 bytes
2026-03-15 21:33:55 [MainThread      ]     BinarySaveData.cpp:42    INFO| PrepareForWrite dataSize = 9 bytes
2026-03-15 21:33:55 [SmallTaskScheduler]     BinarySaveData.cpp:17    INFO| Writing 9 bytes
2026-03-15 21:33:55 [MainThread      ]              World.cpp:1373  INFO| World::Begin() G_Combat05 -> G_Combat07
2026-03-15 21:33:55 [MainThread      ]                 Pool.h:210   INFO| Projectile 0 / 217 (max 32) (594kb)
2026-03-15 21:33:55 [MainThread      ]                 Pool.h:210   INFO| HomingProjectile 0 / 108 (max 47) (297kb)
2026-03-15 21:33:55 [MainThread      ]                 Pool.h:210   INFO| BeamProjectile 0 / 81 (max 0) (225kb)
2026-03-15 21:33:55 [MainThread      ]                 Pool.h:210   INFO| LobProjectile 0 / 81 (max 0) (224kb)
2026-03-15 21:33:55 [MainThread      ]                 Pool.h:210   INFO| ArcProjectile 0 / 81 (max 4) (223kb)
2026-03-15 21:33:55 [MainThread      ]                 Pool.h:210   INFO| InstantProjectile 0 / 108 (max 7) (295kb)
2026-03-15 21:33:55 [MainThread      ]                 Pool.h:210   INFO| Effect 0 / 256 (max 26) (79kb)
2026-03-15 21:33:55 [MainThread      ]    ProgressManager.cpp:1106  INFO| Lua::Save() : 0.004187 s
2026-03-15 21:33:55 [MainThread      ]    ProgressManager.cpp:1038  INFO| GatherSaveData : 0.005135 s
2026-03-15 21:33:55 [MainThread      ]     BinarySaveData.cpp:42    INFO| PrepareForWrite dataSize = 261364 bytes
2026-03-15 21:33:55 [MainThread      ]     BinarySaveData.cpp:47    INFO| PrepareForWrite checksum = d147eaa0 bytes
2026-03-15 21:33:55 [MainThread      ]              World.cpp:1435  INFO| Finished World::Begin (0.009001 seconds)
2026-03-15 21:33:55 [LoadTaskScheduler]              World.cpp:1263  INFO| Started loadMapDataTask (G_Combat07)
2026-03-15 21:33:55 [LoadTaskScheduler]              World.cpp:1298  INFO| Started preScriptLoadTask
2026-03-15 21:33:55 [LoadTaskScheduler]              World.cpp:1304  INFO| Finished preScriptLoadTask (0.000000 seconds)
2026-03-15 21:33:55 [LoadTaskScheduler]              World.cpp:1313  INFO| Started loadPackagesTask
2026-03-15 21:33:55 [LoadTaskScheduler]              World.cpp:1317  INFO| Finished loadPackagesTask (0.000003 seconds)
2026-03-15 21:33:55 [LoadTaskScheduler]              World.cpp:1324  INFO| Started postLoadTask
2026-03-15 21:33:55 [LoadTaskScheduler]              World.cpp:1334  INFO| Done waiting for packages and pre-scripts task
2026-03-15 21:33:55 [SmallTaskScheduler]     BinarySaveData.cpp:17    INFO| Writing 261364 bytes
2026-03-15 21:33:55 [LoadTaskScheduler]     BinaryLoadData.cpp:12    INFO| Reading 205697 bytes
2026-03-15 21:33:55 [LoadTaskScheduler]              World.cpp:1292  INFO| Finished loadMapDataTask (0.014587 seconds)
2026-03-15 21:33:55 [LoadTaskScheduler]              World.cpp:1341  INFO| Calling PostLoad
2026-03-15 21:33:55 [LoadTaskScheduler]   GameAssetManager.cpp:668   INFO| Loading package: HermesUpgrade.pkg
2026-03-15 21:33:55 [LoadTaskScheduler]   GameAssetManager.cpp:668   INFO| Loading package: ZeusUpgrade.pkg
2026-03-15 21:33:55 [LoadTaskScheduler]   GameAssetManager.cpp:668   INFO| Loading package: AphroditeUpgrade.pkg
2026-03-15 21:33:55 [LoadTaskScheduler]       AudioManager.cpp:1273  INFO| Unloaded Voice bank: Odysseus in 0.00s
2026-03-15 21:33:55 [LoadTaskScheduler]              World.cpp:1343  INFO| Finished PostLoad
2026-03-15 21:33:55 [LoadTaskScheduler]              World.cpp:1348  INFO| Finished postLoadTask (0.027515 seconds)
2026-03-15 21:33:55 [MainThread      ]              World.cpp:1359  INFO| Started loadScreen onExit
2026-03-15 21:33:55 [MainThread      ]      ScriptManager.cpp:1001  INFO| Lua GC took 0.05 seconds
2026-03-15 21:33:55 [MainThread      ]       AudioManager.cpp:1233  INFO| Voice bank loaded successfully: Selene (469 lines in 0.000701 seconds)
2026-03-15 21:33:55 [MainThread      ]   GameAssetManager.cpp:668   INFO| Loading package: Selene.pkg
2026-03-15 21:33:55 [MainThread      ]   GameAssetManager.cpp:581   INFO| Start reading manifest Selene
2026-03-15 21:33:55 [MainThread      ]   GameAssetManager.cpp:642   INFO| Done reading manifest Selene
2026-03-15 21:33:55 [MainThread      ]   GameAssetManager.cpp:697   INFO| Package Loaded: Selene 56Mb in 0.02s
2026-03-15 21:33:55 [MainThread      ]       AudioManager.cpp:1233  INFO| Voice bank loaded successfully: Odysseus (586 lines in 0.000674 seconds)
2026-03-15 21:33:55 [MainThread      ]              World.cpp:1366  INFO| Finished loadScreen onExit (0.073453 seconds)
2026-03-15 21:34:01 [MainThread      ]     BinarySaveData.cpp:42    INFO| PrepareForWrite dataSize = 9 bytes
2026-03-15 21:34:01 [SmallTaskScheduler]     BinarySaveData.cpp:17    INFO| Writing 9 bytes
2026-03-15 21:34:41 [MainThread      ]   GameAssetManager.cpp:668   INFO| Loading package: WeaponSpellTimeSlow.pkg
2026-03-15 21:34:42 [MainThread      ]    ProgressManager.cpp:1106  INFO| Lua::Save() : 0.003791 s
2026-03-15 21:34:42 [MainThread      ]    ProgressManager.cpp:1038  INFO| GatherSaveData : 0.004919 s
2026-03-15 21:34:42 [MainThread      ]     BinarySaveData.cpp:42    INFO| PrepareForWrite dataSize = 261872 bytes
2026-03-15 21:34:42 [MainThread      ]     BinarySaveData.cpp:47    INFO| PrepareForWrite checksum = 47c900f bytes
2026-03-15 21:34:42 [MainThread      ]     BinarySaveData.cpp:42    INFO| PrepareForWrite dataSize = 9 bytes
2026-03-15 21:34:42 [SmallTaskScheduler]     BinarySaveData.cpp:17    INFO| Writing 261872 bytes
2026-03-15 21:34:42 [SmallTaskScheduler]     BinarySaveData.cpp:17    INFO| Writing 9 bytes
2026-03-15 21:34:48 [MainThread      ]     BinarySaveData.cpp:42    INFO| PrepareForWrite dataSize = 9 bytes
2026-03-15 21:34:48 [MainThread      ]   GameAssetManager.cpp:894   INFO| Unloading: Selene
2026-03-15 21:34:48 [MainThread      ]   GameAssetManager.cpp:899   INFO| 	Selene bank: 0.00 ms
2026-03-15 21:34:48 [MainThread      ]   GameAssetManager.cpp:906   INFO| 	Selene package: 0.14 ms
2026-03-15 21:34:48 [SmallTaskScheduler]     BinarySaveData.cpp:17    INFO| Writing 9 bytes
2026-03-15 21:34:48 [MainThread      ]              World.cpp:1373  INFO| World::Begin() G_Combat07 -> G_Story01
2026-03-15 21:34:48 [MainThread      ]                 Pool.h:210   INFO| Projectile 0 / 217 (max 32) (594kb)
2026-03-15 21:34:48 [MainThread      ]                 Pool.h:210   INFO| HomingProjectile 0 / 108 (max 47) (297kb)
2026-03-15 21:34:48 [MainThread      ]                 Pool.h:210   INFO| BeamProjectile 0 / 81 (max 0) (225kb)
2026-03-15 21:34:48 [MainThread      ]                 Pool.h:210   INFO| LobProjectile 0 / 81 (max 0) (224kb)
2026-03-15 21:34:48 [MainThread      ]                 Pool.h:210   INFO| ArcProjectile 0 / 81 (max 4) (223kb)
2026-03-15 21:34:48 [MainThread      ]                 Pool.h:210   INFO| InstantProjectile 0 / 108 (max 7) (295kb)
2026-03-15 21:34:48 [MainThread      ]                 Pool.h:210   INFO| Effect 0 / 256 (max 39) (79kb)
2026-03-15 21:34:48 [MainThread      ]    ProgressManager.cpp:1106  INFO| Lua::Save() : 0.003910 s
2026-03-15 21:34:48 [MainThread      ]    ProgressManager.cpp:1038  INFO| GatherSaveData : 0.004859 s
2026-03-15 21:34:48 [MainThread      ]     BinarySaveData.cpp:42    INFO| PrepareForWrite dataSize = 263214 bytes
2026-03-15 21:34:48 [MainThread      ]     BinarySaveData.cpp:47    INFO| PrepareForWrite checksum = c5bf7e78 bytes
2026-03-15 21:34:48 [MainThread      ]              World.cpp:1435  INFO| Finished World::Begin (0.010698 seconds)
2026-03-15 21:34:48 [LoadTaskScheduler]              World.cpp:1298  INFO| Started preScriptLoadTask
2026-03-15 21:34:48 [LoadTaskScheduler]              World.cpp:1304  INFO| Finished preScriptLoadTask (0.000000 seconds)
2026-03-15 21:34:48 [LoadTaskScheduler]              World.cpp:1313  INFO| Started loadPackagesTask
2026-03-15 21:34:48 [LoadTaskScheduler]              World.cpp:1263  INFO| Started loadMapDataTask (G_Story01)
2026-03-15 21:34:48 [LoadTaskScheduler]              World.cpp:1317  INFO| Finished loadPackagesTask (0.000003 seconds)
2026-03-15 21:34:48 [LoadTaskScheduler]              World.cpp:1324  INFO| Started postLoadTask
2026-03-15 21:34:48 [LoadTaskScheduler]              World.cpp:1334  INFO| Done waiting for packages and pre-scripts task
2026-03-15 21:34:48 [SmallTaskScheduler]     BinarySaveData.cpp:17    INFO| Writing 263214 bytes
2026-03-15 21:34:48 [LoadTaskScheduler]     BinaryLoadData.cpp:12    INFO| Reading 289058 bytes
2026-03-15 21:34:48 [LoadTaskScheduler]              World.cpp:1292  INFO| Finished loadMapDataTask (0.014586 seconds)
2026-03-15 21:34:48 [LoadTaskScheduler]              World.cpp:1341  INFO| Calling PostLoad
2026-03-15 21:34:48 [LoadTaskScheduler]   GameAssetManager.cpp:668   INFO| Loading package: HermesUpgrade.pkg
2026-03-15 21:34:48 [LoadTaskScheduler]   GameAssetManager.cpp:668   INFO| Loading package: ZeusUpgrade.pkg
2026-03-15 21:34:48 [LoadTaskScheduler]   GameAssetManager.cpp:668   INFO| Loading package: AphroditeUpgrade.pkg
2026-03-15 21:34:48 [LoadTaskScheduler]       AudioManager.cpp:1273  INFO| Unloaded Voice bank: Odysseus in 0.00s
2026-03-15 21:34:48 [LoadTaskScheduler]       AudioManager.cpp:1273  INFO| Unloaded Voice bank: Selene in 0.00s
2026-03-15 21:34:48 [LoadTaskScheduler]              World.cpp:1343  INFO| Finished PostLoad
2026-03-15 21:34:48 [LoadTaskScheduler]              World.cpp:1348  INFO| Finished postLoadTask (0.031272 seconds)
2026-03-15 21:34:48 [MainThread      ]              World.cpp:1359  INFO| Started loadScreen onExit
2026-03-15 21:34:48 [MainThread      ]      ScriptManager.cpp:1001  INFO| Lua GC took 0.05 seconds
2026-03-15 21:34:48 [MainThread      ]       AudioManager.cpp:1233  INFO| Voice bank loaded successfully: Odysseus (586 lines in 0.000774 seconds)
2026-03-15 21:34:48 [MainThread      ]   GameAssetManager.cpp:668   INFO| Loading package: WeaponSpellTimeSlow.pkg
2026-03-15 21:34:48 [MainThread      ]       AudioManager.cpp:1233  INFO| Voice bank loaded successfully: Selene (469 lines in 0.000418 seconds)
2026-03-15 21:34:48 [MainThread      ]       AudioManager.cpp:1233  INFO| Voice bank loaded successfully: Narcissus (300 lines in 0.010515 seconds)
2026-03-15 21:34:48 [MainThread      ]   GameAssetManager.cpp:668   INFO| Loading package: Narcissus.pkg
2026-03-15 21:34:48 [MainThread      ]   GameAssetManager.cpp:581   INFO| Start reading manifest Narcissus
2026-03-15 21:34:48 [MainThread      ]   GameAssetManager.cpp:642   INFO| Done reading manifest Narcissus
2026-03-15 21:34:48 [MainThread      ]   GameAssetManager.cpp:697   INFO| Package Loaded: Narcissus 54Mb in 0.03s
2026-03-15 21:34:48 [MainThread      ]              World.cpp:1366  INFO| Finished loadScreen onExit (0.093193 seconds)
2026-03-15 21:35:28 [MainThread      ]     BinarySaveData.cpp:42    INFO| PrepareForWrite dataSize = 9 bytes
2026-03-15 21:35:28 [SmallTaskScheduler]     BinarySaveData.cpp:17    INFO| Writing 9 bytes
2026-03-15 21:35:56 [MainThread      ]     BinarySaveData.cpp:42    INFO| PrepareForWrite dataSize = 9 bytes
2026-03-15 21:35:56 [MainThread      ]   GameAssetManager.cpp:894   INFO| Unloading: Narcissus
2026-03-15 21:35:56 [MainThread      ]   GameAssetManager.cpp:899   INFO| 	Narcissus bank: 0.00 ms
2026-03-15 21:35:56 [MainThread      ]   GameAssetManager.cpp:906   INFO| 	Narcissus package: 0.17 ms
2026-03-15 21:35:56 [SmallTaskScheduler]     BinarySaveData.cpp:17    INFO| Writing 9 bytes
2026-03-15 21:35:56 [MainThread      ]              World.cpp:1373  INFO| World::Begin() G_Story01 -> G_MiniBoss02
2026-03-15 21:35:56 [MainThread      ]                 Pool.h:210   INFO| Projectile 0 / 217 (max 32) (594kb)
2026-03-15 21:35:56 [MainThread      ]                 Pool.h:210   INFO| HomingProjectile 0 / 108 (max 47) (297kb)
2026-03-15 21:35:56 [MainThread      ]                 Pool.h:210   INFO| BeamProjectile 0 / 81 (max 0) (225kb)
2026-03-15 21:35:56 [MainThread      ]                 Pool.h:210   INFO| LobProjectile 0 / 81 (max 0) (224kb)
2026-03-15 21:35:56 [MainThread      ]                 Pool.h:210   INFO| ArcProjectile 0 / 81 (max 4) (223kb)
2026-03-15 21:35:56 [MainThread      ]                 Pool.h:210   INFO| InstantProjectile 0 / 108 (max 7) (295kb)
2026-03-15 21:35:56 [MainThread      ]                 Pool.h:210   INFO| Effect 0 / 256 (max 39) (79kb)
2026-03-15 21:35:56 [MainThread      ]    ProgressManager.cpp:1106  INFO| Lua::Save() : 0.003811 s
2026-03-15 21:35:56 [MainThread      ]    ProgressManager.cpp:1038  INFO| GatherSaveData : 0.004751 s
2026-03-15 21:35:56 [MainThread      ]     BinarySaveData.cpp:42    INFO| PrepareForWrite dataSize = 266359 bytes
2026-03-15 21:35:56 [MainThread      ]     BinarySaveData.cpp:47    INFO| PrepareForWrite checksum = efa527cf bytes
2026-03-15 21:35:56 [MainThread      ]              World.cpp:1435  INFO| Finished World::Begin (0.011482 seconds)
2026-03-15 21:35:56 [LoadTaskScheduler]              World.cpp:1263  INFO| Started loadMapDataTask (G_MiniBoss02)
2026-03-15 21:35:56 [LoadTaskScheduler]              World.cpp:1298  INFO| Started preScriptLoadTask
2026-03-15 21:35:56 [LoadTaskScheduler]              World.cpp:1304  INFO| Finished preScriptLoadTask (0.000000 seconds)
2026-03-15 21:35:56 [LoadTaskScheduler]              World.cpp:1313  INFO| Started loadPackagesTask
2026-03-15 21:35:56 [LoadTaskScheduler]              World.cpp:1317  INFO| Finished loadPackagesTask (0.000003 seconds)
2026-03-15 21:35:56 [LoadTaskScheduler]              World.cpp:1324  INFO| Started postLoadTask
2026-03-15 21:35:56 [LoadTaskScheduler]              World.cpp:1334  INFO| Done waiting for packages and pre-scripts task
2026-03-15 21:35:56 [SmallTaskScheduler]     BinarySaveData.cpp:17    INFO| Writing 266359 bytes
2026-03-15 21:35:56 [LoadTaskScheduler]     BinaryLoadData.cpp:12    INFO| Reading 281124 bytes
2026-03-15 21:35:56 [LoadTaskScheduler]              World.cpp:1292  INFO| Finished loadMapDataTask (0.015639 seconds)
2026-03-15 21:35:56 [LoadTaskScheduler]              World.cpp:1341  INFO| Calling PostLoad
2026-03-15 21:35:56 [LoadTaskScheduler]   GameAssetManager.cpp:668   INFO| Loading package: HermesUpgrade.pkg
2026-03-15 21:35:56 [LoadTaskScheduler]   GameAssetManager.cpp:668   INFO| Loading package: ZeusUpgrade.pkg
2026-03-15 21:35:56 [LoadTaskScheduler]   GameAssetManager.cpp:668   INFO| Loading package: AphroditeUpgrade.pkg
2026-03-15 21:35:56 [LoadTaskScheduler]       AudioManager.cpp:1273  INFO| Unloaded Voice bank: Odysseus in 0.00s
2026-03-15 21:35:56 [LoadTaskScheduler]       AudioManager.cpp:1273  INFO| Unloaded Voice bank: Selene in 0.00s
2026-03-15 21:35:56 [LoadTaskScheduler]       AudioManager.cpp:1273  INFO| Unloaded Voice bank: Narcissus in 0.00s
2026-03-15 21:35:56 [LoadTaskScheduler]              World.cpp:1343  INFO| Finished PostLoad
2026-03-15 21:35:56 [LoadTaskScheduler]              World.cpp:1348  INFO| Finished postLoadTask (0.031847 seconds)
2026-03-15 21:35:56 [MainThread      ]              World.cpp:1359  INFO| Started loadScreen onExit
2026-03-15 21:35:56 [MainThread      ]      ScriptManager.cpp:1001  INFO| Lua GC took 0.04 seconds
2026-03-15 21:35:56 [MainThread      ]       AudioManager.cpp:1233  INFO| Voice bank loaded successfully: Zeus (341 lines in 0.000534 seconds)
2026-03-15 21:35:56 [MainThread      ]   GameAssetManager.cpp:668   INFO| Loading package: Zeus.pkg
2026-03-15 21:35:56 [MainThread      ]   GameAssetManager.cpp:581   INFO| Start reading manifest Zeus
2026-03-15 21:35:56 [MainThread      ]   GameAssetManager.cpp:642   INFO| Done reading manifest Zeus
2026-03-15 21:35:56 [MainThread      ]   GameAssetManager.cpp:697   INFO| Package Loaded: Zeus 55Mb in 0.03s
2026-03-15 21:35:56 [MainThread      ]   GameAssetManager.cpp:668   INFO| Loading package: ZeusUpgrade.pkg
2026-03-15 21:35:56 [MainThread      ]       AudioManager.cpp:1233  INFO| Voice bank loaded successfully: Odysseus (586 lines in 0.000685 seconds)
2026-03-15 21:35:56 [MainThread      ]   GameAssetManager.cpp:668   INFO| Loading package: WeaponSpellTimeSlow.pkg
2026-03-15 21:35:56 [MainThread      ]              World.cpp:1366  INFO| Finished loadScreen onExit (0.081764 seconds)
2026-03-15 21:36:05 [MainThread      ]     BinarySaveData.cpp:42    INFO| PrepareForWrite dataSize = 9 bytes
2026-03-15 21:36:05 [SmallTaskScheduler]     BinarySaveData.cpp:17    INFO| Writing 9 bytes
2026-03-15 21:37:21 [MainThread      ]   GameAssetManager.cpp:668   INFO| Loading package: ZeusUpgrade.pkg
2026-03-15 21:37:35 [MainThread      ]    ProgressManager.cpp:1106  INFO| Lua::Save() : 0.004679 s
2026-03-15 21:37:35 [MainThread      ]    ProgressManager.cpp:1038  INFO| GatherSaveData : 0.005749 s
2026-03-15 21:37:35 [MainThread      ]     BinarySaveData.cpp:42    INFO| PrepareForWrite dataSize = 265733 bytes
2026-03-15 21:37:35 [MainThread      ]     BinarySaveData.cpp:47    INFO| PrepareForWrite checksum = 88e243c7 bytes
2026-03-15 21:37:35 [MainThread      ]     BinarySaveData.cpp:42    INFO| PrepareForWrite dataSize = 9 bytes
2026-03-15 21:37:35 [SmallTaskScheduler]     BinarySaveData.cpp:17    INFO| Writing 265733 bytes
2026-03-15 21:37:35 [SmallTaskScheduler]     BinarySaveData.cpp:17    INFO| Writing 9 bytes
2026-03-15 21:37:41 [MainThread      ]     BinarySaveData.cpp:42    INFO| PrepareForWrite dataSize = 9 bytes
2026-03-15 21:37:41 [MainThread      ]   GameAssetManager.cpp:894   INFO| Unloading: Zeus
2026-03-15 21:37:41 [MainThread      ]   GameAssetManager.cpp:899   INFO| 	Zeus bank: 0.00 ms
2026-03-15 21:37:41 [SmallTaskScheduler]     BinarySaveData.cpp:17    INFO| Writing 9 bytes
2026-03-15 21:37:41 [MainThread      ]   GameAssetManager.cpp:906   INFO| 	Zeus package: 0.24 ms
2026-03-15 21:37:42 [MainThread      ]              World.cpp:1373  INFO| World::Begin() G_MiniBoss02 -> G_Combat01
2026-03-15 21:37:42 [MainThread      ]                 Pool.h:210   INFO| Projectile 0 / 217 (max 32) (594kb)
2026-03-15 21:37:42 [MainThread      ]                 Pool.h:210   INFO| HomingProjectile 0 / 108 (max 47) (297kb)
2026-03-15 21:37:42 [MainThread      ]                 Pool.h:210   INFO| BeamProjectile 0 / 81 (max 0) (225kb)
2026-03-15 21:37:42 [MainThread      ]                 Pool.h:210   INFO| LobProjectile 0 / 81 (max 7) (224kb)
2026-03-15 21:37:42 [MainThread      ]                 Pool.h:210   INFO| ArcProjectile 0 / 81 (max 4) (223kb)
2026-03-15 21:37:42 [MainThread      ]                 Pool.h:210   INFO| InstantProjectile 0 / 108 (max 7) (295kb)
2026-03-15 21:37:42 [MainThread      ]                 Pool.h:210   INFO| Effect 0 / 256 (max 39) (79kb)
2026-03-15 21:37:42 [MainThread      ]    ProgressManager.cpp:1106  INFO| Lua::Save() : 0.003779 s
2026-03-15 21:37:42 [MainThread      ]    ProgressManager.cpp:1038  INFO| GatherSaveData : 0.004711 s
2026-03-15 21:37:42 [MainThread      ]     BinarySaveData.cpp:42    INFO| PrepareForWrite dataSize = 263776 bytes
2026-03-15 21:37:42 [MainThread      ]     BinarySaveData.cpp:47    INFO| PrepareForWrite checksum = 8183e8f bytes
2026-03-15 21:37:42 [MainThread      ]              World.cpp:1435  INFO| Finished World::Begin (0.013648 seconds)
2026-03-15 21:37:42 [LoadTaskScheduler]              World.cpp:1263  INFO| Started loadMapDataTask (G_Combat01)
2026-03-15 21:37:42 [LoadTaskScheduler]              World.cpp:1298  INFO| Started preScriptLoadTask
2026-03-15 21:37:42 [LoadTaskScheduler]              World.cpp:1304  INFO| Finished preScriptLoadTask (0.000000 seconds)
2026-03-15 21:37:42 [LoadTaskScheduler]              World.cpp:1313  INFO| Started loadPackagesTask
2026-03-15 21:37:42 [LoadTaskScheduler]              World.cpp:1317  INFO| Finished loadPackagesTask (0.000003 seconds)
2026-03-15 21:37:42 [LoadTaskScheduler]              World.cpp:1324  INFO| Started postLoadTask
2026-03-15 21:37:42 [LoadTaskScheduler]              World.cpp:1334  INFO| Done waiting for packages and pre-scripts task
2026-03-15 21:37:42 [SmallTaskScheduler]     BinarySaveData.cpp:17    INFO| Writing 263776 bytes
2026-03-15 21:37:42 [LoadTaskScheduler]     BinaryLoadData.cpp:12    INFO| Reading 223033 bytes
2026-03-15 21:37:42 [LoadTaskScheduler]              World.cpp:1292  INFO| Finished loadMapDataTask (0.014497 seconds)
2026-03-15 21:37:42 [LoadTaskScheduler]              World.cpp:1341  INFO| Calling PostLoad
2026-03-15 21:37:42 [LoadTaskScheduler]   GameAssetManager.cpp:668   INFO| Loading package: HermesUpgrade.pkg
2026-03-15 21:37:42 [LoadTaskScheduler]   GameAssetManager.cpp:668   INFO| Loading package: ZeusUpgrade.pkg
2026-03-15 21:37:42 [LoadTaskScheduler]   GameAssetManager.cpp:668   INFO| Loading package: AphroditeUpgrade.pkg
2026-03-15 21:37:42 [LoadTaskScheduler]       AudioManager.cpp:1273  INFO| Unloaded Voice bank: Zeus in 0.00s
2026-03-15 21:37:42 [LoadTaskScheduler]       AudioManager.cpp:1273  INFO| Unloaded Voice bank: Odysseus in 0.00s
2026-03-15 21:37:42 [LoadTaskScheduler]              World.cpp:1343  INFO| Finished PostLoad
2026-03-15 21:37:42 [LoadTaskScheduler]              World.cpp:1348  INFO| Finished postLoadTask (0.030974 seconds)
2026-03-15 21:37:42 [MainThread      ]              World.cpp:1359  INFO| Started loadScreen onExit
2026-03-15 21:37:42 [MainThread      ]      ScriptManager.cpp:1001  INFO| Lua GC took 0.04 seconds
2026-03-15 21:37:42 [MainThread      ]       AudioManager.cpp:1233  INFO| Voice bank loaded successfully: Hephaestus (227 lines in 0.011104 seconds)
2026-03-15 21:37:42 [MainThread      ]   GameAssetManager.cpp:668   INFO| Loading package: Hephaestus.pkg
2026-03-15 21:37:42 [MainThread      ]   GameAssetManager.cpp:581   INFO| Start reading manifest Hephaestus
2026-03-15 21:37:42 [MainThread      ]   GameAssetManager.cpp:642   INFO| Done reading manifest Hephaestus
2026-03-15 21:37:42 [MainThread      ]   GameAssetManager.cpp:697   INFO| Package Loaded: Hephaestus 42Mb in 0.02s
2026-03-15 21:37:42 [MainThread      ]   GameAssetManager.cpp:668   INFO| Loading package: HephaestusUpgrade.pkg
2026-03-15 21:37:42 [MainThread      ]       AudioManager.cpp:1233  INFO| Voice bank loaded successfully: Odysseus (586 lines in 0.000572 seconds)
2026-03-15 21:37:42 [MainThread      ]   GameAssetManager.cpp:668   INFO| Loading package: WeaponSpellTimeSlow.pkg
2026-03-15 21:37:42 [MainThread      ]              World.cpp:1366  INFO| Finished loadScreen onExit (0.076438 seconds)
2026-03-15 21:37:47 [MainThread      ]     BinarySaveData.cpp:42    INFO| PrepareForWrite dataSize = 9 bytes
2026-03-15 21:37:47 [SmallTaskScheduler]     BinarySaveData.cpp:17    INFO| Writing 9 bytes
2026-03-15 21:37:54 [MainThread      ]   GameAssetManager.cpp:668   INFO| Loading package: HephaestusUpgrade.pkg
2026-03-15 21:38:25 [MainThread      ]    ProgressManager.cpp:1106  INFO| Lua::Save() : 0.004333 s
2026-03-15 21:38:25 [MainThread      ]    ProgressManager.cpp:1038  INFO| GatherSaveData : 0.005323 s
2026-03-15 21:38:25 [MainThread      ]     BinarySaveData.cpp:42    INFO| PrepareForWrite dataSize = 271508 bytes
2026-03-15 21:38:25 [MainThread      ]     BinarySaveData.cpp:47    INFO| PrepareForWrite checksum = 93f7ed87 bytes
2026-03-15 21:38:25 [MainThread      ]     BinarySaveData.cpp:42    INFO| PrepareForWrite dataSize = 9 bytes
2026-03-15 21:38:25 [SmallTaskScheduler]     BinarySaveData.cpp:17    INFO| Writing 271508 bytes
2026-03-15 21:38:25 [SmallTaskScheduler]     BinarySaveData.cpp:17    INFO| Writing 9 bytes
2026-03-15 21:38:30 [MainThread      ]     BinarySaveData.cpp:42    INFO| PrepareForWrite dataSize = 9 bytes
2026-03-15 21:38:30 [MainThread      ]   GameAssetManager.cpp:894   INFO| Unloading: Hephaestus
2026-03-15 21:38:30 [MainThread      ]   GameAssetManager.cpp:899   INFO| 	Hephaestus bank: 0.00 ms
2026-03-15 21:38:30 [MainThread      ]   GameAssetManager.cpp:906   INFO| 	Hephaestus package: 0.10 ms
2026-03-15 21:38:30 [SmallTaskScheduler]     BinarySaveData.cpp:17    INFO| Writing 9 bytes
2026-03-15 21:38:30 [MainThread      ]              World.cpp:1373  INFO| World::Begin() G_Combat01 -> G_Combat09
2026-03-15 21:38:30 [MainThread      ]                 Pool.h:210   INFO| Projectile 0 / 217 (max 32) (594kb)
2026-03-15 21:38:30 [MainThread      ]                 Pool.h:210   INFO| HomingProjectile 0 / 108 (max 47) (297kb)
2026-03-15 21:38:30 [MainThread      ]                 Pool.h:210   INFO| BeamProjectile 0 / 81 (max 0) (225kb)
2026-03-15 21:38:30 [MainThread      ]                 Pool.h:210   INFO| LobProjectile 0 / 81 (max 7) (224kb)
2026-03-15 21:38:30 [MainThread      ]                 Pool.h:210   INFO| ArcProjectile 0 / 81 (max 4) (223kb)
2026-03-15 21:38:30 [MainThread      ]                 Pool.h:210   INFO| InstantProjectile 0 / 108 (max 7) (295kb)
2026-03-15 21:38:30 [MainThread      ]                 Pool.h:210   INFO| Effect 0 / 256 (max 39) (79kb)
2026-03-15 21:38:30 [MainThread      ]    ProgressManager.cpp:1106  INFO| Lua::Save() : 0.003805 s
2026-03-15 21:38:30 [MainThread      ]    ProgressManager.cpp:1038  INFO| GatherSaveData : 0.004769 s
2026-03-15 21:38:30 [MainThread      ]     BinarySaveData.cpp:42    INFO| PrepareForWrite dataSize = 271228 bytes
2026-03-15 21:38:30 [MainThread      ]     BinarySaveData.cpp:47    INFO| PrepareForWrite checksum = ce532907 bytes
2026-03-15 21:38:30 [MainThread      ]              World.cpp:1435  INFO| Finished World::Begin (0.011304 seconds)
2026-03-15 21:38:30 [LoadTaskScheduler]              World.cpp:1263  INFO| Started loadMapDataTask (G_Combat09)
2026-03-15 21:38:30 [LoadTaskScheduler]              World.cpp:1298  INFO| Started preScriptLoadTask
2026-03-15 21:38:30 [LoadTaskScheduler]              World.cpp:1304  INFO| Finished preScriptLoadTask (0.000000 seconds)
2026-03-15 21:38:30 [LoadTaskScheduler]              World.cpp:1313  INFO| Started loadPackagesTask
2026-03-15 21:38:30 [LoadTaskScheduler]              World.cpp:1317  INFO| Finished loadPackagesTask (0.000003 seconds)
2026-03-15 21:38:30 [LoadTaskScheduler]              World.cpp:1324  INFO| Started postLoadTask
2026-03-15 21:38:30 [LoadTaskScheduler]              World.cpp:1334  INFO| Done waiting for packages and pre-scripts task
2026-03-15 21:38:30 [SmallTaskScheduler]     BinarySaveData.cpp:17    INFO| Writing 271228 bytes
2026-03-15 21:38:30 [LoadTaskScheduler]     BinaryLoadData.cpp:12    INFO| Reading 414400 bytes
2026-03-15 21:38:30 [LoadTaskScheduler]              World.cpp:1292  INFO| Finished loadMapDataTask (0.017726 seconds)
2026-03-15 21:38:30 [LoadTaskScheduler]              World.cpp:1341  INFO| Calling PostLoad
2026-03-15 21:38:30 [LoadTaskScheduler]   GameAssetManager.cpp:668   INFO| Loading package: HermesUpgrade.pkg
2026-03-15 21:38:30 [LoadTaskScheduler]   GameAssetManager.cpp:668   INFO| Loading package: ZeusUpgrade.pkg
2026-03-15 21:38:30 [LoadTaskScheduler]   GameAssetManager.cpp:668   INFO| Loading package: HephaestusUpgrade.pkg
2026-03-15 21:38:30 [LoadTaskScheduler]   GameAssetManager.cpp:668   INFO| Loading package: AphroditeUpgrade.pkg
2026-03-15 21:38:30 [LoadTaskScheduler]       AudioManager.cpp:1273  INFO| Unloaded Voice bank: Odysseus in 0.00s
2026-03-15 21:38:30 [LoadTaskScheduler]       AudioManager.cpp:1273  INFO| Unloaded Voice bank: Hephaestus in 0.00s
2026-03-15 21:38:30 [LoadTaskScheduler]              World.cpp:1343  INFO| Finished PostLoad
2026-03-15 21:38:30 [LoadTaskScheduler]              World.cpp:1348  INFO| Finished postLoadTask (0.041054 seconds)
2026-03-15 21:38:30 [MainThread      ]              World.cpp:1359  INFO| Started loadScreen onExit
2026-03-15 21:38:30 [MainThread      ]      ScriptManager.cpp:1001  INFO| Lua GC took 0.04 seconds
2026-03-15 21:38:30 [MainThread      ]       AudioManager.cpp:1233  INFO| Voice bank loaded successfully: Odysseus (586 lines in 0.000661 seconds)
2026-03-15 21:38:30 [MainThread      ]   GameAssetManager.cpp:668   INFO| Loading package: WeaponSpellTimeSlow.pkg
2026-03-15 21:38:30 [MainThread      ]              World.cpp:1366  INFO| Finished loadScreen onExit (0.051146 seconds)
2026-03-15 21:39:02 [MainThread      ]    ProgressManager.cpp:1106  INFO| Lua::Save() : 0.004388 s
2026-03-15 21:39:02 [MainThread      ]    ProgressManager.cpp:1038  INFO| GatherSaveData : 0.005485 s
2026-03-15 21:39:02 [MainThread      ]     BinarySaveData.cpp:42    INFO| PrepareForWrite dataSize = 272874 bytes
2026-03-15 21:39:02 [MainThread      ]     BinarySaveData.cpp:47    INFO| PrepareForWrite checksum = b1fa90b7 bytes
2026-03-15 21:39:02 [MainThread      ]     BinarySaveData.cpp:42    INFO| PrepareForWrite dataSize = 9 bytes
2026-03-15 21:39:02 [SmallTaskScheduler]     BinarySaveData.cpp:17    INFO| Writing 272874 bytes
2026-03-15 21:39:02 [SmallTaskScheduler]     BinarySaveData.cpp:17    INFO| Writing 9 bytes
2026-03-15 21:39:08 [MainThread      ]     BinarySaveData.cpp:42    INFO| PrepareForWrite dataSize = 9 bytes
2026-03-15 21:39:08 [SmallTaskScheduler]     BinarySaveData.cpp:17    INFO| Writing 9 bytes
2026-03-15 21:39:08 [MainThread      ]              World.cpp:1373  INFO| World::Begin() G_Combat09 -> G_Combat10
2026-03-15 21:39:08 [MainThread      ]                 Pool.h:210   INFO| Projectile 0 / 217 (max 32) (594kb)
2026-03-15 21:39:08 [MainThread      ]                 Pool.h:210   INFO| HomingProjectile 0 / 108 (max 47) (297kb)
2026-03-15 21:39:08 [MainThread      ]                 Pool.h:210   INFO| BeamProjectile 0 / 81 (max 0) (225kb)
2026-03-15 21:39:08 [MainThread      ]                 Pool.h:210   INFO| LobProjectile 0 / 81 (max 7) (224kb)
2026-03-15 21:39:08 [MainThread      ]                 Pool.h:210   INFO| ArcProjectile 0 / 81 (max 8) (223kb)
2026-03-15 21:39:08 [MainThread      ]                 Pool.h:210   INFO| InstantProjectile 0 / 108 (max 7) (295kb)
2026-03-15 21:39:08 [MainThread      ]                 Pool.h:210   INFO| Effect 0 / 256 (max 39) (79kb)
2026-03-15 21:39:08 [MainThread      ]    ProgressManager.cpp:1106  INFO| Lua::Save() : 0.003830 s
2026-03-15 21:39:08 [MainThread      ]    ProgressManager.cpp:1038  INFO| GatherSaveData : 0.004793 s
2026-03-15 21:39:08 [MainThread      ]     BinarySaveData.cpp:42    INFO| PrepareForWrite dataSize = 270848 bytes
2026-03-15 21:39:08 [MainThread      ]     BinarySaveData.cpp:47    INFO| PrepareForWrite checksum = 749867e bytes
2026-03-15 21:39:08 [MainThread      ]              World.cpp:1435  INFO| Finished World::Begin (0.014310 seconds)
2026-03-15 21:39:08 [LoadTaskScheduler]              World.cpp:1298  INFO| Started preScriptLoadTask
2026-03-15 21:39:08 [LoadTaskScheduler]              World.cpp:1263  INFO| Started loadMapDataTask (G_Combat10)
2026-03-15 21:39:08 [LoadTaskScheduler]              World.cpp:1304  INFO| Finished preScriptLoadTask (0.000000 seconds)
2026-03-15 21:39:08 [LoadTaskScheduler]              World.cpp:1313  INFO| Started loadPackagesTask
2026-03-15 21:39:08 [LoadTaskScheduler]              World.cpp:1317  INFO| Finished loadPackagesTask (0.000003 seconds)
2026-03-15 21:39:08 [LoadTaskScheduler]              World.cpp:1324  INFO| Started postLoadTask
2026-03-15 21:39:08 [LoadTaskScheduler]              World.cpp:1334  INFO| Done waiting for packages and pre-scripts task
2026-03-15 21:39:08 [SmallTaskScheduler]     BinarySaveData.cpp:17    INFO| Writing 270848 bytes
2026-03-15 21:39:08 [LoadTaskScheduler]     BinaryLoadData.cpp:12    INFO| Reading 275398 bytes
2026-03-15 21:39:08 [LoadTaskScheduler]              World.cpp:1292  INFO| Finished loadMapDataTask (0.014316 seconds)
2026-03-15 21:39:08 [LoadTaskScheduler]              World.cpp:1341  INFO| Calling PostLoad
2026-03-15 21:39:08 [LoadTaskScheduler]   GameAssetManager.cpp:668   INFO| Loading package: HermesUpgrade.pkg
2026-03-15 21:39:08 [LoadTaskScheduler]   GameAssetManager.cpp:668   INFO| Loading package: ZeusUpgrade.pkg
2026-03-15 21:39:08 [LoadTaskScheduler]   GameAssetManager.cpp:668   INFO| Loading package: HephaestusUpgrade.pkg
2026-03-15 21:39:08 [LoadTaskScheduler]   GameAssetManager.cpp:668   INFO| Loading package: AphroditeUpgrade.pkg
2026-03-15 21:39:08 [LoadTaskScheduler]       AudioManager.cpp:1273  INFO| Unloaded Voice bank: Odysseus in 0.00s
2026-03-15 21:39:08 [LoadTaskScheduler]              World.cpp:1343  INFO| Finished PostLoad
2026-03-15 21:39:08 [LoadTaskScheduler]              World.cpp:1348  INFO| Finished postLoadTask (0.029665 seconds)
2026-03-15 21:39:08 [MainThread      ]              World.cpp:1359  INFO| Started loadScreen onExit
2026-03-15 21:39:08 [MainThread      ]      ScriptManager.cpp:1001  INFO| Lua GC took 0.05 seconds
2026-03-15 21:39:08 [MainThread      ]       AudioManager.cpp:1233  INFO| Voice bank loaded successfully: Odysseus (586 lines in 0.000761 seconds)
2026-03-15 21:39:08 [MainThread      ]   GameAssetManager.cpp:668   INFO| Loading package: WeaponSpellTimeSlow.pkg
2026-03-15 21:39:08 [MainThread      ]       AudioManager.cpp:1233  INFO| Voice bank loaded successfully: Nemesis (414 lines in 0.011777 seconds)
2026-03-15 21:39:08 [MainThread      ]       AudioManager.cpp:1233  INFO| Voice bank loaded successfully: NemesisField (468 lines in 0.010379 seconds)
2026-03-15 21:39:08 [MainThread      ]   GameAssetManager.cpp:668   INFO| Loading package: Nemesis.pkg
2026-03-15 21:39:08 [MainThread      ]   GameAssetManager.cpp:581   INFO| Start reading manifest Nemesis
2026-03-15 21:39:08 [MainThread      ]   GameAssetManager.cpp:642   INFO| Done reading manifest Nemesis
2026-03-15 21:39:08 [MainThread      ]   GameAssetManager.cpp:697   INFO| Package Loaded: Nemesis 48Mb in 0.01s
2026-03-15 21:39:08 [MainThread      ]       AudioManager.cpp:1233  INFO| Voice bank loaded successfully: Selene (469 lines in 0.000516 seconds)
2026-03-15 21:39:08 [MainThread      ]              World.cpp:1366  INFO| Finished loadScreen onExit (0.100627 seconds)
2026-03-15 21:39:35 [MainThread      ]     BinarySaveData.cpp:42    INFO| PrepareForWrite dataSize = 9 bytes
2026-03-15 21:39:35 [SmallTaskScheduler]     BinarySaveData.cpp:17    INFO| Writing 9 bytes
2026-03-15 21:40:02 [MainThread      ]     BinarySaveData.cpp:42    INFO| PrepareForWrite dataSize = 9 bytes
2026-03-15 21:40:02 [MainThread      ]   GameAssetManager.cpp:894   INFO| Unloading: Nemesis
2026-03-15 21:40:02 [MainThread      ]   GameAssetManager.cpp:899   INFO| 	Nemesis bank: 0.00 ms
2026-03-15 21:40:02 [MainThread      ]   GameAssetManager.cpp:906   INFO| 	Nemesis package: 0.15 ms
2026-03-15 21:40:02 [SmallTaskScheduler]     BinarySaveData.cpp:17    INFO| Writing 9 bytes
2026-03-15 21:40:02 [MainThread      ]              World.cpp:1373  INFO| World::Begin() G_Combat10 -> G_PreBoss01
2026-03-15 21:40:02 [MainThread      ]                 Pool.h:210   INFO| Projectile 0 / 217 (max 32) (594kb)
2026-03-15 21:40:02 [MainThread      ]                 Pool.h:210   INFO| HomingProjectile 0 / 108 (max 47) (297kb)
2026-03-15 21:40:02 [MainThread      ]                 Pool.h:210   INFO| BeamProjectile 0 / 81 (max 0) (225kb)
2026-03-15 21:40:02 [MainThread      ]                 Pool.h:210   INFO| LobProjectile 0 / 81 (max 7) (224kb)
2026-03-15 21:40:02 [MainThread      ]                 Pool.h:210   INFO| ArcProjectile 0 / 81 (max 8) (223kb)
2026-03-15 21:40:02 [MainThread      ]                 Pool.h:210   INFO| InstantProjectile 0 / 108 (max 7) (295kb)
2026-03-15 21:40:02 [MainThread      ]                 Pool.h:210   INFO| Effect 0 / 256 (max 39) (79kb)
2026-03-15 21:40:02 [MainThread      ]    ProgressManager.cpp:1106  INFO| Lua::Save() : 0.003919 s
2026-03-15 21:40:02 [MainThread      ]    ProgressManager.cpp:1038  INFO| GatherSaveData : 0.004889 s
2026-03-15 21:40:02 [MainThread      ]     BinarySaveData.cpp:42    INFO| PrepareForWrite dataSize = 271758 bytes
2026-03-15 21:40:02 [MainThread      ]     BinarySaveData.cpp:47    INFO| PrepareForWrite checksum = be90b98b bytes
2026-03-15 21:40:02 [MainThread      ]              World.cpp:1435  INFO| Finished World::Begin (0.011135 seconds)
2026-03-15 21:40:02 [LoadTaskScheduler]              World.cpp:1263  INFO| Started loadMapDataTask (G_PreBoss01)
2026-03-15 21:40:02 [LoadTaskScheduler]              World.cpp:1298  INFO| Started preScriptLoadTask
2026-03-15 21:40:02 [LoadTaskScheduler]              World.cpp:1304  INFO| Finished preScriptLoadTask (0.000001 seconds)
2026-03-15 21:40:02 [LoadTaskScheduler]              World.cpp:1313  INFO| Started loadPackagesTask
2026-03-15 21:40:02 [LoadTaskScheduler]              World.cpp:1317  INFO| Finished loadPackagesTask (0.000003 seconds)
2026-03-15 21:40:02 [LoadTaskScheduler]              World.cpp:1324  INFO| Started postLoadTask
2026-03-15 21:40:02 [LoadTaskScheduler]              World.cpp:1334  INFO| Done waiting for packages and pre-scripts task
2026-03-15 21:40:02 [SmallTaskScheduler]     BinarySaveData.cpp:17    INFO| Writing 271758 bytes
2026-03-15 21:40:02 [LoadTaskScheduler]     BinaryLoadData.cpp:12    INFO| Reading 287562 bytes
2026-03-15 21:40:02 [LoadTaskScheduler]              World.cpp:1292  INFO| Finished loadMapDataTask (0.014694 seconds)
2026-03-15 21:40:02 [LoadTaskScheduler]              World.cpp:1341  INFO| Calling PostLoad
2026-03-15 21:40:02 [LoadTaskScheduler]   GameAssetManager.cpp:668   INFO| Loading package: HermesUpgrade.pkg
2026-03-15 21:40:02 [LoadTaskScheduler]   GameAssetManager.cpp:668   INFO| Loading package: ZeusUpgrade.pkg
2026-03-15 21:40:02 [LoadTaskScheduler]   GameAssetManager.cpp:668   INFO| Loading package: HephaestusUpgrade.pkg
2026-03-15 21:40:02 [LoadTaskScheduler]   GameAssetManager.cpp:668   INFO| Loading package: AphroditeUpgrade.pkg
2026-03-15 21:40:02 [LoadTaskScheduler]       AudioManager.cpp:1273  INFO| Unloaded Voice bank: Odysseus in 0.00s
2026-03-15 21:40:02 [LoadTaskScheduler]       AudioManager.cpp:1273  INFO| Unloaded Voice bank: NemesisField in 0.00s
2026-03-15 21:40:02 [LoadTaskScheduler]       AudioManager.cpp:1273  INFO| Unloaded Voice bank: Selene in 0.00s
2026-03-15 21:40:02 [LoadTaskScheduler]       AudioManager.cpp:1273  INFO| Unloaded Voice bank: Nemesis in 0.00s
2026-03-15 21:40:02 [LoadTaskScheduler]              World.cpp:1343  INFO| Finished PostLoad
2026-03-15 21:40:02 [LoadTaskScheduler]              World.cpp:1348  INFO| Finished postLoadTask (0.028695 seconds)
2026-03-15 21:40:02 [MainThread      ]              World.cpp:1359  INFO| Started loadScreen onExit
2026-03-15 21:40:02 [MainThread      ]      ScriptManager.cpp:1001  INFO| Lua GC took 0.04 seconds
2026-03-15 21:40:02 [MainThread      ]       AudioManager.cpp:1233  INFO| Voice bank loaded successfully: Odysseus (586 lines in 0.000648 seconds)
2026-03-15 21:40:02 [MainThread      ]   GameAssetManager.cpp:668   INFO| Loading package: WeaponSpellTimeSlow.pkg
2026-03-15 21:40:02 [MainThread      ]       AudioManager.cpp:1233  INFO| Voice bank loaded successfully: Selene (469 lines in 0.000552 seconds)
2026-03-15 21:40:02 [MainThread      ]   GameAssetManager.cpp:668   INFO| Loading package: Selene.pkg
2026-03-15 21:40:02 [MainThread      ]   GameAssetManager.cpp:581   INFO| Start reading manifest Selene
2026-03-15 21:40:02 [MainThread      ]   GameAssetManager.cpp:642   INFO| Done reading manifest Selene
2026-03-15 21:40:02 [MainThread      ]   GameAssetManager.cpp:697   INFO| Package Loaded: Selene 56Mb in 0.02s
2026-03-15 21:40:02 [MainThread      ]              World.cpp:1366  INFO| Finished loadScreen onExit (0.068261 seconds)
2026-03-15 21:40:12 [MainThread      ]     BinarySaveData.cpp:42    INFO| PrepareForWrite dataSize = 9 bytes
2026-03-15 21:40:12 [MainThread      ]   GameAssetManager.cpp:894   INFO| Unloading: Selene
2026-03-15 21:40:12 [MainThread      ]   GameAssetManager.cpp:899   INFO| 	Selene bank: 0.00 ms
2026-03-15 21:40:12 [SmallTaskScheduler]     BinarySaveData.cpp:17    INFO| Writing 9 bytes
2026-03-15 21:40:12 [MainThread      ]   GameAssetManager.cpp:906   INFO| 	Selene package: 0.22 ms
2026-03-15 21:40:12 [MainThread      ]              World.cpp:1373  INFO| World::Begin() G_PreBoss01 -> G_Boss01
2026-03-15 21:40:12 [MainThread      ]                 Pool.h:210   INFO| Projectile 0 / 217 (max 32) (594kb)
2026-03-15 21:40:12 [MainThread      ]                 Pool.h:210   INFO| HomingProjectile 0 / 108 (max 47) (297kb)
2026-03-15 21:40:12 [MainThread      ]                 Pool.h:210   INFO| BeamProjectile 0 / 81 (max 0) (225kb)
2026-03-15 21:40:12 [MainThread      ]                 Pool.h:210   INFO| LobProjectile 0 / 81 (max 7) (224kb)
2026-03-15 21:40:12 [MainThread      ]                 Pool.h:210   INFO| ArcProjectile 0 / 81 (max 8) (223kb)
2026-03-15 21:40:12 [MainThread      ]                 Pool.h:210   INFO| InstantProjectile 0 / 108 (max 7) (295kb)
2026-03-15 21:40:12 [MainThread      ]                 Pool.h:210   INFO| Effect 0 / 256 (max 39) (79kb)
2026-03-15 21:40:12 [MainThread      ]    ProgressManager.cpp:1106  INFO| Lua::Save() : 0.004402 s
2026-03-15 21:40:12 [MainThread      ]    ProgressManager.cpp:1038  INFO| GatherSaveData : 0.005394 s
2026-03-15 21:40:12 [MainThread      ]     BinarySaveData.cpp:42    INFO| PrepareForWrite dataSize = 274501 bytes
2026-03-15 21:40:12 [MainThread      ]     BinarySaveData.cpp:47    INFO| PrepareForWrite checksum = c5981587 bytes
2026-03-15 21:40:12 [MainThread      ]              World.cpp:1435  INFO| Finished World::Begin (0.012895 seconds)
2026-03-15 21:40:12 [LoadTaskScheduler]              World.cpp:1263  INFO| Started loadMapDataTask (G_Boss01)
2026-03-15 21:40:12 [LoadTaskScheduler]              World.cpp:1298  INFO| Started preScriptLoadTask
2026-03-15 21:40:12 [LoadTaskScheduler]              World.cpp:1304  INFO| Finished preScriptLoadTask (0.000000 seconds)
2026-03-15 21:40:12 [LoadTaskScheduler]              World.cpp:1313  INFO| Started loadPackagesTask
2026-03-15 21:40:12 [LoadTaskScheduler]              World.cpp:1317  INFO| Finished loadPackagesTask (0.000003 seconds)
2026-03-15 21:40:12 [LoadTaskScheduler]              World.cpp:1324  INFO| Started postLoadTask
2026-03-15 21:40:12 [LoadTaskScheduler]              World.cpp:1334  INFO| Done waiting for packages and pre-scripts task
2026-03-15 21:40:12 [SmallTaskScheduler]     BinarySaveData.cpp:17    INFO| Writing 274501 bytes
2026-03-15 21:40:12 [LoadTaskScheduler]     BinaryLoadData.cpp:12    INFO| Reading 412357 bytes
2026-03-15 21:40:12 [LoadTaskScheduler]              World.cpp:1292  INFO| Finished loadMapDataTask (0.014471 seconds)
2026-03-15 21:40:12 [LoadTaskScheduler]              World.cpp:1341  INFO| Calling PostLoad
2026-03-15 21:40:12 [LoadTaskScheduler]   GameAssetManager.cpp:668   INFO| Loading package: HermesUpgrade.pkg
2026-03-15 21:40:12 [LoadTaskScheduler]   GameAssetManager.cpp:668   INFO| Loading package: ZeusUpgrade.pkg
2026-03-15 21:40:12 [LoadTaskScheduler]   GameAssetManager.cpp:668   INFO| Loading package: HephaestusUpgrade.pkg
2026-03-15 21:40:12 [LoadTaskScheduler]   GameAssetManager.cpp:668   INFO| Loading package: AphroditeUpgrade.pkg
2026-03-15 21:40:12 [LoadTaskScheduler]       AudioManager.cpp:1273  INFO| Unloaded Voice bank: Odysseus in 0.00s
2026-03-15 21:40:12 [LoadTaskScheduler]       AudioManager.cpp:1273  INFO| Unloaded Voice bank: Selene in 0.00s
2026-03-15 21:40:12 [LoadTaskScheduler]   GameAssetManager.cpp:668   INFO| Loading package: Scylla.pkg
2026-03-15 21:40:12 [LoadTaskScheduler]   GameAssetManager.cpp:581   INFO| Start reading manifest Scylla
2026-03-15 21:40:12 [LoadTaskScheduler]   GameAssetManager.cpp:642   INFO| Done reading manifest Scylla
2026-03-15 21:40:12 [LoadTaskScheduler]   GameAssetManager.cpp:697   INFO| Package Loaded: Scylla 56Mb in 0.02s
2026-03-15 21:40:12 [LoadTaskScheduler]              World.cpp:1343  INFO| Finished PostLoad
2026-03-15 21:40:12 [LoadTaskScheduler]              World.cpp:1348  INFO| Finished postLoadTask (0.052415 seconds)
2026-03-15 21:40:12 [MainThread      ]              World.cpp:1359  INFO| Started loadScreen onExit
2026-03-15 21:40:12 [MainThread      ]      ScriptManager.cpp:1001  INFO| Lua GC took 0.04 seconds
2026-03-15 21:40:12 [MainThread      ]       AudioManager.cpp:1233  INFO| Voice bank loaded successfully: Odysseus (586 lines in 0.000735 seconds)
2026-03-15 21:40:12 [MainThread      ]   GameAssetManager.cpp:668   INFO| Loading package: WeaponSpellTimeSlow.pkg
2026-03-15 21:40:12 [MainThread      ]       AudioManager.cpp:1233  INFO| Voice bank loaded successfully: Scylla (450 lines in 0.013693 seconds)
2026-03-15 21:40:12 [MainThread      ]              World.cpp:1366  INFO| Finished loadScreen onExit (0.064319 seconds)
2026-03-15 21:41:13 [MainThread      ]     BinarySaveData.cpp:42    INFO| PrepareForWrite dataSize = 9 bytes
2026-03-15 21:41:13 [SmallTaskScheduler]     BinarySaveData.cpp:17    INFO| Writing 9 bytes
2026-03-15 21:43:30 [MainThread      ]    ProgressManager.cpp:1106  INFO| Lua::Save() : 0.004043 s
2026-03-15 21:43:30 [MainThread      ]    ProgressManager.cpp:1038  INFO| GatherSaveData : 0.005048 s
2026-03-15 21:43:30 [MainThread      ]     BinarySaveData.cpp:42    INFO| PrepareForWrite dataSize = 277282 bytes
2026-03-15 21:43:30 [MainThread      ]     BinarySaveData.cpp:47    INFO| PrepareForWrite checksum = 284b4823 bytes
2026-03-15 21:43:30 [MainThread      ]     BinarySaveData.cpp:42    INFO| PrepareForWrite dataSize = 9 bytes
2026-03-15 21:43:30 [SmallTaskScheduler]     BinarySaveData.cpp:17    INFO| Writing 277282 bytes
2026-03-15 21:43:30 [SmallTaskScheduler]     BinarySaveData.cpp:17    INFO| Writing 9 bytes
2026-03-15 21:43:34 [MainThread      ]     BinarySaveData.cpp:42    INFO| PrepareForWrite dataSize = 9 bytes
2026-03-15 21:43:34 [MainThread      ]   GameAssetManager.cpp:894   INFO| Unloading: Scylla
2026-03-15 21:43:34 [MainThread      ]   GameAssetManager.cpp:899   INFO| 	Scylla bank: 0.00 ms
2026-03-15 21:43:34 [SmallTaskScheduler]     BinarySaveData.cpp:17    INFO| Writing 9 bytes
2026-03-15 21:43:34 [MainThread      ]   GameAssetManager.cpp:906   INFO| 	Scylla package: 0.40 ms
2026-03-15 21:43:34 [MainThread      ]              World.cpp:1373  INFO| World::Begin() G_Boss01 -> G_PostBoss01
2026-03-15 21:43:34 [MainThread      ]                 Pool.h:210   INFO| Projectile 0 / 217 (max 32) (594kb)
2026-03-15 21:43:34 [MainThread      ]                 Pool.h:210   INFO| HomingProjectile 0 / 108 (max 47) (297kb)
2026-03-15 21:43:34 [MainThread      ]                 Pool.h:210   INFO| BeamProjectile 0 / 81 (max 0) (225kb)
2026-03-15 21:43:34 [MainThread      ]                 Pool.h:210   INFO| LobProjectile 0 / 81 (max 7) (224kb)
2026-03-15 21:43:34 [MainThread      ]                 Pool.h:210   INFO| ArcProjectile 0 / 81 (max 8) (223kb)
2026-03-15 21:43:34 [MainThread      ]                 Pool.h:210   INFO| InstantProjectile 0 / 108 (max 9) (295kb)
2026-03-15 21:43:34 [MainThread      ]                 Pool.h:210   INFO| Effect 0 / 256 (max 47) (79kb)
2026-03-15 21:43:34 [MainThread      ]    ProgressManager.cpp:1106  INFO| Lua::Save() : 0.003871 s
2026-03-15 21:43:34 [MainThread      ]    ProgressManager.cpp:1038  INFO| GatherSaveData : 0.004867 s
2026-03-15 21:43:34 [MainThread      ]     BinarySaveData.cpp:42    INFO| PrepareForWrite dataSize = 275682 bytes
2026-03-15 21:43:34 [MainThread      ]     BinarySaveData.cpp:47    INFO| PrepareForWrite checksum = 33709da0 bytes
2026-03-15 21:43:34 [MainThread      ]              World.cpp:1435  INFO| Finished World::Begin (0.016492 seconds)
2026-03-15 21:43:34 [LoadTaskScheduler]              World.cpp:1263  INFO| Started loadMapDataTask (G_PostBoss01)
2026-03-15 21:43:34 [LoadTaskScheduler]              World.cpp:1298  INFO| Started preScriptLoadTask
2026-03-15 21:43:34 [LoadTaskScheduler]              World.cpp:1304  INFO| Finished preScriptLoadTask (0.000001 seconds)
2026-03-15 21:43:34 [LoadTaskScheduler]              World.cpp:1313  INFO| Started loadPackagesTask
2026-03-15 21:43:34 [LoadTaskScheduler]              World.cpp:1317  INFO| Finished loadPackagesTask (0.000004 seconds)
2026-03-15 21:43:34 [LoadTaskScheduler]              World.cpp:1324  INFO| Started postLoadTask
2026-03-15 21:43:34 [LoadTaskScheduler]              World.cpp:1334  INFO| Done waiting for packages and pre-scripts task
2026-03-15 21:43:34 [SmallTaskScheduler]     BinarySaveData.cpp:17    INFO| Writing 275682 bytes
2026-03-15 21:43:34 [LoadTaskScheduler]     BinaryLoadData.cpp:12    INFO| Reading 155031 bytes
2026-03-15 21:43:34 [LoadTaskScheduler]              World.cpp:1292  INFO| Finished loadMapDataTask (0.013035 seconds)
2026-03-15 21:43:34 [LoadTaskScheduler]              World.cpp:1341  INFO| Calling PostLoad
2026-03-15 21:43:34 [LoadTaskScheduler]   GameAssetManager.cpp:668   INFO| Loading package: HermesUpgrade.pkg
2026-03-15 21:43:34 [LoadTaskScheduler]   GameAssetManager.cpp:668   INFO| Loading package: ZeusUpgrade.pkg
2026-03-15 21:43:34 [LoadTaskScheduler]   GameAssetManager.cpp:668   INFO| Loading package: HephaestusUpgrade.pkg
2026-03-15 21:43:34 [LoadTaskScheduler]   GameAssetManager.cpp:668   INFO| Loading package: AphroditeUpgrade.pkg
2026-03-15 21:43:34 [LoadTaskScheduler]       AudioManager.cpp:1273  INFO| Unloaded Voice bank: Odysseus in 0.00s
2026-03-15 21:43:34 [LoadTaskScheduler]       AudioManager.cpp:1273  INFO| Unloaded Voice bank: Scylla in 0.00s
2026-03-15 21:43:34 [LoadTaskScheduler]              World.cpp:1343  INFO| Finished PostLoad
2026-03-15 21:43:34 [LoadTaskScheduler]              World.cpp:1348  INFO| Finished postLoadTask (0.028283 seconds)
2026-03-15 21:43:34 [MainThread      ]              World.cpp:1359  INFO| Started loadScreen onExit
2026-03-15 21:43:35 [MainThread      ]      ScriptManager.cpp:1001  INFO| Lua GC took 0.05 seconds
2026-03-15 21:43:35 [MainThread      ]       AudioManager.cpp:1233  INFO| Voice bank loaded successfully: Odysseus (586 lines in 0.000715 seconds)
2026-03-15 21:43:35 [MainThread      ]   GameAssetManager.cpp:668   INFO| Loading package: WeaponSpellTimeSlow.pkg
2026-03-15 21:43:35 [MainThread      ]       AudioManager.cpp:1233  INFO| Voice bank loaded successfully: AphroditeKeepsake (3 lines in 0.000267 seconds)
2026-03-15 21:43:35 [MainThread      ]       AudioManager.cpp:1233  INFO| Voice bank loaded successfully: ApolloKeepsake (2 lines in 0.000202 seconds)
2026-03-15 21:43:35 [MainThread      ]       AudioManager.cpp:1233  INFO| Voice bank loaded successfully: ArachneKeepsake (2 lines in 0.000212 seconds)
2026-03-15 21:43:35 [MainThread      ]       AudioManager.cpp:1233  INFO| Voice bank loaded successfully: AresKeepsake (2 lines in 0.000269 seconds)
2026-03-15 21:43:35 [MainThread      ]       AudioManager.cpp:1233  INFO| Voice bank loaded successfully: ArtemisKeepsake (2 lines in 0.000184 seconds)
2026-03-15 21:43:35 [MainThread      ]       AudioManager.cpp:1233  INFO| Voice bank loaded successfully: AthenaKeepsake (2 lines in 0.000200 seconds)
2026-03-15 21:43:35 [MainThread      ]       AudioManager.cpp:1233  INFO| Voice bank loaded successfully: ChaosKeepsake (2 lines in 0.000250 seconds)
2026-03-15 21:43:35 [MainThread      ]       AudioManager.cpp:1233  INFO| Voice bank loaded successfully: CharonKeepsake (2 lines in 0.000181 seconds)
2026-03-15 21:43:35 [MainThread      ]       AudioManager.cpp:1233  INFO| Voice bank loaded successfully: ChronosKeepsake (2 lines in 0.000307 seconds)
2026-03-15 21:43:35 [MainThread      ]       AudioManager.cpp:1233  INFO| Voice bank loaded successfully: CirceKeepsake (2 lines in 0.000238 seconds)
2026-03-15 21:43:35 [MainThread      ]       AudioManager.cpp:1233  INFO| Voice bank loaded successfully: DemeterKeepsake (2 lines in 0.000184 seconds)
2026-03-15 21:43:35 [MainThread      ]       AudioManager.cpp:1233  INFO| Voice bank loaded successfully: DionysusKeepsake (2 lines in 0.000266 seconds)
2026-03-15 21:43:35 [MainThread      ]       AudioManager.cpp:1233  INFO| Voice bank loaded successfully: DoraKeepsake (2 lines in 0.000188 seconds)
2026-03-15 21:43:35 [MainThread      ]       AudioManager.cpp:1233  INFO| Voice bank loaded successfully: EchoKeepsake (2 lines in 0.000251 seconds)
2026-03-15 21:43:35 [MainThread      ]       AudioManager.cpp:1233  INFO| Voice bank loaded successfully: ErisKeepsake (2 lines in 0.000203 seconds)
2026-03-15 21:43:35 [MainThread      ]       AudioManager.cpp:1233  INFO| Voice bank loaded successfully: HadesKeepsake (2 lines in 0.000172 seconds)
2026-03-15 21:43:35 [MainThread      ]       AudioManager.cpp:1233  INFO| Voice bank loaded successfully: HecateKeepsake (3 lines in 0.000190 seconds)
2026-03-15 21:43:35 [MainThread      ]       AudioManager.cpp:1233  INFO| Voice bank loaded successfully: HephaestusKeepsake (2 lines in 0.000232 seconds)
2026-03-15 21:43:35 [MainThread      ]       AudioManager.cpp:1233  INFO| Voice bank loaded successfully: HeraclesKeepsake (2 lines in 0.000255 seconds)
2026-03-15 21:43:35 [MainThread      ]       AudioManager.cpp:1233  INFO| Voice bank loaded successfully: HeraKeepsake (4 lines in 0.000177 seconds)
2026-03-15 21:43:35 [MainThread      ]       AudioManager.cpp:1233  INFO| Voice bank loaded successfully: HermesKeepsake (2 lines in 0.000171 seconds)
2026-03-15 21:43:35 [MainThread      ]       AudioManager.cpp:1233  INFO| Voice bank loaded successfully: HestiaKeepsake (2 lines in 0.000190 seconds)
2026-03-15 21:43:35 [MainThread      ]       AudioManager.cpp:1233  INFO| Voice bank loaded successfully: IcarusKeepsake (2 lines in 0.000185 seconds)
2026-03-15 21:43:35 [MainThread      ]       AudioManager.cpp:1233  INFO| Voice bank loaded successfully: MedeaKeepsake (2 lines in 0.000249 seconds)
2026-03-15 21:43:35 [MainThread      ]       AudioManager.cpp:1233  INFO| Voice bank loaded successfully: MorosKeepsake (2 lines in 0.000273 seconds)
2026-03-15 21:43:35 [MainThread      ]       AudioManager.cpp:1233  INFO| Voice bank loaded successfully: NarcissusKeepsake (4 lines in 0.000192 seconds)
2026-03-15 21:43:35 [MainThread      ]       AudioManager.cpp:1233  INFO| Voice bank loaded successfully: NemesisKeepsake (4 lines in 0.000215 seconds)
2026-03-15 21:43:35 [MainThread      ]       AudioManager.cpp:1233  INFO| Voice bank loaded successfully: OdysseusKeepsake (2 lines in 0.000182 seconds)
2026-03-15 21:43:35 [MainThread      ]       AudioManager.cpp:1233  INFO| Voice bank loaded successfully: PersephoneKeepsake (2 lines in 0.000261 seconds)
2026-03-15 21:43:35 [MainThread      ]       AudioManager.cpp:1233  INFO| Voice bank loaded successfully: PoseidonKeepsake (2 lines in 0.000200 seconds)
2026-03-15 21:43:35 [MainThread      ]       AudioManager.cpp:1233  INFO| Voice bank loaded successfully: SeleneKeepsake (2 lines in 0.000205 seconds)
2026-03-15 21:43:35 [MainThread      ]       AudioManager.cpp:1233  INFO| Voice bank loaded successfully: SkellyKeepsake (3 lines in 0.000211 seconds)
2026-03-15 21:43:35 [MainThread      ]       AudioManager.cpp:1233  INFO| Voice bank loaded successfully: ZagreusKeepsake (2 lines in 0.000210 seconds)
2026-03-15 21:43:35 [MainThread      ]       AudioManager.cpp:1233  INFO| Voice bank loaded successfully: ZeusKeepsake (2 lines in 0.000218 seconds)
2026-03-15 21:43:35 [MainThread      ]              World.cpp:1366  INFO| Finished loadScreen onExit (0.060105 seconds)
2026-03-15 21:44:05 [MainThread      ]   GameAssetManager.cpp:894   INFO| Unloading: BiomeG
2026-03-15 21:44:05 [MainThread      ]   GameAssetManager.cpp:899   INFO| 	BiomeG bank: 0.00 ms
2026-03-15 21:44:05 [MainThread      ]   GameAssetManager.cpp:906   INFO| 	BiomeG package: 3.77 ms
2026-03-15 21:44:05 [MainThread      ]   GameAssetManager.cpp:668   INFO| Loading package: BiomeMap.pkg
2026-03-15 21:44:05 [MainThread      ]   GameAssetManager.cpp:581   INFO| Start reading manifest BiomeMap
2026-03-15 21:44:05 [MainThread      ]   GameAssetManager.cpp:642   INFO| Done reading manifest BiomeMap
2026-03-15 21:44:05 [MainThread      ]   GameAssetManager.cpp:697   INFO| Package Loaded: BiomeMap 76Mb in 0.03s
2026-03-15 21:44:05 [MainThread      ]       AudioManager.cpp:966   INFO| Loading bank: BiomeMap
2026-03-15 21:44:05 [MainThread      ]       AudioManager.cpp:981   INFO| Audio bank loaded successfully: BiomeMap (6Mb in 0.03s)
2026-03-15 21:44:11 [MainThread      ]     BinarySaveData.cpp:42    INFO| PrepareForWrite dataSize = 9 bytes
2026-03-15 21:44:11 [SmallTaskScheduler]     BinarySaveData.cpp:17    INFO| Writing 9 bytes
2026-03-15 21:44:11 [MainThread      ]              World.cpp:1373  INFO| World::Begin() G_PostBoss01 -> H_Intro
2026-03-15 21:44:11 [MainThread      ]                 Pool.h:210   INFO| Projectile 0 / 217 (max 32) (594kb)
2026-03-15 21:44:11 [MainThread      ]                 Pool.h:210   INFO| HomingProjectile 0 / 108 (max 47) (297kb)
2026-03-15 21:44:11 [MainThread      ]                 Pool.h:210   INFO| BeamProjectile 0 / 81 (max 0) (225kb)
2026-03-15 21:44:11 [MainThread      ]                 Pool.h:210   INFO| LobProjectile 0 / 81 (max 7) (224kb)
2026-03-15 21:44:11 [MainThread      ]                 Pool.h:210   INFO| ArcProjectile 0 / 81 (max 8) (223kb)
2026-03-15 21:44:11 [MainThread      ]                 Pool.h:210   INFO| InstantProjectile 0 / 108 (max 9) (295kb)
2026-03-15 21:44:11 [MainThread      ]                 Pool.h:210   INFO| Effect 0 / 256 (max 47) (79kb)
2026-03-15 21:44:11 [MainThread      ]    ProgressManager.cpp:1106  INFO| Lua::Save() : 0.004022 s
2026-03-15 21:44:11 [MainThread      ]    ProgressManager.cpp:1038  INFO| GatherSaveData : 0.005021 s
2026-03-15 21:44:11 [MainThread      ]     BinarySaveData.cpp:42    INFO| PrepareForWrite dataSize = 276161 bytes
2026-03-15 21:44:11 [MainThread      ]     BinarySaveData.cpp:47    INFO| PrepareForWrite checksum = 7263086e bytes
2026-03-15 21:44:11 [MainThread      ]   GameAssetManager.cpp:894   INFO| Unloading: BiomeMap
2026-03-15 21:44:11 [MainThread      ]   GameAssetManager.cpp:899   INFO| 	BiomeMap bank: 0.00 ms
2026-03-15 21:44:11 [MainThread      ]   GameAssetManager.cpp:906   INFO| 	BiomeMap package: 0.06 ms
2026-03-15 21:44:11 [MainThread      ]   GameAssetManager.cpp:894   INFO| Unloading: WeaponBlink
2026-03-15 21:44:11 [MainThread      ]   GameAssetManager.cpp:899   INFO| 	WeaponBlink bank: 0.00 ms
2026-03-15 21:44:11 [MainThread      ]   GameAssetManager.cpp:906   INFO| 	WeaponBlink package: 0.07 ms
2026-03-15 21:44:11 [MainThread      ]   GameAssetManager.cpp:894   INFO| Unloading: WeaponCast
2026-03-15 21:44:11 [MainThread      ]   GameAssetManager.cpp:899   INFO| 	WeaponCast bank: 0.00 ms
2026-03-15 21:44:11 [SmallTaskScheduler]     BinarySaveData.cpp:17    INFO| Writing 276161 bytes
2026-03-15 21:44:11 [MainThread      ]   GameAssetManager.cpp:906   INFO| 	WeaponCast package: 0.83 ms
2026-03-15 21:44:11 [MainThread      ]   GameAssetManager.cpp:894   INFO| Unloading: WeaponAxe
2026-03-15 21:44:11 [MainThread      ]   GameAssetManager.cpp:899   INFO| 	WeaponAxe bank: 0.00 ms
2026-03-15 21:44:11 [MainThread      ]   GameAssetManager.cpp:906   INFO| 	WeaponAxe package: 0.38 ms
2026-03-15 21:44:11 [MainThread      ]              World.cpp:1435  INFO| Finished World::Begin (0.010632 seconds)
2026-03-15 21:44:11 [LoadTaskScheduler]              World.cpp:1263  INFO| Started loadMapDataTask (H_Intro)
2026-03-15 21:44:11 [LoadTaskScheduler]              World.cpp:1298  INFO| Started preScriptLoadTask
2026-03-15 21:44:11 [LoadTaskScheduler]              World.cpp:1304  INFO| Finished preScriptLoadTask (0.000000 seconds)
2026-03-15 21:44:11 [LoadTaskScheduler]              World.cpp:1313  INFO| Started loadPackagesTask
2026-03-15 21:44:11 [LoadTaskScheduler]   GameAssetManager.cpp:668   INFO| Loading package: BiomeH.pkg
2026-03-15 21:44:11 [LoadTaskScheduler]   GameAssetManager.cpp:581   INFO| Start reading manifest BiomeH
2026-03-15 21:44:11 [LoadTaskScheduler]   GameAssetManager.cpp:642   INFO| Done reading manifest BiomeH
2026-03-15 21:44:11 [LoadTaskScheduler]     BinaryLoadData.cpp:12    INFO| Reading 739694 bytes
2026-03-15 21:44:11 [LoadTaskScheduler]              World.cpp:1292  INFO| Finished loadMapDataTask (0.017950 seconds)
2026-03-15 21:44:11 [LoadTaskScheduler]              World.cpp:1324  INFO| Started postLoadTask
2026-03-15 21:44:11 [LoadTaskScheduler]   GameAssetManager.cpp:697   INFO| Package Loaded: BiomeH 404Mb in 0.16s
2026-03-15 21:44:11 [LoadTaskScheduler]       AudioManager.cpp:966   INFO| Loading bank: BiomeH
2026-03-15 21:44:11 [LoadTaskScheduler]       AudioManager.cpp:981   INFO| Audio bank loaded successfully: BiomeH (16Mb in 0.04s)
2026-03-15 21:44:11 [LoadTaskScheduler]              World.cpp:1317  INFO| Finished loadPackagesTask (0.203170 seconds)
2026-03-15 21:44:11 [LoadTaskScheduler]              World.cpp:1334  INFO| Done waiting for packages and pre-scripts task
2026-03-15 21:44:11 [LoadTaskScheduler]              World.cpp:1341  INFO| Calling PostLoad
2026-03-15 21:44:11 [LoadTaskScheduler]   GameAssetManager.cpp:668   INFO| Loading package: HermesUpgrade.pkg
2026-03-15 21:44:11 [LoadTaskScheduler]   GameAssetManager.cpp:668   INFO| Loading package: ZeusUpgrade.pkg
2026-03-15 21:44:11 [LoadTaskScheduler]   GameAssetManager.cpp:668   INFO| Loading package: HephaestusUpgrade.pkg
2026-03-15 21:44:11 [LoadTaskScheduler]   GameAssetManager.cpp:668   INFO| Loading package: AphroditeUpgrade.pkg
2026-03-15 21:44:11 [LoadTaskScheduler]       AudioManager.cpp:1273  INFO| Unloaded Voice bank: ZagreusKeepsake in 0.00s
2026-03-15 21:44:11 [LoadTaskScheduler]       AudioManager.cpp:1273  INFO| Unloaded Voice bank: CirceKeepsake in 0.00s
2026-03-15 21:44:11 [LoadTaskScheduler]       AudioManager.cpp:1273  INFO| Unloaded Voice bank: HeraclesKeepsake in 0.00s
2026-03-15 21:44:11 [LoadTaskScheduler]       AudioManager.cpp:1273  INFO| Unloaded Voice bank: EchoKeepsake in 0.00s
2026-03-15 21:44:11 [LoadTaskScheduler]       AudioManager.cpp:1273  INFO| Unloaded Voice bank: ChaosKeepsake in 0.00s
2026-03-15 21:44:11 [LoadTaskScheduler]       AudioManager.cpp:1273  INFO| Unloaded Voice bank: PoseidonKeepsake in 0.00s
2026-03-15 21:44:11 [LoadTaskScheduler]       AudioManager.cpp:1273  INFO| Unloaded Voice bank: HestiaKeepsake in 0.00s
2026-03-15 21:44:11 [LoadTaskScheduler]       AudioManager.cpp:1273  INFO| Unloaded Voice bank: SeleneKeepsake in 0.00s
2026-03-15 21:44:11 [LoadTaskScheduler]       AudioManager.cpp:1273  INFO| Unloaded Voice bank: HecateKeepsake in 0.00s
2026-03-15 21:44:11 [LoadTaskScheduler]       AudioManager.cpp:1273  INFO| Unloaded Voice bank: PersephoneKeepsake in 0.00s
2026-03-15 21:44:11 [LoadTaskScheduler]       AudioManager.cpp:1273  INFO| Unloaded Voice bank: HephaestusKeepsake in 0.00s
2026-03-15 21:44:11 [LoadTaskScheduler]       AudioManager.cpp:1273  INFO| Unloaded Voice bank: Odysseus in 0.00s
2026-03-15 21:44:11 [LoadTaskScheduler]       AudioManager.cpp:1273  INFO| Unloaded Voice bank: SkellyKeepsake in 0.00s
2026-03-15 21:44:11 [LoadTaskScheduler]       AudioManager.cpp:1273  INFO| Unloaded Voice bank: ArtemisKeepsake in 0.00s
2026-03-15 21:44:11 [LoadTaskScheduler]       AudioManager.cpp:1273  INFO| Unloaded Voice bank: ErisKeepsake in 0.00s
2026-03-15 21:44:11 [LoadTaskScheduler]       AudioManager.cpp:1273  INFO| Unloaded Voice bank: ArachneKeepsake in 0.00s
2026-03-15 21:44:11 [LoadTaskScheduler]       AudioManager.cpp:1273  INFO| Unloaded Voice bank: IcarusKeepsake in 0.00s
2026-03-15 21:44:11 [LoadTaskScheduler]       AudioManager.cpp:1273  INFO| Unloaded Voice bank: AresKeepsake in 0.00s
2026-03-15 21:44:11 [LoadTaskScheduler]       AudioManager.cpp:1273  INFO| Unloaded Voice bank: DionysusKeepsake in 0.00s
2026-03-15 21:44:11 [LoadTaskScheduler]       AudioManager.cpp:1273  INFO| Unloaded Voice bank: ApolloKeepsake in 0.00s
2026-03-15 21:44:11 [LoadTaskScheduler]       AudioManager.cpp:1273  INFO| Unloaded Voice bank: AthenaKeepsake in 0.00s
2026-03-15 21:44:11 [LoadTaskScheduler]       AudioManager.cpp:1273  INFO| Unloaded Voice bank: MedeaKeepsake in 0.00s
2026-03-15 21:44:11 [LoadTaskScheduler]       AudioManager.cpp:1273  INFO| Unloaded Voice bank: HermesKeepsake in 0.00s
2026-03-15 21:44:11 [LoadTaskScheduler]       AudioManager.cpp:1273  INFO| Unloaded Voice bank: ZeusKeepsake in 0.00s
2026-03-15 21:44:11 [LoadTaskScheduler]       AudioManager.cpp:1273  INFO| Unloaded Voice bank: DoraKeepsake in 0.00s
2026-03-15 21:44:11 [LoadTaskScheduler]       AudioManager.cpp:1273  INFO| Unloaded Voice bank: NemesisKeepsake in 0.00s
2026-03-15 21:44:11 [LoadTaskScheduler]       AudioManager.cpp:1273  INFO| Unloaded Voice bank: ChronosKeepsake in 0.00s
2026-03-15 21:44:11 [LoadTaskScheduler]       AudioManager.cpp:1273  INFO| Unloaded Voice bank: AphroditeKeepsake in 0.00s
2026-03-15 21:44:11 [LoadTaskScheduler]       AudioManager.cpp:1273  INFO| Unloaded Voice bank: HeraKeepsake in 0.00s
2026-03-15 21:44:11 [LoadTaskScheduler]       AudioManager.cpp:1273  INFO| Unloaded Voice bank: NarcissusKeepsake in 0.00s
2026-03-15 21:44:11 [LoadTaskScheduler]       AudioManager.cpp:1273  INFO| Unloaded Voice bank: HadesKeepsake in 0.00s
2026-03-15 21:44:11 [LoadTaskScheduler]       AudioManager.cpp:1273  INFO| Unloaded Voice bank: MorosKeepsake in 0.00s
2026-03-15 21:44:11 [LoadTaskScheduler]       AudioManager.cpp:1273  INFO| Unloaded Voice bank: DemeterKeepsake in 0.00s
2026-03-15 21:44:11 [LoadTaskScheduler]       AudioManager.cpp:1273  INFO| Unloaded Voice bank: OdysseusKeepsake in 0.00s
2026-03-15 21:44:11 [LoadTaskScheduler]       AudioManager.cpp:1273  INFO| Unloaded Voice bank: CharonKeepsake in 0.00s
2026-03-15 21:44:11 [LoadTaskScheduler]              World.cpp:1343  INFO| Finished PostLoad
2026-03-15 21:44:11 [LoadTaskScheduler]              World.cpp:1348  INFO| Finished postLoadTask (0.234243 seconds)
2026-03-15 21:44:11 [MainThread      ]              World.cpp:1359  INFO| Started loadScreen onExit
2026-03-15 21:44:11 [MainThread      ]      ScriptManager.cpp:1001  INFO| Lua GC took 0.04 seconds
2026-03-15 21:44:11 [MainThread      ]   GameAssetManager.cpp:668   INFO| Loading package: WeaponBlink.pkg
2026-03-15 21:44:11 [MainThread      ]   GameAssetManager.cpp:581   INFO| Start reading manifest WeaponBlink
2026-03-15 21:44:11 [MainThread      ]   GameAssetManager.cpp:642   INFO| Done reading manifest WeaponBlink
2026-03-15 21:44:11 [MainThread      ]   GameAssetManager.cpp:697   INFO| Package Loaded: WeaponBlink 2Mb in 0.00s
2026-03-15 21:44:11 [MainThread      ]       AudioManager.cpp:966   INFO| Loading bank: WeaponBlink
2026-03-15 21:44:11 [MainThread      ]       AudioManager.cpp:981   INFO| Audio bank loaded successfully: WeaponBlink (0Mb in 0.05s)
2026-03-15 21:44:11 [MainThread      ]   GameAssetManager.cpp:668   INFO| Loading package: WeaponCast.pkg
2026-03-15 21:44:11 [MainThread      ]   GameAssetManager.cpp:581   INFO| Start reading manifest WeaponCast
2026-03-15 21:44:11 [MainThread      ]   GameAssetManager.cpp:642   INFO| Done reading manifest WeaponCast
2026-03-15 21:44:11 [MainThread      ]   GameAssetManager.cpp:697   INFO| Package Loaded: WeaponCast 36Mb in 0.01s
2026-03-15 21:44:11 [MainThread      ]       AudioManager.cpp:966   INFO| Loading bank: WeaponCast
2026-03-15 21:44:11 [MainThread      ]       AudioManager.cpp:981   INFO| Audio bank loaded successfully: WeaponCast (0Mb in 0.03s)
2026-03-15 21:44:11 [MainThread      ]   GameAssetManager.cpp:668   INFO| Loading package: WeaponAxe.pkg
2026-03-15 21:44:11 [MainThread      ]   GameAssetManager.cpp:581   INFO| Start reading manifest WeaponAxe
2026-03-15 21:44:11 [MainThread      ]   GameAssetManager.cpp:642   INFO| Done reading manifest WeaponAxe
2026-03-15 21:44:11 [MainThread      ]   GameAssetManager.cpp:697   INFO| Package Loaded: WeaponAxe 13Mb in 0.01s
2026-03-15 21:44:11 [MainThread      ]       AudioManager.cpp:966   INFO| Loading bank: WeaponAxe
2026-03-15 21:44:11 [MainThread      ]       AudioManager.cpp:981   INFO| Audio bank loaded successfully: WeaponAxe (0Mb in 0.03s)
2026-03-15 21:44:11 [MainThread      ]   GameAssetManager.cpp:668   INFO| Loading package: WeaponSpellTimeSlow.pkg
2026-03-15 21:44:11 [MainThread      ]              World.cpp:1366  INFO| Finished loadScreen onExit (0.182873 seconds)
2026-03-15 21:44:35 [MainThread      ]     BinarySaveData.cpp:42    INFO| PrepareForWrite dataSize = 9 bytes
2026-03-15 21:44:35 [SmallTaskScheduler]     BinarySaveData.cpp:17    INFO| Writing 9 bytes
2026-03-15 21:44:35 [MainThread      ]              World.cpp:1373  INFO| World::Begin() H_Intro -> H_Combat09
2026-03-15 21:44:35 [MainThread      ]                 Pool.h:210   INFO| Projectile 0 / 217 (max 32) (594kb)
2026-03-15 21:44:35 [MainThread      ]                 Pool.h:210   INFO| HomingProjectile 0 / 108 (max 47) (297kb)
2026-03-15 21:44:35 [MainThread      ]                 Pool.h:210   INFO| BeamProjectile 0 / 81 (max 0) (225kb)
2026-03-15 21:44:35 [MainThread      ]                 Pool.h:210   INFO| LobProjectile 0 / 81 (max 7) (224kb)
2026-03-15 21:44:35 [MainThread      ]                 Pool.h:210   INFO| ArcProjectile 0 / 81 (max 8) (223kb)
2026-03-15 21:44:35 [MainThread      ]                 Pool.h:210   INFO| InstantProjectile 0 / 108 (max 9) (295kb)
2026-03-15 21:44:35 [MainThread      ]                 Pool.h:210   INFO| Effect 0 / 256 (max 47) (79kb)
2026-03-15 21:44:35 [MainThread      ]    ProgressManager.cpp:1106  INFO| Lua::Save() : 0.003860 s
2026-03-15 21:44:35 [MainThread      ]    ProgressManager.cpp:1038  INFO| GatherSaveData : 0.004849 s
2026-03-15 21:44:35 [MainThread      ]     BinarySaveData.cpp:42    INFO| PrepareForWrite dataSize = 278981 bytes
2026-03-15 21:44:35 [MainThread      ]     BinarySaveData.cpp:47    INFO| PrepareForWrite checksum = beafc3cd bytes
2026-03-15 21:44:35 [MainThread      ]              World.cpp:1435  INFO| Finished World::Begin (0.024767 seconds)
2026-03-15 21:44:35 [LoadTaskScheduler]              World.cpp:1263  INFO| Started loadMapDataTask (H_Combat09)
2026-03-15 21:44:35 [LoadTaskScheduler]              World.cpp:1298  INFO| Started preScriptLoadTask
2026-03-15 21:44:35 [LoadTaskScheduler]              World.cpp:1304  INFO| Finished preScriptLoadTask (0.000000 seconds)
2026-03-15 21:44:35 [LoadTaskScheduler]              World.cpp:1313  INFO| Started loadPackagesTask
2026-03-15 21:44:35 [LoadTaskScheduler]              World.cpp:1317  INFO| Finished loadPackagesTask (0.000003 seconds)
2026-03-15 21:44:35 [LoadTaskScheduler]              World.cpp:1324  INFO| Started postLoadTask
2026-03-15 21:44:35 [LoadTaskScheduler]              World.cpp:1334  INFO| Done waiting for packages and pre-scripts task
2026-03-15 21:44:35 [SmallTaskScheduler]     BinarySaveData.cpp:17    INFO| Writing 278981 bytes
2026-03-15 21:44:35 [LoadTaskScheduler]     BinaryLoadData.cpp:12    INFO| Reading 470629 bytes
2026-03-15 21:44:35 [LoadTaskScheduler]              World.cpp:1292  INFO| Finished loadMapDataTask (0.018705 seconds)
2026-03-15 21:44:35 [LoadTaskScheduler]              World.cpp:1341  INFO| Calling PostLoad
2026-03-15 21:44:35 [LoadTaskScheduler]   GameAssetManager.cpp:668   INFO| Loading package: HermesUpgrade.pkg
2026-03-15 21:44:35 [LoadTaskScheduler]   GameAssetManager.cpp:668   INFO| Loading package: ZeusUpgrade.pkg
2026-03-15 21:44:35 [LoadTaskScheduler]   GameAssetManager.cpp:668   INFO| Loading package: HephaestusUpgrade.pkg
2026-03-15 21:44:35 [LoadTaskScheduler]   GameAssetManager.cpp:668   INFO| Loading package: AphroditeUpgrade.pkg
2026-03-15 21:44:35 [LoadTaskScheduler]              World.cpp:1343  INFO| Finished PostLoad
2026-03-15 21:44:35 [LoadTaskScheduler]              World.cpp:1348  INFO| Finished postLoadTask (0.047074 seconds)
2026-03-15 21:44:35 [MainThread      ]              World.cpp:1359  INFO| Started loadScreen onExit
2026-03-15 21:44:35 [MainThread      ]      ScriptManager.cpp:1001  INFO| Lua GC took 0.03 seconds
2026-03-15 21:44:35 [MainThread      ]   GameAssetManager.cpp:668   INFO| Loading package: WeaponSpellTimeSlow.pkg
2026-03-15 21:44:35 [MainThread      ]       AudioManager.cpp:1233  INFO| Voice bank loaded successfully: Selene (469 lines in 0.000506 seconds)
2026-03-15 21:44:35 [MainThread      ]   GameAssetManager.cpp:668   INFO| Loading package: HestiaUpgrade.pkg
2026-03-15 21:44:35 [MainThread      ]   GameAssetManager.cpp:668   INFO| Loading package: Hestia.pkg
2026-03-15 21:44:35 [MainThread      ]   GameAssetManager.cpp:581   INFO| Start reading manifest Hestia
2026-03-15 21:44:35 [MainThread      ]   GameAssetManager.cpp:642   INFO| Done reading manifest Hestia
2026-03-15 21:44:35 [MainThread      ]   GameAssetManager.cpp:697   INFO| Package Loaded: Hestia 54Mb in 0.03s
2026-03-15 21:44:35 [MainThread      ]       AudioManager.cpp:1233  INFO| Voice bank loaded successfully: Hestia (234 lines in 0.011690 seconds)
2026-03-15 21:44:35 [MainThread      ]              World.cpp:1366  INFO| Finished loadScreen onExit (0.079251 seconds)
2026-03-15 21:45:09 [MainThread      ]     BinarySaveData.cpp:42    INFO| PrepareForWrite dataSize = 9 bytes
2026-03-15 21:45:09 [SmallTaskScheduler]     BinarySaveData.cpp:17    INFO| Writing 9 bytes
2026-03-15 21:46:20 [MainThread      ]    ProgressManager.cpp:1106  INFO| Lua::Save() : 0.005724 s
2026-03-15 21:46:20 [MainThread      ]    ProgressManager.cpp:1038  INFO| GatherSaveData : 0.006930 s
2026-03-15 21:46:20 [MainThread      ]     BinarySaveData.cpp:42    INFO| PrepareForWrite dataSize = 302104 bytes
2026-03-15 21:46:20 [MainThread      ]     BinarySaveData.cpp:47    INFO| PrepareForWrite checksum = 54518d67 bytes
2026-03-15 21:46:20 [MainThread      ]     BinarySaveData.cpp:42    INFO| PrepareForWrite dataSize = 9 bytes
2026-03-15 21:46:20 [SmallTaskScheduler]     BinarySaveData.cpp:17    INFO| Writing 302104 bytes
2026-03-15 21:46:20 [SmallTaskScheduler]     BinarySaveData.cpp:17    INFO| Writing 9 bytes
2026-03-15 21:46:33 [MainThread      ]     BinarySaveData.cpp:42    INFO| PrepareForWrite dataSize = 9 bytes
2026-03-15 21:46:33 [MainThread      ]   GameAssetManager.cpp:894   INFO| Unloading: Hestia
2026-03-15 21:46:33 [MainThread      ]   GameAssetManager.cpp:899   INFO| 	Hestia bank: 0.00 ms
2026-03-15 21:46:33 [MainThread      ]   GameAssetManager.cpp:906   INFO| 	Hestia package: 0.12 ms
2026-03-15 21:46:33 [SmallTaskScheduler]     BinarySaveData.cpp:17    INFO| Writing 9 bytes
2026-03-15 21:46:33 [MainThread      ]              World.cpp:1373  INFO| World::Begin() H_Combat09 -> H_Combat02
2026-03-15 21:46:33 [MainThread      ]                 Pool.h:210   INFO| Projectile 0 / 217 (max 32) (594kb)
2026-03-15 21:46:33 [MainThread      ]                 Pool.h:210   INFO| HomingProjectile 0 / 108 (max 47) (297kb)
2026-03-15 21:46:33 [MainThread      ]                 Pool.h:210   INFO| BeamProjectile 0 / 81 (max 0) (225kb)
2026-03-15 21:46:33 [MainThread      ]                 Pool.h:210   INFO| LobProjectile 0 / 81 (max 7) (224kb)
2026-03-15 21:46:33 [MainThread      ]                 Pool.h:210   INFO| ArcProjectile 0 / 81 (max 8) (223kb)
2026-03-15 21:46:33 [MainThread      ]                 Pool.h:210   INFO| InstantProjectile 0 / 108 (max 9) (295kb)
2026-03-15 21:46:33 [MainThread      ]                 Pool.h:210   INFO| Effect 0 / 256 (max 47) (79kb)
2026-03-15 21:46:33 [MainThread      ]    ProgressManager.cpp:1106  INFO| Lua::Save() : 0.004163 s
2026-03-15 21:46:33 [MainThread      ]    ProgressManager.cpp:1038  INFO| GatherSaveData : 0.005242 s
2026-03-15 21:46:33 [MainThread      ]     BinarySaveData.cpp:42    INFO| PrepareForWrite dataSize = 304308 bytes
2026-03-15 21:46:33 [MainThread      ]     BinarySaveData.cpp:47    INFO| PrepareForWrite checksum = d9b19e6d bytes
2026-03-15 21:46:33 [MainThread      ]              World.cpp:1435  INFO| Finished World::Begin (0.017730 seconds)
2026-03-15 21:46:33 [LoadTaskScheduler]              World.cpp:1263  INFO| Started loadMapDataTask (H_Combat02)
2026-03-15 21:46:33 [LoadTaskScheduler]              World.cpp:1298  INFO| Started preScriptLoadTask
2026-03-15 21:46:33 [LoadTaskScheduler]              World.cpp:1304  INFO| Finished preScriptLoadTask (0.000000 seconds)
2026-03-15 21:46:33 [LoadTaskScheduler]              World.cpp:1313  INFO| Started loadPackagesTask
2026-03-15 21:46:33 [LoadTaskScheduler]              World.cpp:1317  INFO| Finished loadPackagesTask (0.000003 seconds)
2026-03-15 21:46:33 [LoadTaskScheduler]              World.cpp:1324  INFO| Started postLoadTask
2026-03-15 21:46:33 [LoadTaskScheduler]              World.cpp:1334  INFO| Done waiting for packages and pre-scripts task
2026-03-15 21:46:33 [SmallTaskScheduler]     BinarySaveData.cpp:17    INFO| Writing 304308 bytes
2026-03-15 21:46:33 [LoadTaskScheduler]     BinaryLoadData.cpp:12    INFO| Reading 704197 bytes
2026-03-15 21:46:33 [LoadTaskScheduler]              World.cpp:1292  INFO| Finished loadMapDataTask (0.018094 seconds)
2026-03-15 21:46:33 [LoadTaskScheduler]              World.cpp:1341  INFO| Calling PostLoad
2026-03-15 21:46:33 [LoadTaskScheduler]   GameAssetManager.cpp:668   INFO| Loading package: HermesUpgrade.pkg
2026-03-15 21:46:33 [LoadTaskScheduler]   GameAssetManager.cpp:668   INFO| Loading package: ZeusUpgrade.pkg
2026-03-15 21:46:33 [LoadTaskScheduler]   GameAssetManager.cpp:668   INFO| Loading package: HestiaUpgrade.pkg
2026-03-15 21:46:33 [LoadTaskScheduler]   GameAssetManager.cpp:668   INFO| Loading package: HephaestusUpgrade.pkg
2026-03-15 21:46:33 [LoadTaskScheduler]   GameAssetManager.cpp:668   INFO| Loading package: AphroditeUpgrade.pkg
2026-03-15 21:46:33 [LoadTaskScheduler]       AudioManager.cpp:1273  INFO| Unloaded Voice bank: Hestia in 0.00s
2026-03-15 21:46:33 [LoadTaskScheduler]       AudioManager.cpp:1273  INFO| Unloaded Voice bank: Selene in 0.00s
2026-03-15 21:46:33 [LoadTaskScheduler]              World.cpp:1343  INFO| Finished PostLoad
2026-03-15 21:46:33 [LoadTaskScheduler]              World.cpp:1348  INFO| Finished postLoadTask (0.050709 seconds)
2026-03-15 21:46:33 [MainThread      ]              World.cpp:1359  INFO| Started loadScreen onExit
2026-03-15 21:46:33 [MainThread      ]      ScriptManager.cpp:1001  INFO| Lua GC took 0.05 seconds
2026-03-15 21:46:33 [MainThread      ]   GameAssetManager.cpp:668   INFO| Loading package: WeaponSpellTimeSlow.pkg
2026-03-15 21:46:33 [MainThread      ]              World.cpp:1366  INFO| Finished loadScreen onExit (0.060914 seconds)
2026-03-15 21:47:42 [MainThread      ]     BinarySaveData.cpp:42    INFO| PrepareForWrite dataSize = 9 bytes
2026-03-15 21:47:42 [SmallTaskScheduler]     BinarySaveData.cpp:17    INFO| Writing 9 bytes
2026-03-15 21:47:48 [MainThread      ]    ProgressManager.cpp:1106  INFO| Lua::Save() : 0.004700 s
2026-03-15 21:47:48 [MainThread      ]    ProgressManager.cpp:1038  INFO| GatherSaveData : 0.005827 s
2026-03-15 21:47:48 [MainThread      ]     BinarySaveData.cpp:42    INFO| PrepareForWrite dataSize = 306810 bytes
2026-03-15 21:47:48 [MainThread      ]     BinarySaveData.cpp:47    INFO| PrepareForWrite checksum = 80600fb1 bytes
2026-03-15 21:47:48 [MainThread      ]     BinarySaveData.cpp:42    INFO| PrepareForWrite dataSize = 9 bytes
2026-03-15 21:47:48 [SmallTaskScheduler]     BinarySaveData.cpp:17    INFO| Writing 306810 bytes
2026-03-15 21:47:48 [SmallTaskScheduler]     BinarySaveData.cpp:17    INFO| Writing 9 bytes
2026-03-15 21:47:52 [MainThread      ]     BinarySaveData.cpp:42    INFO| PrepareForWrite dataSize = 9 bytes
2026-03-15 21:47:52 [SmallTaskScheduler]     BinarySaveData.cpp:17    INFO| Writing 9 bytes
2026-03-15 21:47:52 [MainThread      ]              World.cpp:1373  INFO| World::Begin() H_Combat02 -> H_Bridge01
2026-03-15 21:47:52 [MainThread      ]                 Pool.h:210   INFO| Projectile 0 / 217 (max 32) (594kb)
2026-03-15 21:47:52 [MainThread      ]                 Pool.h:210   INFO| HomingProjectile 0 / 108 (max 47) (297kb)
2026-03-15 21:47:52 [MainThread      ]                 Pool.h:210   INFO| BeamProjectile 0 / 81 (max 0) (225kb)
2026-03-15 21:47:52 [MainThread      ]                 Pool.h:210   INFO| LobProjectile 0 / 81 (max 7) (224kb)
2026-03-15 21:47:52 [MainThread      ]                 Pool.h:210   INFO| ArcProjectile 0 / 81 (max 8) (223kb)
2026-03-15 21:47:52 [MainThread      ]                 Pool.h:210   INFO| InstantProjectile 0 / 108 (max 9) (295kb)
2026-03-15 21:47:52 [MainThread      ]                 Pool.h:210   INFO| Effect 0 / 256 (max 52) (79kb)
2026-03-15 21:47:52 [MainThread      ]    ProgressManager.cpp:1106  INFO| Lua::Save() : 0.004350 s
2026-03-15 21:47:52 [MainThread      ]    ProgressManager.cpp:1038  INFO| GatherSaveData : 0.005438 s
2026-03-15 21:47:52 [MainThread      ]     BinarySaveData.cpp:42    INFO| PrepareForWrite dataSize = 304290 bytes
2026-03-15 21:47:52 [MainThread      ]     BinarySaveData.cpp:47    INFO| PrepareForWrite checksum = 17d9cb06 bytes
2026-03-15 21:47:52 [MainThread      ]              World.cpp:1435  INFO| Finished World::Begin (0.025862 seconds)
2026-03-15 21:47:52 [LoadTaskScheduler]              World.cpp:1263  INFO| Started loadMapDataTask (H_Bridge01)
2026-03-15 21:47:52 [LoadTaskScheduler]              World.cpp:1298  INFO| Started preScriptLoadTask
2026-03-15 21:47:52 [LoadTaskScheduler]              World.cpp:1304  INFO| Finished preScriptLoadTask (0.000000 seconds)
2026-03-15 21:47:52 [LoadTaskScheduler]              World.cpp:1313  INFO| Started loadPackagesTask
2026-03-15 21:47:52 [LoadTaskScheduler]              World.cpp:1317  INFO| Finished loadPackagesTask (0.000003 seconds)
2026-03-15 21:47:52 [LoadTaskScheduler]              World.cpp:1324  INFO| Started postLoadTask
2026-03-15 21:47:52 [LoadTaskScheduler]              World.cpp:1334  INFO| Done waiting for packages and pre-scripts task
2026-03-15 21:47:52 [SmallTaskScheduler]     BinarySaveData.cpp:17    INFO| Writing 304290 bytes
2026-03-15 21:47:53 [LoadTaskScheduler]     BinaryLoadData.cpp:12    INFO| Reading 419609 bytes
2026-03-15 21:47:53 [LoadTaskScheduler]              World.cpp:1292  INFO| Finished loadMapDataTask (0.015963 seconds)
2026-03-15 21:47:53 [LoadTaskScheduler]              World.cpp:1341  INFO| Calling PostLoad
2026-03-15 21:47:53 [LoadTaskScheduler]   GameAssetManager.cpp:668   INFO| Loading package: HermesUpgrade.pkg
2026-03-15 21:47:53 [LoadTaskScheduler]   GameAssetManager.cpp:668   INFO| Loading package: ZeusUpgrade.pkg
2026-03-15 21:47:53 [LoadTaskScheduler]   GameAssetManager.cpp:668   INFO| Loading package: HestiaUpgrade.pkg
2026-03-15 21:47:53 [LoadTaskScheduler]   GameAssetManager.cpp:668   INFO| Loading package: HephaestusUpgrade.pkg
2026-03-15 21:47:53 [LoadTaskScheduler]   GameAssetManager.cpp:668   INFO| Loading package: AphroditeUpgrade.pkg
2026-03-15 21:47:53 [LoadTaskScheduler]   GameAssetManager.cpp:668   INFO| Loading package: HoundFamiliar.pkg
2026-03-15 21:47:53 [LoadTaskScheduler]   GameAssetManager.cpp:697   INFO| Package Loaded: HoundFamiliar 2Mb in 0.01s
2026-03-15 21:47:53 [LoadTaskScheduler]       AudioManager.cpp:966   INFO| Loading bank: HoundFamiliar
2026-03-15 21:47:53 [LoadTaskScheduler]       AudioManager.cpp:981   INFO| Audio bank loaded successfully: HoundFamiliar (0Mb in 0.04s)
2026-03-15 21:47:53 [LoadTaskScheduler]              World.cpp:1343  INFO| Finished PostLoad
2026-03-15 21:47:53 [LoadTaskScheduler]              World.cpp:1348  INFO| Finished postLoadTask (0.093340 seconds)
2026-03-15 21:47:53 [MainThread      ]              World.cpp:1359  INFO| Started loadScreen onExit
2026-03-15 21:47:53 [MainThread      ]      ScriptManager.cpp:1001  INFO| Lua GC took 0.04 seconds
2026-03-15 21:47:53 [MainThread      ]   GameAssetManager.cpp:668   INFO| Loading package: WeaponSpellTimeSlow.pkg
2026-03-15 21:47:53 [MainThread      ]       AudioManager.cpp:1233  INFO| Voice bank loaded successfully: Selene (469 lines in 0.000503 seconds)
2026-03-15 21:47:53 [MainThread      ]       AudioManager.cpp:1233  INFO| Voice bank loaded successfully: Echo (148 lines in 0.013877 seconds)
2026-03-15 21:47:53 [MainThread      ]   GameAssetManager.cpp:668   INFO| Loading package: Echo.pkg
2026-03-15 21:47:53 [MainThread      ]   GameAssetManager.cpp:581   INFO| Start reading manifest Echo
2026-03-15 21:47:53 [MainThread      ]   GameAssetManager.cpp:642   INFO| Done reading manifest Echo
2026-03-15 21:47:53 [MainThread      ]   GameAssetManager.cpp:697   INFO| Package Loaded: Echo 33Mb in 0.01s
2026-03-15 21:47:53 [MainThread      ]              World.cpp:1366  INFO| Finished loadScreen onExit (0.080777 seconds)
2026-03-15 21:48:04 [MainThread      ]     BinarySaveData.cpp:42    INFO| PrepareForWrite dataSize = 9 bytes
2026-03-15 21:48:04 [SmallTaskScheduler]     BinarySaveData.cpp:17    INFO| Writing 9 bytes
2026-03-15 21:49:22 [MainThread      ]     BinarySaveData.cpp:42    INFO| PrepareForWrite dataSize = 9 bytes
2026-03-15 21:49:22 [MainThread      ]   GameAssetManager.cpp:894   INFO| Unloading: Echo
2026-03-15 21:49:22 [MainThread      ]   GameAssetManager.cpp:899   INFO| 	Echo bank: 0.00 ms
2026-03-15 21:49:22 [MainThread      ]   GameAssetManager.cpp:906   INFO| 	Echo package: 0.13 ms
2026-03-15 21:49:22 [SmallTaskScheduler]     BinarySaveData.cpp:17    INFO| Writing 9 bytes
2026-03-15 21:49:23 [MainThread      ]              World.cpp:1373  INFO| World::Begin() H_Bridge01 -> H_Combat01
2026-03-15 21:49:23 [MainThread      ]                 Pool.h:210   INFO| Projectile 0 / 217 (max 32) (594kb)
2026-03-15 21:49:23 [MainThread      ]                 Pool.h:210   INFO| HomingProjectile 0 / 108 (max 47) (297kb)
2026-03-15 21:49:23 [MainThread      ]                 Pool.h:210   INFO| BeamProjectile 0 / 81 (max 0) (225kb)
2026-03-15 21:49:23 [MainThread      ]                 Pool.h:210   INFO| LobProjectile 0 / 81 (max 7) (224kb)
2026-03-15 21:49:23 [MainThread      ]                 Pool.h:210   INFO| ArcProjectile 0 / 81 (max 8) (223kb)
2026-03-15 21:49:23 [MainThread      ]                 Pool.h:210   INFO| InstantProjectile 0 / 108 (max 9) (295kb)
2026-03-15 21:49:23 [MainThread      ]                 Pool.h:210   INFO| Effect 0 / 256 (max 52) (79kb)
2026-03-15 21:49:23 [MainThread      ]    ProgressManager.cpp:1106  INFO| Lua::Save() : 0.004517 s
2026-03-15 21:49:23 [MainThread      ]    ProgressManager.cpp:1038  INFO| GatherSaveData : 0.005702 s
2026-03-15 21:49:23 [MainThread      ]     BinarySaveData.cpp:42    INFO| PrepareForWrite dataSize = 304302 bytes
2026-03-15 21:49:23 [MainThread      ]     BinarySaveData.cpp:47    INFO| PrepareForWrite checksum = 555f66e2 bytes
2026-03-15 21:49:23 [MainThread      ]              World.cpp:1435  INFO| Finished World::Begin (0.018553 seconds)
2026-03-15 21:49:23 [LoadTaskScheduler]              World.cpp:1263  INFO| Started loadMapDataTask (H_Combat01)
2026-03-15 21:49:23 [LoadTaskScheduler]              World.cpp:1298  INFO| Started preScriptLoadTask
2026-03-15 21:49:23 [LoadTaskScheduler]              World.cpp:1304  INFO| Finished preScriptLoadTask (0.000000 seconds)
2026-03-15 21:49:23 [LoadTaskScheduler]              World.cpp:1313  INFO| Started loadPackagesTask
2026-03-15 21:49:23 [LoadTaskScheduler]              World.cpp:1317  INFO| Finished loadPackagesTask (0.000003 seconds)
2026-03-15 21:49:23 [LoadTaskScheduler]              World.cpp:1324  INFO| Started postLoadTask
2026-03-15 21:49:23 [SmallTaskScheduler]     BinarySaveData.cpp:17    INFO| Writing 304302 bytes
2026-03-15 21:49:23 [LoadTaskScheduler]              World.cpp:1334  INFO| Done waiting for packages and pre-scripts task
2026-03-15 21:49:23 [LoadTaskScheduler]     BinaryLoadData.cpp:12    INFO| Reading 1062229 bytes
2026-03-15 21:49:23 [LoadTaskScheduler]              World.cpp:1292  INFO| Finished loadMapDataTask (0.018782 seconds)
2026-03-15 21:49:23 [LoadTaskScheduler]              World.cpp:1341  INFO| Calling PostLoad
2026-03-15 21:49:23 [LoadTaskScheduler]   GameAssetManager.cpp:668   INFO| Loading package: HermesUpgrade.pkg
2026-03-15 21:49:23 [LoadTaskScheduler]   GameAssetManager.cpp:668   INFO| Loading package: ZeusUpgrade.pkg
2026-03-15 21:49:23 [LoadTaskScheduler]   GameAssetManager.cpp:668   INFO| Loading package: HestiaUpgrade.pkg
2026-03-15 21:49:23 [LoadTaskScheduler]   GameAssetManager.cpp:668   INFO| Loading package: HephaestusUpgrade.pkg
2026-03-15 21:49:23 [LoadTaskScheduler]   GameAssetManager.cpp:668   INFO| Loading package: AphroditeUpgrade.pkg
2026-03-15 21:49:23 [LoadTaskScheduler]       AudioManager.cpp:1273  INFO| Unloaded Voice bank: Selene in 0.00s
2026-03-15 21:49:23 [LoadTaskScheduler]       AudioManager.cpp:1273  INFO| Unloaded Voice bank: Echo in 0.00s
2026-03-15 21:49:23 [LoadTaskScheduler]              World.cpp:1343  INFO| Finished PostLoad
2026-03-15 21:49:23 [LoadTaskScheduler]              World.cpp:1348  INFO| Finished postLoadTask (0.076838 seconds)
2026-03-15 21:49:23 [MainThread      ]              World.cpp:1359  INFO| Started loadScreen onExit
2026-03-15 21:49:23 [MainThread      ]      ScriptManager.cpp:1001  INFO| Lua GC took 0.03 seconds
2026-03-15 21:49:23 [MainThread      ]   GameAssetManager.cpp:668   INFO| Loading package: WeaponSpellTimeSlow.pkg
2026-03-15 21:49:23 [MainThread      ]              World.cpp:1366  INFO| Finished loadScreen onExit (0.049615 seconds)
2026-03-15 21:49:54 [MainThread      ]     BinarySaveData.cpp:42    INFO| PrepareForWrite dataSize = 9 bytes
2026-03-15 21:49:54 [SmallTaskScheduler]     BinarySaveData.cpp:17    INFO| Writing 9 bytes
2026-03-15 21:51:28 [MainThread      ]    ProgressManager.cpp:1106  INFO| Lua::Save() : 0.004416 s
2026-03-15 21:51:28 [MainThread      ]    ProgressManager.cpp:1038  INFO| GatherSaveData : 0.005533 s
2026-03-15 21:51:28 [MainThread      ]     BinarySaveData.cpp:42    INFO| PrepareForWrite dataSize = 311287 bytes
2026-03-15 21:51:28 [MainThread      ]     BinarySaveData.cpp:47    INFO| PrepareForWrite checksum = b67e7b05 bytes
2026-03-15 21:51:28 [MainThread      ]     BinarySaveData.cpp:42    INFO| PrepareForWrite dataSize = 9 bytes
2026-03-15 21:51:28 [SmallTaskScheduler]     BinarySaveData.cpp:17    INFO| Writing 311287 bytes
2026-03-15 21:51:28 [SmallTaskScheduler]     BinarySaveData.cpp:17    INFO| Writing 9 bytes
2026-03-15 21:52:13 [MainThread      ]     BinarySaveData.cpp:42    INFO| PrepareForWrite dataSize = 9 bytes
2026-03-15 21:52:13 [SmallTaskScheduler]     BinarySaveData.cpp:17    INFO| Writing 9 bytes
2026-03-15 21:52:13 [MainThread      ]              World.cpp:1373  INFO| World::Begin() H_Combat01 -> H_PreBoss01
2026-03-15 21:52:13 [MainThread      ]                 Pool.h:210   INFO| Projectile 0 / 217 (max 32) (594kb)
2026-03-15 21:52:13 [MainThread      ]                 Pool.h:210   INFO| HomingProjectile 0 / 108 (max 47) (297kb)
2026-03-15 21:52:13 [MainThread      ]                 Pool.h:210   INFO| BeamProjectile 0 / 81 (max 0) (225kb)
2026-03-15 21:52:13 [MainThread      ]                 Pool.h:210   INFO| LobProjectile 0 / 81 (max 7) (224kb)
2026-03-15 21:52:13 [MainThread      ]                 Pool.h:210   INFO| ArcProjectile 0 / 81 (max 8) (223kb)
2026-03-15 21:52:13 [MainThread      ]                 Pool.h:210   INFO| InstantProjectile 0 / 108 (max 9) (295kb)
2026-03-15 21:52:13 [MainThread      ]                 Pool.h:210   INFO| Effect 0 / 256 (max 52) (79kb)
2026-03-15 21:52:13 [MainThread      ]    ProgressManager.cpp:1106  INFO| Lua::Save() : 0.004508 s
2026-03-15 21:52:13 [MainThread      ]    ProgressManager.cpp:1038  INFO| GatherSaveData : 0.005619 s
2026-03-15 21:52:13 [MainThread      ]     BinarySaveData.cpp:42    INFO| PrepareForWrite dataSize = 310147 bytes
2026-03-15 21:52:13 [MainThread      ]     BinarySaveData.cpp:47    INFO| PrepareForWrite checksum = fd107424 bytes
2026-03-15 21:52:13 [MainThread      ]              World.cpp:1435  INFO| Finished World::Begin (0.038674 seconds)
2026-03-15 21:52:13 [LoadTaskScheduler]              World.cpp:1263  INFO| Started loadMapDataTask (H_PreBoss01)
2026-03-15 21:52:13 [LoadTaskScheduler]              World.cpp:1298  INFO| Started preScriptLoadTask
2026-03-15 21:52:13 [LoadTaskScheduler]              World.cpp:1304  INFO| Finished preScriptLoadTask (0.000001 seconds)
2026-03-15 21:52:13 [LoadTaskScheduler]              World.cpp:1313  INFO| Started loadPackagesTask
2026-03-15 21:52:13 [LoadTaskScheduler]              World.cpp:1317  INFO| Finished loadPackagesTask (0.000003 seconds)
2026-03-15 21:52:13 [LoadTaskScheduler]              World.cpp:1324  INFO| Started postLoadTask
2026-03-15 21:52:13 [LoadTaskScheduler]              World.cpp:1334  INFO| Done waiting for packages and pre-scripts task
2026-03-15 21:52:13 [SmallTaskScheduler]     BinarySaveData.cpp:17    INFO| Writing 310147 bytes
2026-03-15 21:52:13 [LoadTaskScheduler]     BinaryLoadData.cpp:12    INFO| Reading 256663 bytes
2026-03-15 21:52:13 [LoadTaskScheduler]              World.cpp:1292  INFO| Finished loadMapDataTask (0.016101 seconds)
2026-03-15 21:52:13 [LoadTaskScheduler]              World.cpp:1341  INFO| Calling PostLoad
2026-03-15 21:52:13 [LoadTaskScheduler]   GameAssetManager.cpp:668   INFO| Loading package: HermesUpgrade.pkg
2026-03-15 21:52:13 [LoadTaskScheduler]   GameAssetManager.cpp:668   INFO| Loading package: ZeusUpgrade.pkg
2026-03-15 21:52:13 [LoadTaskScheduler]   GameAssetManager.cpp:668   INFO| Loading package: HestiaUpgrade.pkg
2026-03-15 21:52:13 [LoadTaskScheduler]   GameAssetManager.cpp:668   INFO| Loading package: HephaestusUpgrade.pkg
2026-03-15 21:52:13 [LoadTaskScheduler]   GameAssetManager.cpp:668   INFO| Loading package: AphroditeUpgrade.pkg
2026-03-15 21:52:13 [LoadTaskScheduler]              World.cpp:1343  INFO| Finished PostLoad
2026-03-15 21:52:13 [LoadTaskScheduler]              World.cpp:1348  INFO| Finished postLoadTask (0.036083 seconds)
2026-03-15 21:52:13 [MainThread      ]              World.cpp:1359  INFO| Started loadScreen onExit
2026-03-15 21:52:13 [MainThread      ]      ScriptManager.cpp:1001  INFO| Lua GC took 0.05 seconds
2026-03-15 21:52:13 [MainThread      ]   GameAssetManager.cpp:668   INFO| Loading package: WeaponSpellTimeSlow.pkg
2026-03-15 21:52:13 [MainThread      ]       AudioManager.cpp:1233  INFO| Voice bank loaded successfully: Selene (469 lines in 0.000519 seconds)
2026-03-15 21:52:13 [MainThread      ]   GameAssetManager.cpp:668   INFO| Loading package: Selene.pkg
2026-03-15 21:52:13 [MainThread      ]   GameAssetManager.cpp:581   INFO| Start reading manifest Selene
2026-03-15 21:52:13 [MainThread      ]   GameAssetManager.cpp:642   INFO| Done reading manifest Selene
2026-03-15 21:52:13 [MainThread      ]   GameAssetManager.cpp:697   INFO| Package Loaded: Selene 56Mb in 0.03s
2026-03-15 21:52:13 [MainThread      ]       AudioManager.cpp:1233  INFO| Voice bank loaded successfully: Charon (138 lines in 0.011506 seconds)
2026-03-15 21:52:13 [MainThread      ]   GameAssetManager.cpp:668   INFO| Loading package: Charon.pkg
2026-03-15 21:52:13 [MainThread      ]   GameAssetManager.cpp:581   INFO| Start reading manifest Charon
2026-03-15 21:52:13 [MainThread      ]   GameAssetManager.cpp:642   INFO| Done reading manifest Charon
2026-03-15 21:52:13 [MainThread      ]   GameAssetManager.cpp:697   INFO| Package Loaded: Charon 54Mb in 0.02s
2026-03-15 21:52:13 [MainThread      ]              World.cpp:1366  INFO| Finished loadScreen onExit (0.115050 seconds)
2026-03-15 21:52:40 [MainThread      ]     BinarySaveData.cpp:42    INFO| PrepareForWrite dataSize = 9 bytes
2026-03-15 21:52:40 [SmallTaskScheduler]     BinarySaveData.cpp:17    INFO| Writing 9 bytes
2026-03-15 21:52:40 [MainThread      ]   GameAssetManager.cpp:668   INFO| Loading package: ZeusUpgrade.pkg
2026-03-15 21:52:40 [MainThread      ]   GameAssetManager.cpp:668   INFO| Loading package: Zeus.pkg
2026-03-15 21:52:40 [MainThread      ]   GameAssetManager.cpp:581   INFO| Start reading manifest Zeus
2026-03-15 21:52:40 [MainThread      ]   GameAssetManager.cpp:642   INFO| Done reading manifest Zeus
2026-03-15 21:52:40 [MainThread      ]   GameAssetManager.cpp:697   INFO| Package Loaded: Zeus 55Mb in 0.02s
2026-03-15 21:52:40 [MainThread      ]       AudioManager.cpp:1233  INFO| Voice bank loaded successfully: Zeus (341 lines in 0.000506 seconds)
2026-03-15 21:53:24 [MainThread      ]     BinarySaveData.cpp:42    INFO| PrepareForWrite dataSize = 9 bytes
2026-03-15 21:53:24 [MainThread      ]   GameAssetManager.cpp:894   INFO| Unloading: Charon
2026-03-15 21:53:24 [MainThread      ]   GameAssetManager.cpp:899   INFO| 	Charon bank: 0.00 ms
2026-03-15 21:53:24 [MainThread      ]   GameAssetManager.cpp:906   INFO| 	Charon package: 0.19 ms
2026-03-15 21:53:24 [MainThread      ]   GameAssetManager.cpp:894   INFO| Unloading: Selene
2026-03-15 21:53:24 [MainThread      ]   GameAssetManager.cpp:899   INFO| 	Selene bank: 0.00 ms
2026-03-15 21:53:24 [SmallTaskScheduler]     BinarySaveData.cpp:17    INFO| Writing 9 bytes
2026-03-15 21:53:24 [MainThread      ]   GameAssetManager.cpp:906   INFO| 	Selene package: 0.13 ms
2026-03-15 21:53:24 [MainThread      ]   GameAssetManager.cpp:894   INFO| Unloading: Zeus
2026-03-15 21:53:24 [MainThread      ]   GameAssetManager.cpp:899   INFO| 	Zeus bank: 0.00 ms
2026-03-15 21:53:24 [MainThread      ]   GameAssetManager.cpp:906   INFO| 	Zeus package: 0.18 ms
2026-03-15 21:53:24 [MainThread      ]              World.cpp:1373  INFO| World::Begin() H_PreBoss01 -> H_Boss01
2026-03-15 21:53:24 [MainThread      ]                 Pool.h:210   INFO| Projectile 0 / 217 (max 32) (594kb)
2026-03-15 21:53:24 [MainThread      ]                 Pool.h:210   INFO| HomingProjectile 0 / 108 (max 47) (297kb)
2026-03-15 21:53:24 [MainThread      ]                 Pool.h:210   INFO| BeamProjectile 0 / 81 (max 0) (225kb)
2026-03-15 21:53:24 [MainThread      ]                 Pool.h:210   INFO| LobProjectile 0 / 81 (max 7) (224kb)
2026-03-15 21:53:24 [MainThread      ]                 Pool.h:210   INFO| ArcProjectile 0 / 81 (max 8) (223kb)
2026-03-15 21:53:24 [MainThread      ]                 Pool.h:210   INFO| InstantProjectile 0 / 108 (max 9) (295kb)
2026-03-15 21:53:24 [MainThread      ]                 Pool.h:210   INFO| Effect 0 / 256 (max 52) (79kb)
2026-03-15 21:53:24 [MainThread      ]    ProgressManager.cpp:1106  INFO| Lua::Save() : 0.004624 s
2026-03-15 21:53:24 [MainThread      ]    ProgressManager.cpp:1038  INFO| GatherSaveData : 0.005836 s
2026-03-15 21:53:24 [MainThread      ]     BinarySaveData.cpp:42    INFO| PrepareForWrite dataSize = 309585 bytes
2026-03-15 21:53:24 [MainThread      ]     BinarySaveData.cpp:47    INFO| PrepareForWrite checksum = 7d2d0b2c bytes
2026-03-15 21:53:24 [MainThread      ]              World.cpp:1435  INFO| Finished World::Begin (0.015265 seconds)
2026-03-15 21:53:24 [LoadTaskScheduler]              World.cpp:1263  INFO| Started loadMapDataTask (H_Boss01)
2026-03-15 21:53:24 [LoadTaskScheduler]              World.cpp:1298  INFO| Started preScriptLoadTask
2026-03-15 21:53:24 [LoadTaskScheduler]              World.cpp:1304  INFO| Finished preScriptLoadTask (0.000001 seconds)
2026-03-15 21:53:24 [LoadTaskScheduler]              World.cpp:1313  INFO| Started loadPackagesTask
2026-03-15 21:53:24 [LoadTaskScheduler]              World.cpp:1317  INFO| Finished loadPackagesTask (0.000003 seconds)
2026-03-15 21:53:24 [SmallTaskScheduler]     BinarySaveData.cpp:17    INFO| Writing 309585 bytes
2026-03-15 21:53:24 [LoadTaskScheduler]              World.cpp:1324  INFO| Started postLoadTask
2026-03-15 21:53:24 [LoadTaskScheduler]              World.cpp:1334  INFO| Done waiting for packages and pre-scripts task
2026-03-15 21:53:24 [LoadTaskScheduler]     BinaryLoadData.cpp:12    INFO| Reading 287653 bytes
2026-03-15 21:53:24 [LoadTaskScheduler]              World.cpp:1292  INFO| Finished loadMapDataTask (0.015525 seconds)
2026-03-15 21:53:24 [LoadTaskScheduler]              World.cpp:1341  INFO| Calling PostLoad
2026-03-15 21:53:24 [LoadTaskScheduler]   GameAssetManager.cpp:668   INFO| Loading package: HermesUpgrade.pkg
2026-03-15 21:53:24 [LoadTaskScheduler]   GameAssetManager.cpp:668   INFO| Loading package: ZeusUpgrade.pkg
2026-03-15 21:53:24 [LoadTaskScheduler]   GameAssetManager.cpp:668   INFO| Loading package: HestiaUpgrade.pkg
2026-03-15 21:53:24 [LoadTaskScheduler]   GameAssetManager.cpp:668   INFO| Loading package: HephaestusUpgrade.pkg
2026-03-15 21:53:24 [LoadTaskScheduler]   GameAssetManager.cpp:668   INFO| Loading package: AphroditeUpgrade.pkg
2026-03-15 21:53:24 [LoadTaskScheduler]       AudioManager.cpp:1273  INFO| Unloaded Voice bank: Zeus in 0.00s
2026-03-15 21:53:24 [LoadTaskScheduler]       AudioManager.cpp:1273  INFO| Unloaded Voice bank: Selene in 0.00s
2026-03-15 21:53:24 [LoadTaskScheduler]       AudioManager.cpp:1273  INFO| Unloaded Voice bank: Charon in 0.00s
2026-03-15 21:53:24 [LoadTaskScheduler]              World.cpp:1343  INFO| Finished PostLoad
2026-03-15 21:53:24 [LoadTaskScheduler]              World.cpp:1348  INFO| Finished postLoadTask (0.031207 seconds)
2026-03-15 21:53:24 [MainThread      ]              World.cpp:1359  INFO| Started loadScreen onExit
2026-03-15 21:53:24 [MainThread      ]      ScriptManager.cpp:1001  INFO| Lua GC took 0.04 seconds
2026-03-15 21:53:24 [MainThread      ]   GameAssetManager.cpp:668   INFO| Loading package: WeaponSpellTimeSlow.pkg
2026-03-15 21:53:24 [MainThread      ]       AudioManager.cpp:1233  INFO| Voice bank loaded successfully: Selene (469 lines in 0.000550 seconds)
2026-03-15 21:53:24 [MainThread      ]   GameAssetManager.cpp:668   INFO| Loading package: Cerberus.pkg
2026-03-15 21:53:24 [MainThread      ]   GameAssetManager.cpp:581   INFO| Start reading manifest Cerberus
2026-03-15 21:53:24 [MainThread      ]   GameAssetManager.cpp:642   INFO| Done reading manifest Cerberus
2026-03-15 21:53:24 [MainThread      ]   GameAssetManager.cpp:697   INFO| Package Loaded: Cerberus 42Mb in 0.01s
2026-03-15 21:53:24 [MainThread      ]              World.cpp:1366  INFO| Finished loadScreen onExit (0.064417 seconds)
2026-03-15 21:53:26 [RenderThread    ]      ForgeRenderer.cpp:7037  INFO| Creating pipeline for effect: ShaderEffectType::Granny3D blend state 5 depthState 3
2026-03-15 21:53:49 [MainThread      ]     BinarySaveData.cpp:42    INFO| PrepareForWrite dataSize = 9 bytes
2026-03-15 21:53:49 [SmallTaskScheduler]     BinarySaveData.cpp:17    INFO| Writing 9 bytes
2026-03-15 21:54:55 [RenderThread    ]      ForgeRenderer.cpp:7037  INFO| Creating pipeline for effect: ShaderEffectType::MultiplyAndLerp blend state 1 depthState 2
2026-03-15 21:57:08 [MainThread      ]    ProgressManager.cpp:1106  INFO| Lua::Save() : 0.004890 s
2026-03-15 21:57:08 [MainThread      ]    ProgressManager.cpp:1038  INFO| GatherSaveData : 0.006142 s
2026-03-15 21:57:08 [MainThread      ]     BinarySaveData.cpp:42    INFO| PrepareForWrite dataSize = 312619 bytes
2026-03-15 21:57:08 [MainThread      ]     BinarySaveData.cpp:47    INFO| PrepareForWrite checksum = 38b992ad bytes
2026-03-15 21:57:08 [MainThread      ]     BinarySaveData.cpp:42    INFO| PrepareForWrite dataSize = 9 bytes
2026-03-15 21:57:08 [SmallTaskScheduler]     BinarySaveData.cpp:17    INFO| Writing 312619 bytes
2026-03-15 21:57:08 [SmallTaskScheduler]     BinarySaveData.cpp:17    INFO| Writing 9 bytes
2026-03-15 21:57:41 [MainThread      ]   GameAssetManager.cpp:894   INFO| Unloading: BiomeH
2026-03-15 21:57:41 [MainThread      ]   GameAssetManager.cpp:899   INFO| 	BiomeH bank: 0.00 ms
2026-03-15 21:57:41 [MainThread      ]   GameAssetManager.cpp:906   INFO| 	BiomeH package: 2.61 ms
2026-03-15 21:57:41 [MainThread      ]   GameAssetManager.cpp:668   INFO| Loading package: BiomeMap.pkg
2026-03-15 21:57:41 [MainThread      ]   GameAssetManager.cpp:581   INFO| Start reading manifest BiomeMap
2026-03-15 21:57:41 [MainThread      ]   GameAssetManager.cpp:642   INFO| Done reading manifest BiomeMap
2026-03-15 21:57:41 [MainThread      ]   GameAssetManager.cpp:697   INFO| Package Loaded: BiomeMap 76Mb in 0.03s
2026-03-15 21:57:41 [MainThread      ]       AudioManager.cpp:966   INFO| Loading bank: BiomeMap
2026-03-15 21:57:41 [MainThread      ]       AudioManager.cpp:981   INFO| Audio bank loaded successfully: BiomeMap (6Mb in 0.04s)
2026-03-15 21:57:47 [MainThread      ]     BinarySaveData.cpp:42    INFO| PrepareForWrite dataSize = 9 bytes
2026-03-15 21:57:47 [MainThread      ]   GameAssetManager.cpp:894   INFO| Unloading: Cerberus
2026-03-15 21:57:47 [MainThread      ]   GameAssetManager.cpp:899   INFO| 	Cerberus bank: 0.00 ms
2026-03-15 21:57:47 [MainThread      ]   GameAssetManager.cpp:906   INFO| 	Cerberus package: 0.15 ms
2026-03-15 21:57:47 [SmallTaskScheduler]     BinarySaveData.cpp:17    INFO| Writing 9 bytes
2026-03-15 21:57:47 [MainThread      ]              World.cpp:1373  INFO| World::Begin() H_Boss01 -> H_PostBoss01
2026-03-15 21:57:47 [MainThread      ]                 Pool.h:210   INFO| Projectile 0 / 217 (max 32) (594kb)
2026-03-15 21:57:47 [MainThread      ]                 Pool.h:210   INFO| HomingProjectile 0 / 108 (max 47) (297kb)
2026-03-15 21:57:47 [MainThread      ]                 Pool.h:210   INFO| BeamProjectile 0 / 81 (max 0) (225kb)
2026-03-15 21:57:47 [MainThread      ]                 Pool.h:210   INFO| LobProjectile 0 / 81 (max 10) (224kb)
2026-03-15 21:57:47 [MainThread      ]                 Pool.h:210   INFO| ArcProjectile 0 / 81 (max 8) (223kb)
2026-03-15 21:57:47 [MainThread      ]                 Pool.h:210   INFO| InstantProjectile 0 / 108 (max 10) (295kb)
2026-03-15 21:57:47 [MainThread      ]                 Pool.h:210   INFO| Effect 0 / 256 (max 52) (79kb)
2026-03-15 21:57:47 [MainThread      ]    ProgressManager.cpp:1106  INFO| Lua::Save() : 0.004682 s
2026-03-15 21:57:47 [MainThread      ]    ProgressManager.cpp:1038  INFO| GatherSaveData : 0.005801 s
2026-03-15 21:57:47 [MainThread      ]     BinarySaveData.cpp:42    INFO| PrepareForWrite dataSize = 311061 bytes
2026-03-15 21:57:47 [MainThread      ]     BinarySaveData.cpp:47    INFO| PrepareForWrite checksum = 245a0146 bytes
2026-03-15 21:57:47 [MainThread      ]   GameAssetManager.cpp:894   INFO| Unloading: BiomeMap
2026-03-15 21:57:47 [MainThread      ]   GameAssetManager.cpp:899   INFO| 	BiomeMap bank: 0.00 ms
2026-03-15 21:57:47 [MainThread      ]   GameAssetManager.cpp:906   INFO| 	BiomeMap package: 0.09 ms
2026-03-15 21:57:47 [MainThread      ]   GameAssetManager.cpp:894   INFO| Unloading: WeaponCast
2026-03-15 21:57:47 [MainThread      ]   GameAssetManager.cpp:899   INFO| 	WeaponCast bank: 0.00 ms
2026-03-15 21:57:47 [SmallTaskScheduler]     BinarySaveData.cpp:17    INFO| Writing 311061 bytes
2026-03-15 21:57:47 [MainThread      ]   GameAssetManager.cpp:906   INFO| 	WeaponCast package: 0.70 ms
2026-03-15 21:57:47 [MainThread      ]   GameAssetManager.cpp:894   INFO| Unloading: WeaponAxe
2026-03-15 21:57:47 [MainThread      ]   GameAssetManager.cpp:899   INFO| 	WeaponAxe bank: 0.00 ms
2026-03-15 21:57:47 [MainThread      ]   GameAssetManager.cpp:906   INFO| 	WeaponAxe package: 0.39 ms
2026-03-15 21:57:47 [MainThread      ]   GameAssetManager.cpp:894   INFO| Unloading: WeaponBlink
2026-03-15 21:57:47 [MainThread      ]   GameAssetManager.cpp:899   INFO| 	WeaponBlink bank: 0.00 ms
2026-03-15 21:57:47 [MainThread      ]   GameAssetManager.cpp:906   INFO| 	WeaponBlink package: 0.08 ms
2026-03-15 21:57:47 [MainThread      ]   GameAssetManager.cpp:894   INFO| Unloading: HoundFamiliar
2026-03-15 21:57:47 [MainThread      ]   GameAssetManager.cpp:899   INFO| 	HoundFamiliar bank: 0.00 ms
2026-03-15 21:57:47 [MainThread      ]   GameAssetManager.cpp:906   INFO| 	HoundFamiliar package: 0.01 ms
2026-03-15 21:57:47 [MainThread      ]              World.cpp:1435  INFO| Finished World::Begin (0.017233 seconds)
2026-03-15 21:57:47 [LoadTaskScheduler]              World.cpp:1298  INFO| Started preScriptLoadTask
2026-03-15 21:57:47 [LoadTaskScheduler]              World.cpp:1304  INFO| Finished preScriptLoadTask (0.000001 seconds)
2026-03-15 21:57:47 [LoadTaskScheduler]              World.cpp:1263  INFO| Started loadMapDataTask (H_PostBoss01)
2026-03-15 21:57:47 [LoadTaskScheduler]              World.cpp:1313  INFO| Started loadPackagesTask
2026-03-15 21:57:47 [LoadTaskScheduler]   GameAssetManager.cpp:668   INFO| Loading package: BiomeI.pkg
2026-03-15 21:57:47 [LoadTaskScheduler]   GameAssetManager.cpp:581   INFO| Start reading manifest BiomeI
2026-03-15 21:57:47 [LoadTaskScheduler]   GameAssetManager.cpp:642   INFO| Done reading manifest BiomeI
2026-03-15 21:57:47 [LoadTaskScheduler]     BinaryLoadData.cpp:12    INFO| Reading 206725 bytes
2026-03-15 21:57:47 [LoadTaskScheduler]              World.cpp:1292  INFO| Finished loadMapDataTask (0.016597 seconds)
2026-03-15 21:57:47 [LoadTaskScheduler]              World.cpp:1324  INFO| Started postLoadTask
2026-03-15 21:57:47 [LoadTaskScheduler]   GameAssetManager.cpp:697   INFO| Package Loaded: BiomeI 402Mb in 0.13s
2026-03-15 21:57:47 [LoadTaskScheduler]       AudioManager.cpp:966   INFO| Loading bank: BiomeI
2026-03-15 21:57:47 [LoadTaskScheduler]       AudioManager.cpp:981   INFO| Audio bank loaded successfully: BiomeI (26Mb in 0.04s)
2026-03-15 21:57:47 [LoadTaskScheduler]              World.cpp:1317  INFO| Finished loadPackagesTask (0.181880 seconds)
2026-03-15 21:57:47 [LoadTaskScheduler]              World.cpp:1334  INFO| Done waiting for packages and pre-scripts task
2026-03-15 21:57:47 [LoadTaskScheduler]              World.cpp:1341  INFO| Calling PostLoad
2026-03-15 21:57:47 [LoadTaskScheduler]   GameAssetManager.cpp:668   INFO| Loading package: HermesUpgrade.pkg
2026-03-15 21:57:47 [LoadTaskScheduler]   GameAssetManager.cpp:668   INFO| Loading package: ZeusUpgrade.pkg
2026-03-15 21:57:47 [LoadTaskScheduler]   GameAssetManager.cpp:668   INFO| Loading package: HestiaUpgrade.pkg
2026-03-15 21:57:47 [LoadTaskScheduler]   GameAssetManager.cpp:668   INFO| Loading package: HephaestusUpgrade.pkg
2026-03-15 21:57:47 [LoadTaskScheduler]   GameAssetManager.cpp:668   INFO| Loading package: AphroditeUpgrade.pkg
2026-03-15 21:57:47 [LoadTaskScheduler]       AudioManager.cpp:1273  INFO| Unloaded Voice bank: Selene in 0.00s
2026-03-15 21:57:47 [LoadTaskScheduler]              World.cpp:1343  INFO| Finished PostLoad
2026-03-15 21:57:47 [LoadTaskScheduler]              World.cpp:1348  INFO| Finished postLoadTask (0.179289 seconds)
2026-03-15 21:57:47 [MainThread      ]              World.cpp:1359  INFO| Started loadScreen onExit
2026-03-15 21:57:47 [MainThread      ]      ScriptManager.cpp:1001  INFO| Lua GC took 0.04 seconds
2026-03-15 21:57:47 [MainThread      ]   GameAssetManager.cpp:668   INFO| Loading package: WeaponBlink.pkg
2026-03-15 21:57:47 [MainThread      ]   GameAssetManager.cpp:581   INFO| Start reading manifest WeaponBlink
2026-03-15 21:57:47 [MainThread      ]   GameAssetManager.cpp:642   INFO| Done reading manifest WeaponBlink
2026-03-15 21:57:47 [MainThread      ]   GameAssetManager.cpp:697   INFO| Package Loaded: WeaponBlink 2Mb in 0.00s
2026-03-15 21:57:47 [MainThread      ]       AudioManager.cpp:966   INFO| Loading bank: WeaponBlink
2026-03-15 21:57:47 [MainThread      ]       AudioManager.cpp:981   INFO| Audio bank loaded successfully: WeaponBlink (0Mb in 0.04s)
2026-03-15 21:57:47 [MainThread      ]   GameAssetManager.cpp:668   INFO| Loading package: WeaponCast.pkg
2026-03-15 21:57:47 [MainThread      ]   GameAssetManager.cpp:581   INFO| Start reading manifest WeaponCast
2026-03-15 21:57:47 [MainThread      ]   GameAssetManager.cpp:642   INFO| Done reading manifest WeaponCast
2026-03-15 21:57:47 [MainThread      ]   GameAssetManager.cpp:697   INFO| Package Loaded: WeaponCast 36Mb in 0.01s
2026-03-15 21:57:47 [MainThread      ]       AudioManager.cpp:966   INFO| Loading bank: WeaponCast
2026-03-15 21:57:47 [MainThread      ]       AudioManager.cpp:981   INFO| Audio bank loaded successfully: WeaponCast (0Mb in 0.02s)
2026-03-15 21:57:47 [MainThread      ]   GameAssetManager.cpp:668   INFO| Loading package: WeaponAxe.pkg
2026-03-15 21:57:47 [MainThread      ]   GameAssetManager.cpp:581   INFO| Start reading manifest WeaponAxe
2026-03-15 21:57:47 [MainThread      ]   GameAssetManager.cpp:642   INFO| Done reading manifest WeaponAxe
2026-03-15 21:57:47 [MainThread      ]   GameAssetManager.cpp:697   INFO| Package Loaded: WeaponAxe 13Mb in 0.01s
2026-03-15 21:57:47 [MainThread      ]       AudioManager.cpp:966   INFO| Loading bank: WeaponAxe
2026-03-15 21:57:47 [MainThread      ]       AudioManager.cpp:981   INFO| Audio bank loaded successfully: WeaponAxe (0Mb in 0.03s)
2026-03-15 21:57:47 [MainThread      ]   GameAssetManager.cpp:668   INFO| Loading package: WeaponSpellTimeSlow.pkg
2026-03-15 21:57:47 [MainThread      ]       AudioManager.cpp:1233  INFO| Voice bank loaded successfully: AphroditeKeepsake (3 lines in 0.000305 seconds)
2026-03-15 21:57:47 [MainThread      ]       AudioManager.cpp:1233  INFO| Voice bank loaded successfully: ApolloKeepsake (2 lines in 0.000233 seconds)
2026-03-15 21:57:47 [MainThread      ]       AudioManager.cpp:1233  INFO| Voice bank loaded successfully: ArachneKeepsake (2 lines in 0.000202 seconds)
2026-03-15 21:57:47 [MainThread      ]       AudioManager.cpp:1233  INFO| Voice bank loaded successfully: AresKeepsake (2 lines in 0.000247 seconds)
2026-03-15 21:57:47 [MainThread      ]       AudioManager.cpp:1233  INFO| Voice bank loaded successfully: ArtemisKeepsake (2 lines in 0.000181 seconds)
2026-03-15 21:57:47 [MainThread      ]       AudioManager.cpp:1233  INFO| Voice bank loaded successfully: AthenaKeepsake (2 lines in 0.000218 seconds)
2026-03-15 21:57:47 [MainThread      ]       AudioManager.cpp:1233  INFO| Voice bank loaded successfully: ChaosKeepsake (2 lines in 0.000248 seconds)
2026-03-15 21:57:47 [MainThread      ]       AudioManager.cpp:1233  INFO| Voice bank loaded successfully: CharonKeepsake (2 lines in 0.000169 seconds)
2026-03-15 21:57:47 [MainThread      ]       AudioManager.cpp:1233  INFO| Voice bank loaded successfully: ChronosKeepsake (2 lines in 0.000253 seconds)
2026-03-15 21:57:47 [MainThread      ]       AudioManager.cpp:1233  INFO| Voice bank loaded successfully: CirceKeepsake (2 lines in 0.000264 seconds)
2026-03-15 21:57:47 [MainThread      ]       AudioManager.cpp:1233  INFO| Voice bank loaded successfully: DemeterKeepsake (2 lines in 0.000186 seconds)
2026-03-15 21:57:47 [MainThread      ]       AudioManager.cpp:1233  INFO| Voice bank loaded successfully: DionysusKeepsake (2 lines in 0.000264 seconds)
2026-03-15 21:57:47 [MainThread      ]       AudioManager.cpp:1233  INFO| Voice bank loaded successfully: DoraKeepsake (2 lines in 0.000182 seconds)
2026-03-15 21:57:47 [MainThread      ]       AudioManager.cpp:1233  INFO| Voice bank loaded successfully: EchoKeepsake (2 lines in 0.000431 seconds)
2026-03-15 21:57:47 [MainThread      ]       AudioManager.cpp:1233  INFO| Voice bank loaded successfully: ErisKeepsake (2 lines in 0.000210 seconds)
2026-03-15 21:57:47 [MainThread      ]       AudioManager.cpp:1233  INFO| Voice bank loaded successfully: HadesKeepsake (2 lines in 0.000174 seconds)
2026-03-15 21:57:47 [MainThread      ]       AudioManager.cpp:1233  INFO| Voice bank loaded successfully: HecateKeepsake (3 lines in 0.000173 seconds)
2026-03-15 21:57:47 [MainThread      ]       AudioManager.cpp:1233  INFO| Voice bank loaded successfully: HephaestusKeepsake (2 lines in 0.000186 seconds)
2026-03-15 21:57:47 [MainThread      ]       AudioManager.cpp:1233  INFO| Voice bank loaded successfully: HeraclesKeepsake (2 lines in 0.000289 seconds)
2026-03-15 21:57:47 [MainThread      ]       AudioManager.cpp:1233  INFO| Voice bank loaded successfully: HeraKeepsake (4 lines in 0.000204 seconds)
2026-03-15 21:57:47 [MainThread      ]       AudioManager.cpp:1233  INFO| Voice bank loaded successfully: HermesKeepsake (2 lines in 0.000175 seconds)
2026-03-15 21:57:47 [MainThread      ]       AudioManager.cpp:1233  INFO| Voice bank loaded successfully: HestiaKeepsake (2 lines in 0.000177 seconds)
2026-03-15 21:57:47 [MainThread      ]       AudioManager.cpp:1233  INFO| Voice bank loaded successfully: IcarusKeepsake (2 lines in 0.000221 seconds)
2026-03-15 21:57:47 [MainThread      ]       AudioManager.cpp:1233  INFO| Voice bank loaded successfully: MedeaKeepsake (2 lines in 0.000256 seconds)
2026-03-15 21:57:47 [MainThread      ]       AudioManager.cpp:1233  INFO| Voice bank loaded successfully: MorosKeepsake (2 lines in 0.000280 seconds)
2026-03-15 21:57:47 [MainThread      ]       AudioManager.cpp:1233  INFO| Voice bank loaded successfully: NarcissusKeepsake (4 lines in 0.000174 seconds)
2026-03-15 21:57:47 [MainThread      ]       AudioManager.cpp:1233  INFO| Voice bank loaded successfully: NemesisKeepsake (4 lines in 0.000199 seconds)
2026-03-15 21:57:47 [MainThread      ]       AudioManager.cpp:1233  INFO| Voice bank loaded successfully: OdysseusKeepsake (2 lines in 0.000219 seconds)
2026-03-15 21:57:47 [MainThread      ]       AudioManager.cpp:1233  INFO| Voice bank loaded successfully: PersephoneKeepsake (2 lines in 0.000251 seconds)
2026-03-15 21:57:47 [MainThread      ]       AudioManager.cpp:1233  INFO| Voice bank loaded successfully: PoseidonKeepsake (2 lines in 0.000176 seconds)
2026-03-15 21:57:47 [MainThread      ]       AudioManager.cpp:1233  INFO| Voice bank loaded successfully: SeleneKeepsake (2 lines in 0.000187 seconds)
2026-03-15 21:57:47 [MainThread      ]       AudioManager.cpp:1233  INFO| Voice bank loaded successfully: SkellyKeepsake (3 lines in 0.000300 seconds)
2026-03-15 21:57:47 [MainThread      ]       AudioManager.cpp:1233  INFO| Voice bank loaded successfully: ZagreusKeepsake (2 lines in 0.000231 seconds)
2026-03-15 21:57:47 [MainThread      ]       AudioManager.cpp:1233  INFO| Voice bank loaded successfully: ZeusKeepsake (2 lines in 0.000212 seconds)
2026-03-15 21:57:47 [MainThread      ]              World.cpp:1366  INFO| Finished loadScreen onExit (0.179594 seconds)
2026-03-15 21:58:04 [MainThread      ]     BinarySaveData.cpp:42    INFO| PrepareForWrite dataSize = 9 bytes
2026-03-15 21:58:04 [SmallTaskScheduler]     BinarySaveData.cpp:17    INFO| Writing 9 bytes
2026-03-15 21:58:04 [MainThread      ]              World.cpp:1373  INFO| World::Begin() H_PostBoss01 -> I_Intro
2026-03-15 21:58:04 [MainThread      ]                 Pool.h:210   INFO| Projectile 0 / 217 (max 32) (594kb)
2026-03-15 21:58:04 [MainThread      ]                 Pool.h:210   INFO| HomingProjectile 0 / 108 (max 47) (297kb)
2026-03-15 21:58:04 [MainThread      ]                 Pool.h:210   INFO| BeamProjectile 0 / 81 (max 0) (225kb)
2026-03-15 21:58:04 [MainThread      ]                 Pool.h:210   INFO| LobProjectile 0 / 81 (max 10) (224kb)
2026-03-15 21:58:04 [MainThread      ]                 Pool.h:210   INFO| ArcProjectile 0 / 81 (max 8) (223kb)
2026-03-15 21:58:04 [MainThread      ]                 Pool.h:210   INFO| InstantProjectile 0 / 108 (max 10) (295kb)
2026-03-15 21:58:04 [MainThread      ]                 Pool.h:210   INFO| Effect 0 / 256 (max 52) (79kb)
2026-03-15 21:58:04 [MainThread      ]    ProgressManager.cpp:1106  INFO| Lua::Save() : 0.004461 s
2026-03-15 21:58:04 [MainThread      ]    ProgressManager.cpp:1038  INFO| GatherSaveData : 0.005554 s
2026-03-15 21:58:04 [MainThread      ]     BinarySaveData.cpp:42    INFO| PrepareForWrite dataSize = 309522 bytes
2026-03-15 21:58:04 [MainThread      ]     BinarySaveData.cpp:47    INFO| PrepareForWrite checksum = a60a9394 bytes
2026-03-15 21:58:04 [MainThread      ]              World.cpp:1435  INFO| Finished World::Begin (0.010996 seconds)
2026-03-15 21:58:04 [LoadTaskScheduler]              World.cpp:1263  INFO| Started loadMapDataTask (I_Intro)
2026-03-15 21:58:04 [LoadTaskScheduler]              World.cpp:1298  INFO| Started preScriptLoadTask
2026-03-15 21:58:04 [LoadTaskScheduler]              World.cpp:1304  INFO| Finished preScriptLoadTask (0.000000 seconds)
2026-03-15 21:58:04 [LoadTaskScheduler]              World.cpp:1313  INFO| Started loadPackagesTask
2026-03-15 21:58:04 [LoadTaskScheduler]              World.cpp:1317  INFO| Finished loadPackagesTask (0.000002 seconds)
2026-03-15 21:58:04 [LoadTaskScheduler]              World.cpp:1324  INFO| Started postLoadTask
2026-03-15 21:58:04 [LoadTaskScheduler]              World.cpp:1334  INFO| Done waiting for packages and pre-scripts task
2026-03-15 21:58:04 [SmallTaskScheduler]     BinarySaveData.cpp:17    INFO| Writing 309522 bytes
2026-03-15 21:58:04 [LoadTaskScheduler]     BinaryLoadData.cpp:12    INFO| Reading 336558 bytes
2026-03-15 21:58:04 [LoadTaskScheduler]              World.cpp:1292  INFO| Finished loadMapDataTask (0.014841 seconds)
2026-03-15 21:58:04 [LoadTaskScheduler]              World.cpp:1341  INFO| Calling PostLoad
2026-03-15 21:58:04 [LoadTaskScheduler]   GameAssetManager.cpp:668   INFO| Loading package: HermesUpgrade.pkg
2026-03-15 21:58:04 [LoadTaskScheduler]   GameAssetManager.cpp:668   INFO| Loading package: ZeusUpgrade.pkg
2026-03-15 21:58:04 [LoadTaskScheduler]   GameAssetManager.cpp:668   INFO| Loading package: HestiaUpgrade.pkg
2026-03-15 21:58:04 [LoadTaskScheduler]   GameAssetManager.cpp:668   INFO| Loading package: HephaestusUpgrade.pkg
2026-03-15 21:58:04 [LoadTaskScheduler]   GameAssetManager.cpp:668   INFO| Loading package: AphroditeUpgrade.pkg
2026-03-15 21:58:04 [LoadTaskScheduler]       AudioManager.cpp:1273  INFO| Unloaded Voice bank: ZagreusKeepsake in 0.00s
2026-03-15 21:58:04 [LoadTaskScheduler]       AudioManager.cpp:1273  INFO| Unloaded Voice bank: CirceKeepsake in 0.00s
2026-03-15 21:58:04 [LoadTaskScheduler]       AudioManager.cpp:1273  INFO| Unloaded Voice bank: HeraclesKeepsake in 0.00s
2026-03-15 21:58:04 [LoadTaskScheduler]       AudioManager.cpp:1273  INFO| Unloaded Voice bank: EchoKeepsake in 0.00s
2026-03-15 21:58:04 [LoadTaskScheduler]       AudioManager.cpp:1273  INFO| Unloaded Voice bank: ChaosKeepsake in 0.00s
2026-03-15 21:58:04 [LoadTaskScheduler]       AudioManager.cpp:1273  INFO| Unloaded Voice bank: PoseidonKeepsake in 0.00s
2026-03-15 21:58:04 [LoadTaskScheduler]       AudioManager.cpp:1273  INFO| Unloaded Voice bank: HestiaKeepsake in 0.00s
2026-03-15 21:58:04 [LoadTaskScheduler]       AudioManager.cpp:1273  INFO| Unloaded Voice bank: SeleneKeepsake in 0.00s
2026-03-15 21:58:04 [LoadTaskScheduler]       AudioManager.cpp:1273  INFO| Unloaded Voice bank: HecateKeepsake in 0.00s
2026-03-15 21:58:04 [LoadTaskScheduler]       AudioManager.cpp:1273  INFO| Unloaded Voice bank: PersephoneKeepsake in 0.00s
2026-03-15 21:58:04 [LoadTaskScheduler]       AudioManager.cpp:1273  INFO| Unloaded Voice bank: HephaestusKeepsake in 0.00s
2026-03-15 21:58:04 [LoadTaskScheduler]       AudioManager.cpp:1273  INFO| Unloaded Voice bank: SkellyKeepsake in 0.00s
2026-03-15 21:58:04 [LoadTaskScheduler]       AudioManager.cpp:1273  INFO| Unloaded Voice bank: ArtemisKeepsake in 0.00s
2026-03-15 21:58:04 [LoadTaskScheduler]       AudioManager.cpp:1273  INFO| Unloaded Voice bank: ErisKeepsake in 0.00s
2026-03-15 21:58:04 [LoadTaskScheduler]       AudioManager.cpp:1273  INFO| Unloaded Voice bank: ArachneKeepsake in 0.00s
2026-03-15 21:58:04 [LoadTaskScheduler]       AudioManager.cpp:1273  INFO| Unloaded Voice bank: IcarusKeepsake in 0.00s
2026-03-15 21:58:04 [LoadTaskScheduler]       AudioManager.cpp:1273  INFO| Unloaded Voice bank: AresKeepsake in 0.00s
2026-03-15 21:58:04 [LoadTaskScheduler]       AudioManager.cpp:1273  INFO| Unloaded Voice bank: DionysusKeepsake in 0.00s
2026-03-15 21:58:04 [LoadTaskScheduler]       AudioManager.cpp:1273  INFO| Unloaded Voice bank: ApolloKeepsake in 0.00s
2026-03-15 21:58:04 [LoadTaskScheduler]       AudioManager.cpp:1273  INFO| Unloaded Voice bank: AthenaKeepsake in 0.00s
2026-03-15 21:58:04 [LoadTaskScheduler]       AudioManager.cpp:1273  INFO| Unloaded Voice bank: MedeaKeepsake in 0.00s
2026-03-15 21:58:04 [LoadTaskScheduler]       AudioManager.cpp:1273  INFO| Unloaded Voice bank: HermesKeepsake in 0.00s
2026-03-15 21:58:04 [LoadTaskScheduler]       AudioManager.cpp:1273  INFO| Unloaded Voice bank: ZeusKeepsake in 0.00s
2026-03-15 21:58:04 [LoadTaskScheduler]       AudioManager.cpp:1273  INFO| Unloaded Voice bank: DoraKeepsake in 0.00s
2026-03-15 21:58:04 [LoadTaskScheduler]       AudioManager.cpp:1273  INFO| Unloaded Voice bank: NemesisKeepsake in 0.00s
2026-03-15 21:58:04 [LoadTaskScheduler]       AudioManager.cpp:1273  INFO| Unloaded Voice bank: ChronosKeepsake in 0.00s
2026-03-15 21:58:04 [LoadTaskScheduler]       AudioManager.cpp:1273  INFO| Unloaded Voice bank: AphroditeKeepsake in 0.00s
2026-03-15 21:58:04 [LoadTaskScheduler]       AudioManager.cpp:1273  INFO| Unloaded Voice bank: HeraKeepsake in 0.00s
2026-03-15 21:58:04 [LoadTaskScheduler]       AudioManager.cpp:1273  INFO| Unloaded Voice bank: NarcissusKeepsake in 0.00s
2026-03-15 21:58:04 [LoadTaskScheduler]       AudioManager.cpp:1273  INFO| Unloaded Voice bank: HadesKeepsake in 0.00s
2026-03-15 21:58:04 [LoadTaskScheduler]       AudioManager.cpp:1273  INFO| Unloaded Voice bank: MorosKeepsake in 0.00s
2026-03-15 21:58:04 [LoadTaskScheduler]       AudioManager.cpp:1273  INFO| Unloaded Voice bank: DemeterKeepsake in 0.00s
2026-03-15 21:58:04 [LoadTaskScheduler]       AudioManager.cpp:1273  INFO| Unloaded Voice bank: OdysseusKeepsake in 0.00s
2026-03-15 21:58:04 [LoadTaskScheduler]       AudioManager.cpp:1273  INFO| Unloaded Voice bank: CharonKeepsake in 0.00s
2026-03-15 21:58:04 [LoadTaskScheduler]              World.cpp:1343  INFO| Finished PostLoad
2026-03-15 21:58:04 [LoadTaskScheduler]              World.cpp:1348  INFO| Finished postLoadTask (0.034939 seconds)
2026-03-15 21:58:04 [MainThread      ]              World.cpp:1359  INFO| Started loadScreen onExit
2026-03-15 21:58:04 [MainThread      ]      ScriptManager.cpp:1001  INFO| Lua GC took 0.04 seconds
2026-03-15 21:58:04 [MainThread      ]   GameAssetManager.cpp:668   INFO| Loading package: WeaponSpellTimeSlow.pkg
2026-03-15 21:58:04 [MainThread      ]              World.cpp:1366  INFO| Finished loadScreen onExit (0.046616 seconds)
2026-03-15 21:58:21 [MainThread      ]     BinarySaveData.cpp:42    INFO| PrepareForWrite dataSize = 9 bytes
2026-03-15 21:58:21 [SmallTaskScheduler]     BinarySaveData.cpp:17    INFO| Writing 9 bytes
2026-03-15 21:58:21 [MainThread      ]              World.cpp:1373  INFO| World::Begin() I_Intro -> I_Combat18
2026-03-15 21:58:21 [MainThread      ]                 Pool.h:210   INFO| Projectile 0 / 217 (max 32) (594kb)
2026-03-15 21:58:21 [MainThread      ]                 Pool.h:210   INFO| HomingProjectile 0 / 108 (max 47) (297kb)
2026-03-15 21:58:21 [MainThread      ]                 Pool.h:210   INFO| BeamProjectile 0 / 81 (max 0) (225kb)
2026-03-15 21:58:21 [MainThread      ]                 Pool.h:210   INFO| LobProjectile 0 / 81 (max 10) (224kb)
2026-03-15 21:58:21 [MainThread      ]                 Pool.h:210   INFO| ArcProjectile 0 / 81 (max 8) (223kb)
2026-03-15 21:58:21 [MainThread      ]                 Pool.h:210   INFO| InstantProjectile 0 / 108 (max 10) (295kb)
2026-03-15 21:58:21 [MainThread      ]                 Pool.h:210   INFO| Effect 0 / 256 (max 52) (79kb)
2026-03-15 21:58:21 [MainThread      ]    ProgressManager.cpp:1106  INFO| Lua::Save() : 0.004392 s
2026-03-15 21:58:21 [MainThread      ]    ProgressManager.cpp:1038  INFO| GatherSaveData : 0.005489 s
2026-03-15 21:58:21 [MainThread      ]     BinarySaveData.cpp:42    INFO| PrepareForWrite dataSize = 309492 bytes
2026-03-15 21:58:21 [MainThread      ]     BinarySaveData.cpp:47    INFO| PrepareForWrite checksum = 68207cd9 bytes
2026-03-15 21:58:21 [MainThread      ]              World.cpp:1435  INFO| Finished World::Begin (0.015394 seconds)
2026-03-15 21:58:21 [LoadTaskScheduler]              World.cpp:1298  INFO| Started preScriptLoadTask
2026-03-15 21:58:21 [LoadTaskScheduler]              World.cpp:1304  INFO| Finished preScriptLoadTask (0.000000 seconds)
2026-03-15 21:58:21 [LoadTaskScheduler]              World.cpp:1263  INFO| Started loadMapDataTask (I_Combat18)
2026-03-15 21:58:21 [LoadTaskScheduler]              World.cpp:1313  INFO| Started loadPackagesTask
2026-03-15 21:58:21 [LoadTaskScheduler]              World.cpp:1317  INFO| Finished loadPackagesTask (0.000003 seconds)
2026-03-15 21:58:21 [LoadTaskScheduler]              World.cpp:1324  INFO| Started postLoadTask
2026-03-15 21:58:21 [LoadTaskScheduler]              World.cpp:1334  INFO| Done waiting for packages and pre-scripts task
2026-03-15 21:58:21 [SmallTaskScheduler]     BinarySaveData.cpp:17    INFO| Writing 309492 bytes
2026-03-15 21:58:21 [LoadTaskScheduler]     BinaryLoadData.cpp:12    INFO| Reading 294657 bytes
2026-03-15 21:58:21 [LoadTaskScheduler]              World.cpp:1292  INFO| Finished loadMapDataTask (0.018727 seconds)
2026-03-15 21:58:21 [LoadTaskScheduler]              World.cpp:1341  INFO| Calling PostLoad
2026-03-15 21:58:21 [LoadTaskScheduler]   GameAssetManager.cpp:668   INFO| Loading package: HermesUpgrade.pkg
2026-03-15 21:58:21 [LoadTaskScheduler]   GameAssetManager.cpp:668   INFO| Loading package: ZeusUpgrade.pkg
2026-03-15 21:58:21 [LoadTaskScheduler]   GameAssetManager.cpp:668   INFO| Loading package: HestiaUpgrade.pkg
2026-03-15 21:58:21 [LoadTaskScheduler]   GameAssetManager.cpp:668   INFO| Loading package: HephaestusUpgrade.pkg
2026-03-15 21:58:21 [LoadTaskScheduler]   GameAssetManager.cpp:668   INFO| Loading package: AphroditeUpgrade.pkg
2026-03-15 21:58:21 [LoadTaskScheduler]              World.cpp:1343  INFO| Finished PostLoad
2026-03-15 21:58:21 [LoadTaskScheduler]              World.cpp:1348  INFO| Finished postLoadTask (0.033664 seconds)
2026-03-15 21:58:21 [MainThread      ]              World.cpp:1359  INFO| Started loadScreen onExit
2026-03-15 21:58:21 [MainThread      ]      ScriptManager.cpp:1001  INFO| Lua GC took 0.04 seconds
2026-03-15 21:58:21 [MainThread      ]   GameAssetManager.cpp:668   INFO| Loading package: WeaponSpellTimeSlow.pkg
2026-03-15 21:58:21 [MainThread      ]       AudioManager.cpp:1233  INFO| Voice bank loaded successfully: Intercom (148 lines in 0.000445 seconds)
2026-03-15 21:58:21 [MainThread      ]              World.cpp:1366  INFO| Finished loadScreen onExit (0.051168 seconds)
2026-03-15 21:58:30 [MainThread      ]     BinarySaveData.cpp:42    INFO| PrepareForWrite dataSize = 9 bytes
2026-03-15 21:58:30 [SmallTaskScheduler]     BinarySaveData.cpp:17    INFO| Writing 9 bytes
2026-03-15 21:59:06 [MainThread      ]    ProgressManager.cpp:1106  INFO| Lua::Save() : 0.005019 s
2026-03-15 21:59:06 [MainThread      ]    ProgressManager.cpp:1038  INFO| GatherSaveData : 0.006134 s
2026-03-15 21:59:06 [MainThread      ]     BinarySaveData.cpp:42    INFO| PrepareForWrite dataSize = 311427 bytes
2026-03-15 21:59:06 [MainThread      ]     BinarySaveData.cpp:47    INFO| PrepareForWrite checksum = a8f1520f bytes
2026-03-15 21:59:06 [MainThread      ]     BinarySaveData.cpp:42    INFO| PrepareForWrite dataSize = 9 bytes
2026-03-15 21:59:06 [SmallTaskScheduler]     BinarySaveData.cpp:17    INFO| Writing 311427 bytes
2026-03-15 21:59:06 [SmallTaskScheduler]     BinarySaveData.cpp:17    INFO| Writing 9 bytes
2026-03-15 21:59:14 [MainThread      ]     BinarySaveData.cpp:42    INFO| PrepareForWrite dataSize = 9 bytes
2026-03-15 21:59:14 [SmallTaskScheduler]     BinarySaveData.cpp:17    INFO| Writing 9 bytes
2026-03-15 21:59:14 [MainThread      ]              World.cpp:1373  INFO| World::Begin() I_Combat18 -> I_Story01
2026-03-15 21:59:14 [MainThread      ]                 Pool.h:210   INFO| Projectile 0 / 217 (max 32) (594kb)
2026-03-15 21:59:14 [MainThread      ]                 Pool.h:210   INFO| HomingProjectile 0 / 108 (max 47) (297kb)
2026-03-15 21:59:14 [MainThread      ]                 Pool.h:210   INFO| BeamProjectile 0 / 81 (max 3) (225kb)
2026-03-15 21:59:14 [MainThread      ]                 Pool.h:210   INFO| LobProjectile 0 / 81 (max 10) (224kb)
2026-03-15 21:59:14 [MainThread      ]                 Pool.h:210   INFO| ArcProjectile 0 / 81 (max 8) (223kb)
2026-03-15 21:59:14 [MainThread      ]                 Pool.h:210   INFO| InstantProjectile 0 / 108 (max 10) (295kb)
2026-03-15 21:59:14 [MainThread      ]                 Pool.h:210   INFO| Effect 0 / 256 (max 52) (79kb)
2026-03-15 21:59:14 [MainThread      ]    ProgressManager.cpp:1106  INFO| Lua::Save() : 0.004425 s
2026-03-15 21:59:14 [MainThread      ]    ProgressManager.cpp:1038  INFO| GatherSaveData : 0.005522 s
2026-03-15 21:59:14 [MainThread      ]     BinarySaveData.cpp:42    INFO| PrepareForWrite dataSize = 310504 bytes
2026-03-15 21:59:14 [MainThread      ]     BinarySaveData.cpp:47    INFO| PrepareForWrite checksum = 3fb14f8a bytes
2026-03-15 21:59:14 [MainThread      ]              World.cpp:1435  INFO| Finished World::Begin (0.014839 seconds)
2026-03-15 21:59:14 [LoadTaskScheduler]              World.cpp:1263  INFO| Started loadMapDataTask (I_Story01)
2026-03-15 21:59:14 [LoadTaskScheduler]              World.cpp:1298  INFO| Started preScriptLoadTask
2026-03-15 21:59:14 [LoadTaskScheduler]              World.cpp:1304  INFO| Finished preScriptLoadTask (0.000000 seconds)
2026-03-15 21:59:14 [SmallTaskScheduler]     BinarySaveData.cpp:17    INFO| Writing 310504 bytes
2026-03-15 21:59:14 [LoadTaskScheduler]              World.cpp:1313  INFO| Started loadPackagesTask
2026-03-15 21:59:14 [LoadTaskScheduler]              World.cpp:1317  INFO| Finished loadPackagesTask (0.000004 seconds)
2026-03-15 21:59:14 [LoadTaskScheduler]              World.cpp:1324  INFO| Started postLoadTask
2026-03-15 21:59:14 [LoadTaskScheduler]              World.cpp:1334  INFO| Done waiting for packages and pre-scripts task
2026-03-15 21:59:14 [LoadTaskScheduler]     BinaryLoadData.cpp:12    INFO| Reading 231839 bytes
2026-03-15 21:59:14 [LoadTaskScheduler]              World.cpp:1292  INFO| Finished loadMapDataTask (0.015674 seconds)
2026-03-15 21:59:14 [LoadTaskScheduler]              World.cpp:1341  INFO| Calling PostLoad
2026-03-15 21:59:14 [LoadTaskScheduler]   GameAssetManager.cpp:668   INFO| Loading package: HermesUpgrade.pkg
2026-03-15 21:59:14 [LoadTaskScheduler]   GameAssetManager.cpp:668   INFO| Loading package: ZeusUpgrade.pkg
2026-03-15 21:59:14 [LoadTaskScheduler]   GameAssetManager.cpp:668   INFO| Loading package: HestiaUpgrade.pkg
2026-03-15 21:59:14 [LoadTaskScheduler]   GameAssetManager.cpp:668   INFO| Loading package: HephaestusUpgrade.pkg
2026-03-15 21:59:14 [LoadTaskScheduler]   GameAssetManager.cpp:668   INFO| Loading package: AphroditeUpgrade.pkg
2026-03-15 21:59:14 [LoadTaskScheduler]       AudioManager.cpp:1273  INFO| Unloaded Voice bank: Intercom in 0.00s
2026-03-15 21:59:14 [LoadTaskScheduler]              World.cpp:1343  INFO| Finished PostLoad
2026-03-15 21:59:14 [LoadTaskScheduler]              World.cpp:1348  INFO| Finished postLoadTask (0.029587 seconds)
2026-03-15 21:59:14 [MainThread      ]              World.cpp:1359  INFO| Started loadScreen onExit
2026-03-15 21:59:14 [MainThread      ]      ScriptManager.cpp:1001  INFO| Lua GC took 0.04 seconds
2026-03-15 21:59:14 [MainThread      ]   GameAssetManager.cpp:668   INFO| Loading package: WeaponSpellTimeSlow.pkg
2026-03-15 21:59:14 [MainThread      ]       AudioManager.cpp:1233  INFO| Voice bank loaded successfully: Selene (469 lines in 0.000504 seconds)
2026-03-15 21:59:14 [MainThread      ]       AudioManager.cpp:1233  INFO| Voice bank loaded successfully: Hades (332 lines in 0.010598 seconds)
2026-03-15 21:59:14 [MainThread      ]   GameAssetManager.cpp:668   INFO| Loading package: NPC_Hades_Field_01.pkg
2026-03-15 21:59:14 [MainThread      ]   GameAssetManager.cpp:668   INFO| Loading package: Hades.pkg
2026-03-15 21:59:14 [MainThread      ]   GameAssetManager.cpp:581   INFO| Start reading manifest Hades
2026-03-15 21:59:14 [MainThread      ]   GameAssetManager.cpp:642   INFO| Done reading manifest Hades
2026-03-15 21:59:14 [MainThread      ]   GameAssetManager.cpp:697   INFO| Package Loaded: Hades 51Mb in 0.02s
2026-03-15 21:59:14 [MainThread      ]   GameAssetManager.cpp:668   INFO| Loading package: Bouldy.pkg
2026-03-15 21:59:14 [MainThread      ]   GameAssetManager.cpp:581   INFO| Start reading manifest Bouldy
2026-03-15 21:59:14 [MainThread      ]   GameAssetManager.cpp:642   INFO| Done reading manifest Bouldy
2026-03-15 21:59:15 [MainThread      ]   GameAssetManager.cpp:697   INFO| Package Loaded: Bouldy 34Mb in 0.03s
2026-03-15 21:59:15 [MainThread      ]   GameAssetManager.cpp:668   INFO| Loading package: Cerberus.pkg
2026-03-15 21:59:15 [MainThread      ]   GameAssetManager.cpp:581   INFO| Start reading manifest Cerberus
2026-03-15 21:59:15 [MainThread      ]   GameAssetManager.cpp:642   INFO| Done reading manifest Cerberus
2026-03-15 21:59:15 [MainThread      ]   GameAssetManager.cpp:697   INFO| Package Loaded: Cerberus 42Mb in 0.03s
2026-03-15 21:59:15 [MainThread      ]              World.cpp:1366  INFO| Finished loadScreen onExit (0.142520 seconds)
2026-03-15 21:59:20 [MainThread      ]     BinarySaveData.cpp:42    INFO| PrepareForWrite dataSize = 9 bytes
2026-03-15 21:59:20 [SmallTaskScheduler]     BinarySaveData.cpp:17    INFO| Writing 9 bytes
2026-03-15 22:00:18 [MainThread      ]            Program.cpp:512   INFO| Window Inactive
2026-03-15 22:00:19 [MainThread      ]            Program.cpp:492   INFO| Window Active
2026-03-15 22:00:19 [MainThread      ]            Program.cpp:492   INFO| Window Active
2026-03-15 22:01:17 [MainThread      ]     BinarySaveData.cpp:42    INFO| PrepareForWrite dataSize = 9 bytes
2026-03-15 22:01:17 [MainThread      ]   GameAssetManager.cpp:894   INFO| Unloading: Bouldy
2026-03-15 22:01:17 [MainThread      ]   GameAssetManager.cpp:899   INFO| 	Bouldy bank: 0.00 ms
2026-03-15 22:01:17 [MainThread      ]   GameAssetManager.cpp:906   INFO| 	Bouldy package: 0.09 ms
2026-03-15 22:01:17 [MainThread      ]   GameAssetManager.cpp:894   INFO| Unloading: Cerberus
2026-03-15 22:01:17 [MainThread      ]   GameAssetManager.cpp:899   INFO| 	Cerberus bank: 0.00 ms
2026-03-15 22:01:17 [SmallTaskScheduler]     BinarySaveData.cpp:17    INFO| Writing 9 bytes
2026-03-15 22:01:17 [MainThread      ]   GameAssetManager.cpp:906   INFO| 	Cerberus package: 0.14 ms
2026-03-15 22:01:17 [MainThread      ]   GameAssetManager.cpp:894   INFO| Unloading: Hades
2026-03-15 22:01:17 [MainThread      ]   GameAssetManager.cpp:899   INFO| 	Hades bank: 0.00 ms
2026-03-15 22:01:17 [MainThread      ]   GameAssetManager.cpp:906   INFO| 	Hades package: 0.19 ms
2026-03-15 22:01:17 [MainThread      ]              World.cpp:1373  INFO| World::Begin() I_Story01 -> I_Combat20
2026-03-15 22:01:17 [MainThread      ]                 Pool.h:210   INFO| Projectile 0 / 217 (max 32) (594kb)
2026-03-15 22:01:17 [MainThread      ]                 Pool.h:210   INFO| HomingProjectile 0 / 108 (max 47) (297kb)
2026-03-15 22:01:17 [MainThread      ]                 Pool.h:210   INFO| BeamProjectile 0 / 81 (max 3) (225kb)
2026-03-15 22:01:17 [MainThread      ]                 Pool.h:210   INFO| LobProjectile 0 / 81 (max 10) (224kb)
2026-03-15 22:01:17 [MainThread      ]                 Pool.h:210   INFO| ArcProjectile 0 / 81 (max 8) (223kb)
2026-03-15 22:01:17 [MainThread      ]                 Pool.h:210   INFO| InstantProjectile 0 / 108 (max 10) (295kb)
2026-03-15 22:01:17 [MainThread      ]                 Pool.h:210   INFO| Effect 0 / 256 (max 52) (79kb)
2026-03-15 22:01:17 [MainThread      ]    ProgressManager.cpp:1106  INFO| Lua::Save() : 0.004494 s
2026-03-15 22:01:17 [MainThread      ]    ProgressManager.cpp:1038  INFO| GatherSaveData : 0.005624 s
2026-03-15 22:01:17 [MainThread      ]     BinarySaveData.cpp:42    INFO| PrepareForWrite dataSize = 312644 bytes
2026-03-15 22:01:17 [MainThread      ]     BinarySaveData.cpp:47    INFO| PrepareForWrite checksum = adef4ab4 bytes
2026-03-15 22:01:17 [MainThread      ]              World.cpp:1435  INFO| Finished World::Begin (0.011912 seconds)
2026-03-15 22:01:17 [LoadTaskScheduler]              World.cpp:1263  INFO| Started loadMapDataTask (I_Combat20)
2026-03-15 22:01:17 [LoadTaskScheduler]              World.cpp:1298  INFO| Started preScriptLoadTask
2026-03-15 22:01:17 [LoadTaskScheduler]              World.cpp:1304  INFO| Finished preScriptLoadTask (0.000000 seconds)
2026-03-15 22:01:17 [LoadTaskScheduler]              World.cpp:1313  INFO| Started loadPackagesTask
2026-03-15 22:01:17 [LoadTaskScheduler]              World.cpp:1317  INFO| Finished loadPackagesTask (0.000003 seconds)
2026-03-15 22:01:17 [SmallTaskScheduler]     BinarySaveData.cpp:17    INFO| Writing 312644 bytes
2026-03-15 22:01:17 [LoadTaskScheduler]              World.cpp:1324  INFO| Started postLoadTask
2026-03-15 22:01:17 [LoadTaskScheduler]              World.cpp:1334  INFO| Done waiting for packages and pre-scripts task
2026-03-15 22:01:17 [LoadTaskScheduler]     BinaryLoadData.cpp:12    INFO| Reading 202991 bytes
2026-03-15 22:01:17 [LoadTaskScheduler]              World.cpp:1292  INFO| Finished loadMapDataTask (0.014938 seconds)
2026-03-15 22:01:17 [LoadTaskScheduler]              World.cpp:1341  INFO| Calling PostLoad
2026-03-15 22:01:17 [LoadTaskScheduler]   GameAssetManager.cpp:668   INFO| Loading package: HermesUpgrade.pkg
2026-03-15 22:01:17 [LoadTaskScheduler]   GameAssetManager.cpp:668   INFO| Loading package: NPC_Hades_Field_01.pkg
2026-03-15 22:01:17 [LoadTaskScheduler]   GameAssetManager.cpp:668   INFO| Loading package: HephaestusUpgrade.pkg
2026-03-15 22:01:17 [LoadTaskScheduler]   GameAssetManager.cpp:668   INFO| Loading package: ZeusUpgrade.pkg
2026-03-15 22:01:17 [LoadTaskScheduler]   GameAssetManager.cpp:668   INFO| Loading package: HestiaUpgrade.pkg
2026-03-15 22:01:17 [LoadTaskScheduler]   GameAssetManager.cpp:668   INFO| Loading package: AphroditeUpgrade.pkg
2026-03-15 22:01:17 [LoadTaskScheduler]       AudioManager.cpp:1273  INFO| Unloaded Voice bank: Selene in 0.00s
2026-03-15 22:01:17 [LoadTaskScheduler]       AudioManager.cpp:1273  INFO| Unloaded Voice bank: Hades in 0.00s
2026-03-15 22:01:17 [LoadTaskScheduler]              World.cpp:1343  INFO| Finished PostLoad
2026-03-15 22:01:17 [LoadTaskScheduler]              World.cpp:1348  INFO| Finished postLoadTask (0.028740 seconds)
2026-03-15 22:01:17 [MainThread      ]              World.cpp:1359  INFO| Started loadScreen onExit
2026-03-15 22:01:17 [MainThread      ]      ScriptManager.cpp:1001  INFO| Lua GC took 0.04 seconds
2026-03-15 22:01:17 [MainThread      ]   GameAssetManager.cpp:668   INFO| Loading package: WeaponSpellTimeSlow.pkg
2026-03-15 22:01:17 [MainThread      ]       AudioManager.cpp:1233  INFO| Voice bank loaded successfully: Hades (332 lines in 0.000591 seconds)
2026-03-15 22:01:17 [MainThread      ]              World.cpp:1366  INFO| Finished loadScreen onExit (0.048339 seconds)
2026-03-15 22:01:32 [MainThread      ]     BinarySaveData.cpp:42    INFO| PrepareForWrite dataSize = 9 bytes
2026-03-15 22:01:32 [SmallTaskScheduler]     BinarySaveData.cpp:17    INFO| Writing 9 bytes
2026-03-15 22:01:46 [MainThread      ]    ProgressManager.cpp:1106  INFO| Lua::Save() : 0.004254 s
2026-03-15 22:01:46 [MainThread      ]    ProgressManager.cpp:1038  INFO| GatherSaveData : 0.005350 s
2026-03-15 22:01:46 [MainThread      ]     BinarySaveData.cpp:42    INFO| PrepareForWrite dataSize = 307421 bytes
2026-03-15 22:01:46 [MainThread      ]     BinarySaveData.cpp:47    INFO| PrepareForWrite checksum = 87e8222c bytes
2026-03-15 22:01:46 [MainThread      ]     BinarySaveData.cpp:42    INFO| PrepareForWrite dataSize = 9 bytes
2026-03-15 22:01:46 [SmallTaskScheduler]     BinarySaveData.cpp:17    INFO| Writing 307421 bytes
2026-03-15 22:01:46 [SmallTaskScheduler]     BinarySaveData.cpp:17    INFO| Writing 9 bytes
2026-03-15 22:01:52 [MainThread      ]     BinarySaveData.cpp:42    INFO| PrepareForWrite dataSize = 9 bytes
2026-03-15 22:01:52 [SmallTaskScheduler]     BinarySaveData.cpp:17    INFO| Writing 9 bytes
2026-03-15 22:01:52 [MainThread      ]              World.cpp:1373  INFO| World::Begin() I_Combat20 -> I_Combat12
2026-03-15 22:01:52 [MainThread      ]                 Pool.h:210   INFO| Projectile 0 / 217 (max 32) (594kb)
2026-03-15 22:01:52 [MainThread      ]                 Pool.h:210   INFO| HomingProjectile 0 / 108 (max 47) (297kb)
2026-03-15 22:01:52 [MainThread      ]                 Pool.h:210   INFO| BeamProjectile 0 / 81 (max 3) (225kb)
2026-03-15 22:01:52 [MainThread      ]                 Pool.h:210   INFO| LobProjectile 0 / 81 (max 10) (224kb)
2026-03-15 22:01:52 [MainThread      ]                 Pool.h:210   INFO| ArcProjectile 0 / 81 (max 8) (223kb)
2026-03-15 22:01:52 [MainThread      ]                 Pool.h:210   INFO| InstantProjectile 0 / 108 (max 10) (295kb)
2026-03-15 22:01:52 [MainThread      ]                 Pool.h:210   INFO| Effect 0 / 256 (max 52) (79kb)
2026-03-15 22:01:52 [MainThread      ]    ProgressManager.cpp:1106  INFO| Lua::Save() : 0.004434 s
2026-03-15 22:01:52 [MainThread      ]    ProgressManager.cpp:1038  INFO| GatherSaveData : 0.005520 s
2026-03-15 22:01:52 [MainThread      ]     BinarySaveData.cpp:42    INFO| PrepareForWrite dataSize = 306249 bytes
2026-03-15 22:01:52 [MainThread      ]     BinarySaveData.cpp:47    INFO| PrepareForWrite checksum = a7829237 bytes
2026-03-15 22:01:52 [MainThread      ]              World.cpp:1435  INFO| Finished World::Begin (0.010956 seconds)
2026-03-15 22:01:52 [LoadTaskScheduler]              World.cpp:1263  INFO| Started loadMapDataTask (I_Combat12)
2026-03-15 22:01:52 [LoadTaskScheduler]              World.cpp:1298  INFO| Started preScriptLoadTask
2026-03-15 22:01:52 [LoadTaskScheduler]              World.cpp:1304  INFO| Finished preScriptLoadTask (0.000000 seconds)
2026-03-15 22:01:52 [LoadTaskScheduler]              World.cpp:1313  INFO| Started loadPackagesTask
2026-03-15 22:01:52 [LoadTaskScheduler]              World.cpp:1317  INFO| Finished loadPackagesTask (0.000003 seconds)
2026-03-15 22:01:52 [LoadTaskScheduler]              World.cpp:1324  INFO| Started postLoadTask
2026-03-15 22:01:52 [LoadTaskScheduler]              World.cpp:1334  INFO| Done waiting for packages and pre-scripts task
2026-03-15 22:01:52 [SmallTaskScheduler]     BinarySaveData.cpp:17    INFO| Writing 306249 bytes
2026-03-15 22:01:52 [LoadTaskScheduler]     BinaryLoadData.cpp:12    INFO| Reading 303653 bytes
2026-03-15 22:01:52 [LoadTaskScheduler]              World.cpp:1292  INFO| Finished loadMapDataTask (0.014582 seconds)
2026-03-15 22:01:52 [LoadTaskScheduler]              World.cpp:1341  INFO| Calling PostLoad
2026-03-15 22:01:52 [LoadTaskScheduler]   GameAssetManager.cpp:668   INFO| Loading package: HermesUpgrade.pkg
2026-03-15 22:01:52 [LoadTaskScheduler]   GameAssetManager.cpp:668   INFO| Loading package: NPC_Hades_Field_01.pkg
2026-03-15 22:01:52 [LoadTaskScheduler]   GameAssetManager.cpp:668   INFO| Loading package: HephaestusUpgrade.pkg
2026-03-15 22:01:52 [LoadTaskScheduler]   GameAssetManager.cpp:668   INFO| Loading package: ZeusUpgrade.pkg
2026-03-15 22:01:52 [LoadTaskScheduler]   GameAssetManager.cpp:668   INFO| Loading package: HestiaUpgrade.pkg
2026-03-15 22:01:52 [LoadTaskScheduler]   GameAssetManager.cpp:668   INFO| Loading package: AphroditeUpgrade.pkg
2026-03-15 22:01:52 [LoadTaskScheduler]       AudioManager.cpp:1273  INFO| Unloaded Voice bank: Hades in 0.00s
2026-03-15 22:01:52 [LoadTaskScheduler]              World.cpp:1343  INFO| Finished PostLoad
2026-03-15 22:01:52 [LoadTaskScheduler]              World.cpp:1348  INFO| Finished postLoadTask (0.038523 seconds)
2026-03-15 22:01:52 [MainThread      ]              World.cpp:1359  INFO| Started loadScreen onExit
2026-03-15 22:01:52 [MainThread      ]      ScriptManager.cpp:1001  INFO| Lua GC took 0.05 seconds
2026-03-15 22:01:52 [MainThread      ]   GameAssetManager.cpp:668   INFO| Loading package: WeaponSpellTimeSlow.pkg
2026-03-15 22:01:52 [MainThread      ]       AudioManager.cpp:1233  INFO| Voice bank loaded successfully: Hades (332 lines in 0.000442 seconds)
2026-03-15 22:01:52 [MainThread      ]       AudioManager.cpp:1233  INFO| Voice bank loaded successfully: Selene (469 lines in 0.000467 seconds)
2026-03-15 22:01:52 [MainThread      ]              World.cpp:1366  INFO| Finished loadScreen onExit (0.054547 seconds)
2026-03-15 22:02:14 [MainThread      ]     BinarySaveData.cpp:42    INFO| PrepareForWrite dataSize = 9 bytes
2026-03-15 22:02:14 [SmallTaskScheduler]     BinarySaveData.cpp:17    INFO| Writing 9 bytes
2026-03-15 22:02:39 [MainThread      ]    ProgressManager.cpp:1106  INFO| Lua::Save() : 0.004521 s
2026-03-15 22:02:39 [MainThread      ]    ProgressManager.cpp:1038  INFO| GatherSaveData : 0.005625 s
2026-03-15 22:02:39 [MainThread      ]     BinarySaveData.cpp:42    INFO| PrepareForWrite dataSize = 307431 bytes
2026-03-15 22:02:39 [MainThread      ]     BinarySaveData.cpp:47    INFO| PrepareForWrite checksum = 1de8ce31 bytes
2026-03-15 22:02:39 [MainThread      ]     BinarySaveData.cpp:42    INFO| PrepareForWrite dataSize = 9 bytes
2026-03-15 22:02:39 [SmallTaskScheduler]     BinarySaveData.cpp:17    INFO| Writing 307431 bytes
2026-03-15 22:02:39 [SmallTaskScheduler]     BinarySaveData.cpp:17    INFO| Writing 9 bytes
2026-03-15 22:02:49 [MainThread      ]     BinarySaveData.cpp:42    INFO| PrepareForWrite dataSize = 9 bytes
2026-03-15 22:02:49 [SmallTaskScheduler]     BinarySaveData.cpp:17    INFO| Writing 9 bytes
2026-03-15 22:02:49 [MainThread      ]              World.cpp:1373  INFO| World::Begin() I_Combat12 -> I_Combat07
2026-03-15 22:02:49 [MainThread      ]                 Pool.h:210   INFO| Projectile 0 / 217 (max 32) (594kb)
2026-03-15 22:02:49 [MainThread      ]                 Pool.h:210   INFO| HomingProjectile 0 / 108 (max 47) (297kb)
2026-03-15 22:02:49 [MainThread      ]                 Pool.h:210   INFO| BeamProjectile 0 / 81 (max 3) (225kb)
2026-03-15 22:02:49 [MainThread      ]                 Pool.h:210   INFO| LobProjectile 0 / 81 (max 10) (224kb)
2026-03-15 22:02:49 [MainThread      ]                 Pool.h:210   INFO| ArcProjectile 0 / 81 (max 8) (223kb)
2026-03-15 22:02:49 [MainThread      ]                 Pool.h:210   INFO| InstantProjectile 0 / 108 (max 10) (295kb)
2026-03-15 22:02:49 [MainThread      ]                 Pool.h:210   INFO| Effect 0 / 256 (max 52) (79kb)
2026-03-15 22:02:49 [MainThread      ]    ProgressManager.cpp:1106  INFO| Lua::Save() : 0.004367 s
2026-03-15 22:02:49 [MainThread      ]    ProgressManager.cpp:1038  INFO| GatherSaveData : 0.005478 s
2026-03-15 22:02:49 [MainThread      ]     BinarySaveData.cpp:42    INFO| PrepareForWrite dataSize = 306775 bytes
2026-03-15 22:02:49 [MainThread      ]     BinarySaveData.cpp:47    INFO| PrepareForWrite checksum = 895359ac bytes
2026-03-15 22:02:49 [MainThread      ]              World.cpp:1435  INFO| Finished World::Begin (0.015118 seconds)
2026-03-15 22:02:49 [LoadTaskScheduler]              World.cpp:1263  INFO| Started loadMapDataTask (I_Combat07)
2026-03-15 22:02:49 [LoadTaskScheduler]              World.cpp:1298  INFO| Started preScriptLoadTask
2026-03-15 22:02:49 [LoadTaskScheduler]              World.cpp:1304  INFO| Finished preScriptLoadTask (0.000000 seconds)
2026-03-15 22:02:49 [LoadTaskScheduler]              World.cpp:1313  INFO| Started loadPackagesTask
2026-03-15 22:02:49 [LoadTaskScheduler]              World.cpp:1317  INFO| Finished loadPackagesTask (0.000002 seconds)
2026-03-15 22:02:49 [SmallTaskScheduler]     BinarySaveData.cpp:17    INFO| Writing 306775 bytes
2026-03-15 22:02:49 [LoadTaskScheduler]              World.cpp:1324  INFO| Started postLoadTask
2026-03-15 22:02:49 [LoadTaskScheduler]              World.cpp:1334  INFO| Done waiting for packages and pre-scripts task
2026-03-15 22:02:49 [LoadTaskScheduler]     BinaryLoadData.cpp:12    INFO| Reading 323118 bytes
2026-03-15 22:02:49 [LoadTaskScheduler]              World.cpp:1292  INFO| Finished loadMapDataTask (0.015023 seconds)
2026-03-15 22:02:49 [LoadTaskScheduler]              World.cpp:1341  INFO| Calling PostLoad
2026-03-15 22:02:49 [LoadTaskScheduler]   GameAssetManager.cpp:668   INFO| Loading package: HermesUpgrade.pkg
2026-03-15 22:02:49 [LoadTaskScheduler]   GameAssetManager.cpp:668   INFO| Loading package: AphroditeUpgrade.pkg
2026-03-15 22:02:49 [LoadTaskScheduler]   GameAssetManager.cpp:668   INFO| Loading package: ZeusUpgrade.pkg
2026-03-15 22:02:49 [LoadTaskScheduler]   GameAssetManager.cpp:668   INFO| Loading package: NPC_Hades_Field_01.pkg
2026-03-15 22:02:49 [LoadTaskScheduler]   GameAssetManager.cpp:668   INFO| Loading package: HephaestusUpgrade.pkg
2026-03-15 22:02:49 [LoadTaskScheduler]   GameAssetManager.cpp:668   INFO| Loading package: HestiaUpgrade.pkg
2026-03-15 22:02:49 [LoadTaskScheduler]       AudioManager.cpp:1273  INFO| Unloaded Voice bank: Selene in 0.00s
2026-03-15 22:02:49 [LoadTaskScheduler]       AudioManager.cpp:1273  INFO| Unloaded Voice bank: Hades in 0.00s
2026-03-15 22:02:49 [LoadTaskScheduler]              World.cpp:1343  INFO| Finished PostLoad
2026-03-15 22:02:49 [LoadTaskScheduler]              World.cpp:1348  INFO| Finished postLoadTask (0.033071 seconds)
2026-03-15 22:02:49 [MainThread      ]              World.cpp:1359  INFO| Started loadScreen onExit
2026-03-15 22:02:49 [MainThread      ]      ScriptManager.cpp:1001  INFO| Lua GC took 0.05 seconds
2026-03-15 22:02:49 [MainThread      ]   GameAssetManager.cpp:668   INFO| Loading package: WeaponSpellTimeSlow.pkg
2026-03-15 22:02:49 [MainThread      ]       AudioManager.cpp:1233  INFO| Voice bank loaded successfully: Hades (332 lines in 0.000464 seconds)
2026-03-15 22:02:49 [MainThread      ]              World.cpp:1366  INFO| Finished loadScreen onExit (0.058193 seconds)
2026-03-15 22:03:06 [RenderThread    ]      ForgeRenderer.cpp:7037  INFO| Creating pipeline for effect: ShaderEffectType::ShadowCast3D blend state 1 depthState 1
2026-03-15 22:03:23 [MainThread      ]    ProgressManager.cpp:1106  INFO| Lua::Save() : 0.004390 s
2026-03-15 22:03:23 [MainThread      ]    ProgressManager.cpp:1038  INFO| GatherSaveData : 0.005540 s
2026-03-15 22:03:23 [MainThread      ]     BinarySaveData.cpp:42    INFO| PrepareForWrite dataSize = 307936 bytes
2026-03-15 22:03:23 [MainThread      ]     BinarySaveData.cpp:47    INFO| PrepareForWrite checksum = def18a8b bytes
2026-03-15 22:03:23 [MainThread      ]     BinarySaveData.cpp:42    INFO| PrepareForWrite dataSize = 9 bytes
2026-03-15 22:03:23 [SmallTaskScheduler]     BinarySaveData.cpp:17    INFO| Writing 307936 bytes
2026-03-15 22:03:23 [SmallTaskScheduler]     BinarySaveData.cpp:17    INFO| Writing 9 bytes
2026-03-15 22:03:45 [MainThread      ]     BinarySaveData.cpp:42    INFO| PrepareForWrite dataSize = 9 bytes
2026-03-15 22:03:45 [SmallTaskScheduler]     BinarySaveData.cpp:17    INFO| Writing 9 bytes
2026-03-15 22:03:45 [MainThread      ]              World.cpp:1373  INFO| World::Begin() I_Combat07 -> I_Combat22
2026-03-15 22:03:45 [MainThread      ]                 Pool.h:210   INFO| Projectile 0 / 217 (max 32) (594kb)
2026-03-15 22:03:45 [MainThread      ]                 Pool.h:210   INFO| HomingProjectile 0 / 108 (max 47) (297kb)
2026-03-15 22:03:45 [MainThread      ]                 Pool.h:210   INFO| BeamProjectile 0 / 81 (max 3) (225kb)
2026-03-15 22:03:45 [MainThread      ]                 Pool.h:210   INFO| LobProjectile 0 / 81 (max 10) (224kb)
2026-03-15 22:03:45 [MainThread      ]                 Pool.h:210   INFO| ArcProjectile 0 / 81 (max 8) (223kb)
2026-03-15 22:03:45 [MainThread      ]                 Pool.h:210   INFO| InstantProjectile 0 / 108 (max 10) (295kb)
2026-03-15 22:03:45 [MainThread      ]                 Pool.h:210   INFO| Effect 0 / 256 (max 52) (79kb)
2026-03-15 22:03:45 [MainThread      ]    ProgressManager.cpp:1106  INFO| Lua::Save() : 0.004497 s
2026-03-15 22:03:45 [MainThread      ]    ProgressManager.cpp:1038  INFO| GatherSaveData : 0.005591 s
2026-03-15 22:03:45 [MainThread      ]     BinarySaveData.cpp:42    INFO| PrepareForWrite dataSize = 308389 bytes
2026-03-15 22:03:45 [MainThread      ]     BinarySaveData.cpp:47    INFO| PrepareForWrite checksum = 48ae1685 bytes
2026-03-15 22:03:45 [MainThread      ]              World.cpp:1435  INFO| Finished World::Begin (0.014782 seconds)
2026-03-15 22:03:45 [LoadTaskScheduler]              World.cpp:1263  INFO| Started loadMapDataTask (I_Combat22)
2026-03-15 22:03:45 [LoadTaskScheduler]              World.cpp:1298  INFO| Started preScriptLoadTask
2026-03-15 22:03:45 [LoadTaskScheduler]              World.cpp:1304  INFO| Finished preScriptLoadTask (0.000000 seconds)
2026-03-15 22:03:45 [LoadTaskScheduler]              World.cpp:1313  INFO| Started loadPackagesTask
2026-03-15 22:03:45 [LoadTaskScheduler]              World.cpp:1317  INFO| Finished loadPackagesTask (0.000003 seconds)
2026-03-15 22:03:45 [LoadTaskScheduler]              World.cpp:1324  INFO| Started postLoadTask
2026-03-15 22:03:45 [LoadTaskScheduler]              World.cpp:1334  INFO| Done waiting for packages and pre-scripts task
2026-03-15 22:03:45 [SmallTaskScheduler]     BinarySaveData.cpp:17    INFO| Writing 308389 bytes
2026-03-15 22:03:45 [LoadTaskScheduler]     BinaryLoadData.cpp:12    INFO| Reading 225321 bytes
2026-03-15 22:03:45 [LoadTaskScheduler]              World.cpp:1292  INFO| Finished loadMapDataTask (0.013803 seconds)
2026-03-15 22:03:45 [LoadTaskScheduler]              World.cpp:1341  INFO| Calling PostLoad
2026-03-15 22:03:45 [LoadTaskScheduler]   GameAssetManager.cpp:668   INFO| Loading package: HermesUpgrade.pkg
2026-03-15 22:03:45 [LoadTaskScheduler]   GameAssetManager.cpp:668   INFO| Loading package: AphroditeUpgrade.pkg
2026-03-15 22:03:45 [LoadTaskScheduler]   GameAssetManager.cpp:668   INFO| Loading package: ZeusUpgrade.pkg
2026-03-15 22:03:45 [LoadTaskScheduler]   GameAssetManager.cpp:668   INFO| Loading package: NPC_Hades_Field_01.pkg
2026-03-15 22:03:45 [LoadTaskScheduler]   GameAssetManager.cpp:668   INFO| Loading package: HephaestusUpgrade.pkg
2026-03-15 22:03:45 [LoadTaskScheduler]   GameAssetManager.cpp:668   INFO| Loading package: HestiaUpgrade.pkg
2026-03-15 22:03:45 [LoadTaskScheduler]       AudioManager.cpp:1273  INFO| Unloaded Voice bank: Hades in 0.00s
2026-03-15 22:03:45 [LoadTaskScheduler]              World.cpp:1343  INFO| Finished PostLoad
2026-03-15 22:03:45 [LoadTaskScheduler]              World.cpp:1348  INFO| Finished postLoadTask (0.029701 seconds)
2026-03-15 22:03:45 [MainThread      ]              World.cpp:1359  INFO| Started loadScreen onExit
2026-03-15 22:03:45 [MainThread      ]      ScriptManager.cpp:1001  INFO| Lua GC took 0.04 seconds
2026-03-15 22:03:45 [MainThread      ]   GameAssetManager.cpp:668   INFO| Loading package: WeaponSpellTimeSlow.pkg
2026-03-15 22:03:45 [MainThread      ]       AudioManager.cpp:1233  INFO| Voice bank loaded successfully: Hades (332 lines in 0.000495 seconds)
2026-03-15 22:03:45 [MainThread      ]              World.cpp:1366  INFO| Finished loadScreen onExit (0.051751 seconds)
2026-03-15 22:03:59 [MainThread      ]     BinarySaveData.cpp:42    INFO| PrepareForWrite dataSize = 9 bytes
2026-03-15 22:03:59 [SmallTaskScheduler]     BinarySaveData.cpp:17    INFO| Writing 9 bytes
2026-03-15 22:04:10 [MainThread      ]    ProgressManager.cpp:1106  INFO| Lua::Save() : 0.004849 s
2026-03-15 22:04:10 [MainThread      ]    ProgressManager.cpp:1038  INFO| GatherSaveData : 0.005989 s
2026-03-15 22:04:10 [MainThread      ]     BinarySaveData.cpp:42    INFO| PrepareForWrite dataSize = 313773 bytes
2026-03-15 22:04:10 [MainThread      ]     BinarySaveData.cpp:47    INFO| PrepareForWrite checksum = 7ccc7f1b bytes
2026-03-15 22:04:10 [MainThread      ]     BinarySaveData.cpp:42    INFO| PrepareForWrite dataSize = 9 bytes
2026-03-15 22:04:10 [SmallTaskScheduler]     BinarySaveData.cpp:17    INFO| Writing 313773 bytes
2026-03-15 22:04:10 [SmallTaskScheduler]     BinarySaveData.cpp:17    INFO| Writing 9 bytes
2026-03-15 22:04:19 [MainThread      ]     BinarySaveData.cpp:42    INFO| PrepareForWrite dataSize = 9 bytes
2026-03-15 22:04:19 [SmallTaskScheduler]     BinarySaveData.cpp:17    INFO| Writing 9 bytes
2026-03-15 22:04:19 [MainThread      ]              World.cpp:1373  INFO| World::Begin() I_Combat22 -> I_PreBoss01
2026-03-15 22:04:19 [MainThread      ]                 Pool.h:210   INFO| Projectile 0 / 217 (max 32) (594kb)
2026-03-15 22:04:19 [MainThread      ]                 Pool.h:210   INFO| HomingProjectile 0 / 108 (max 47) (297kb)
2026-03-15 22:04:19 [MainThread      ]                 Pool.h:210   INFO| BeamProjectile 0 / 81 (max 3) (225kb)
2026-03-15 22:04:19 [MainThread      ]                 Pool.h:210   INFO| LobProjectile 0 / 81 (max 10) (224kb)
2026-03-15 22:04:19 [MainThread      ]                 Pool.h:210   INFO| ArcProjectile 0 / 81 (max 8) (223kb)
2026-03-15 22:04:19 [MainThread      ]                 Pool.h:210   INFO| InstantProjectile 0 / 108 (max 10) (295kb)
2026-03-15 22:04:19 [MainThread      ]                 Pool.h:210   INFO| Effect 0 / 256 (max 52) (79kb)
2026-03-15 22:04:19 [MainThread      ]    ProgressManager.cpp:1106  INFO| Lua::Save() : 0.004831 s
2026-03-15 22:04:19 [MainThread      ]    ProgressManager.cpp:1038  INFO| GatherSaveData : 0.005958 s
2026-03-15 22:04:19 [MainThread      ]     BinarySaveData.cpp:42    INFO| PrepareForWrite dataSize = 313167 bytes
2026-03-15 22:04:19 [MainThread      ]     BinarySaveData.cpp:47    INFO| PrepareForWrite checksum = c7aa2c3f bytes
2026-03-15 22:04:19 [MainThread      ]   GameAssetManager.cpp:894   INFO| Unloading: WeaponBlink
2026-03-15 22:04:19 [MainThread      ]   GameAssetManager.cpp:899   INFO| 	WeaponBlink bank: 0.00 ms
2026-03-15 22:04:19 [MainThread      ]   GameAssetManager.cpp:906   INFO| 	WeaponBlink package: 0.08 ms
2026-03-15 22:04:19 [MainThread      ]   GameAssetManager.cpp:894   INFO| Unloading: WeaponCast
2026-03-15 22:04:19 [MainThread      ]   GameAssetManager.cpp:899   INFO| 	WeaponCast bank: 0.00 ms
2026-03-15 22:04:19 [SmallTaskScheduler]     BinarySaveData.cpp:17    INFO| Writing 313167 bytes
2026-03-15 22:04:19 [MainThread      ]   GameAssetManager.cpp:906   INFO| 	WeaponCast package: 0.72 ms
2026-03-15 22:04:19 [MainThread      ]   GameAssetManager.cpp:894   INFO| Unloading: WeaponAxe
2026-03-15 22:04:19 [MainThread      ]   GameAssetManager.cpp:899   INFO| 	WeaponAxe bank: 0.00 ms
2026-03-15 22:04:19 [MainThread      ]   GameAssetManager.cpp:906   INFO| 	WeaponAxe package: 0.41 ms
2026-03-15 22:04:19 [MainThread      ]   GameAssetManager.cpp:894   INFO| Unloading: BiomeI
2026-03-15 22:04:19 [MainThread      ]   GameAssetManager.cpp:899   INFO| 	BiomeI bank: 0.00 ms
2026-03-15 22:04:19 [MainThread      ]   GameAssetManager.cpp:906   INFO| 	BiomeI package: 2.76 ms
2026-03-15 22:04:19 [MainThread      ]              World.cpp:1435  INFO| Finished World::Begin (0.017174 seconds)
2026-03-15 22:04:19 [LoadTaskScheduler]              World.cpp:1298  INFO| Started preScriptLoadTask
2026-03-15 22:04:19 [LoadTaskScheduler]              World.cpp:1304  INFO| Finished preScriptLoadTask (0.000000 seconds)
2026-03-15 22:04:19 [LoadTaskScheduler]              World.cpp:1263  INFO| Started loadMapDataTask (I_PreBoss01)
2026-03-15 22:04:19 [LoadTaskScheduler]              World.cpp:1313  INFO| Started loadPackagesTask
2026-03-15 22:04:19 [LoadTaskScheduler]   GameAssetManager.cpp:668   INFO| Loading package: BiomeIHouse.pkg
2026-03-15 22:04:19 [LoadTaskScheduler]   GameAssetManager.cpp:581   INFO| Start reading manifest BiomeIHouse
2026-03-15 22:04:19 [LoadTaskScheduler]   GameAssetManager.cpp:642   INFO| Done reading manifest BiomeIHouse
2026-03-15 22:04:19 [LoadTaskScheduler]     BinaryLoadData.cpp:12    INFO| Reading 231329 bytes
2026-03-15 22:04:19 [LoadTaskScheduler]              World.cpp:1292  INFO| Finished loadMapDataTask (0.016538 seconds)
2026-03-15 22:04:19 [LoadTaskScheduler]              World.cpp:1324  INFO| Started postLoadTask
2026-03-15 22:04:20 [LoadTaskScheduler]   GameAssetManager.cpp:697   INFO| Package Loaded: BiomeIHouse 515Mb in 0.21s
2026-03-15 22:04:20 [LoadTaskScheduler]       AudioManager.cpp:966   INFO| Loading bank: BiomeIHouse
2026-03-15 22:04:20 [LoadTaskScheduler]       AudioManager.cpp:981   INFO| Audio bank loaded successfully: BiomeIHouse (18Mb in 0.03s)
2026-03-15 22:04:20 [LoadTaskScheduler]              World.cpp:1317  INFO| Finished loadPackagesTask (0.260049 seconds)
2026-03-15 22:04:20 [LoadTaskScheduler]              World.cpp:1334  INFO| Done waiting for packages and pre-scripts task
2026-03-15 22:04:20 [LoadTaskScheduler]              World.cpp:1341  INFO| Calling PostLoad
2026-03-15 22:04:20 [LoadTaskScheduler]   GameAssetManager.cpp:668   INFO| Loading package: HermesUpgrade.pkg
2026-03-15 22:04:20 [LoadTaskScheduler]   GameAssetManager.cpp:668   INFO| Loading package: AphroditeUpgrade.pkg
2026-03-15 22:04:20 [LoadTaskScheduler]   GameAssetManager.cpp:668   INFO| Loading package: ZeusUpgrade.pkg
2026-03-15 22:04:20 [LoadTaskScheduler]   GameAssetManager.cpp:668   INFO| Loading package: NPC_Hades_Field_01.pkg
2026-03-15 22:04:20 [LoadTaskScheduler]   GameAssetManager.cpp:668   INFO| Loading package: HephaestusUpgrade.pkg
2026-03-15 22:04:20 [LoadTaskScheduler]   GameAssetManager.cpp:668   INFO| Loading package: HestiaUpgrade.pkg
2026-03-15 22:04:20 [LoadTaskScheduler]       AudioManager.cpp:1273  INFO| Unloaded Voice bank: Hades in 0.00s
2026-03-15 22:04:20 [LoadTaskScheduler]              World.cpp:1343  INFO| Finished PostLoad
2026-03-15 22:04:20 [LoadTaskScheduler]              World.cpp:1348  INFO| Finished postLoadTask (0.258559 seconds)
2026-03-15 22:04:20 [MainThread      ]              World.cpp:1359  INFO| Started loadScreen onExit
2026-03-15 22:04:20 [MainThread      ]      ScriptManager.cpp:1001  INFO| Lua GC took 0.05 seconds
2026-03-15 22:04:20 [MainThread      ]   GameAssetManager.cpp:668   INFO| Loading package: WeaponBlink.pkg
2026-03-15 22:04:20 [MainThread      ]   GameAssetManager.cpp:581   INFO| Start reading manifest WeaponBlink
2026-03-15 22:04:20 [MainThread      ]   GameAssetManager.cpp:642   INFO| Done reading manifest WeaponBlink
2026-03-15 22:04:20 [MainThread      ]   GameAssetManager.cpp:697   INFO| Package Loaded: WeaponBlink 2Mb in 0.00s
2026-03-15 22:04:20 [MainThread      ]       AudioManager.cpp:966   INFO| Loading bank: WeaponBlink
2026-03-15 22:04:20 [MainThread      ]       AudioManager.cpp:981   INFO| Audio bank loaded successfully: WeaponBlink (0Mb in 0.03s)
2026-03-15 22:04:20 [MainThread      ]   GameAssetManager.cpp:668   INFO| Loading package: WeaponCast.pkg
2026-03-15 22:04:20 [MainThread      ]   GameAssetManager.cpp:581   INFO| Start reading manifest WeaponCast
2026-03-15 22:04:20 [MainThread      ]   GameAssetManager.cpp:642   INFO| Done reading manifest WeaponCast
2026-03-15 22:04:20 [MainThread      ]   GameAssetManager.cpp:697   INFO| Package Loaded: WeaponCast 36Mb in 0.01s
2026-03-15 22:04:20 [MainThread      ]       AudioManager.cpp:966   INFO| Loading bank: WeaponCast
2026-03-15 22:04:20 [MainThread      ]       AudioManager.cpp:981   INFO| Audio bank loaded successfully: WeaponCast (0Mb in 0.04s)
2026-03-15 22:04:20 [MainThread      ]   GameAssetManager.cpp:668   INFO| Loading package: WeaponAxe.pkg
2026-03-15 22:04:20 [MainThread      ]   GameAssetManager.cpp:581   INFO| Start reading manifest WeaponAxe
2026-03-15 22:04:20 [MainThread      ]   GameAssetManager.cpp:642   INFO| Done reading manifest WeaponAxe
2026-03-15 22:04:20 [MainThread      ]   GameAssetManager.cpp:697   INFO| Package Loaded: WeaponAxe 13Mb in 0.01s
2026-03-15 22:04:20 [MainThread      ]       AudioManager.cpp:966   INFO| Loading bank: WeaponAxe
2026-03-15 22:04:20 [MainThread      ]       AudioManager.cpp:981   INFO| Audio bank loaded successfully: WeaponAxe (0Mb in 0.03s)
2026-03-15 22:04:20 [MainThread      ]   GameAssetManager.cpp:668   INFO| Loading package: WeaponSpellTimeSlow.pkg
2026-03-15 22:04:20 [MainThread      ]       AudioManager.cpp:1233  INFO| Voice bank loaded successfully: Hades (332 lines in 0.000480 seconds)
2026-03-15 22:04:20 [MainThread      ]   GameAssetManager.cpp:668   INFO| Loading package: AphroditeUpgrade.pkg
2026-03-15 22:04:20 [MainThread      ]   GameAssetManager.cpp:668   INFO| Loading package: Aphrodite.pkg
2026-03-15 22:04:20 [MainThread      ]   GameAssetManager.cpp:581   INFO| Start reading manifest Aphrodite
2026-03-15 22:04:20 [MainThread      ]   GameAssetManager.cpp:642   INFO| Done reading manifest Aphrodite
2026-03-15 22:04:20 [MainThread      ]   GameAssetManager.cpp:697   INFO| Package Loaded: Aphrodite 55Mb in 0.03s
2026-03-15 22:04:20 [MainThread      ]       AudioManager.cpp:1233  INFO| Voice bank loaded successfully: Aphrodite (212 lines in 0.010842 seconds)
2026-03-15 22:04:20 [MainThread      ]       AudioManager.cpp:1233  INFO| Voice bank loaded successfully: Charon (138 lines in 0.000427 seconds)
2026-03-15 22:04:20 [MainThread      ]   GameAssetManager.cpp:668   INFO| Loading package: Charon.pkg
2026-03-15 22:04:20 [MainThread      ]   GameAssetManager.cpp:581   INFO| Start reading manifest Charon
2026-03-15 22:04:20 [MainThread      ]   GameAssetManager.cpp:642   INFO| Done reading manifest Charon
2026-03-15 22:04:20 [MainThread      ]   GameAssetManager.cpp:697   INFO| Package Loaded: Charon 54Mb in 0.05s
2026-03-15 22:04:20 [MainThread      ]              World.cpp:1366  INFO| Finished loadScreen onExit (0.265149 seconds)
2026-03-15 22:04:34 [MainThread      ]     BinarySaveData.cpp:42    INFO| PrepareForWrite dataSize = 9 bytes
2026-03-15 22:04:34 [SmallTaskScheduler]     BinarySaveData.cpp:17    INFO| Writing 9 bytes
2026-03-15 22:05:00 [MainThread      ]     BinarySaveData.cpp:42    INFO| PrepareForWrite dataSize = 9 bytes
2026-03-15 22:05:00 [MainThread      ]   GameAssetManager.cpp:894   INFO| Unloading: Aphrodite
2026-03-15 22:05:00 [MainThread      ]   GameAssetManager.cpp:899   INFO| 	Aphrodite bank: 0.00 ms
2026-03-15 22:05:00 [MainThread      ]   GameAssetManager.cpp:906   INFO| 	Aphrodite package: 0.16 ms
2026-03-15 22:05:00 [MainThread      ]   GameAssetManager.cpp:894   INFO| Unloading: Charon
2026-03-15 22:05:00 [MainThread      ]   GameAssetManager.cpp:899   INFO| 	Charon bank: 0.00 ms
2026-03-15 22:05:00 [SmallTaskScheduler]     BinarySaveData.cpp:17    INFO| Writing 9 bytes
2026-03-15 22:05:00 [MainThread      ]   GameAssetManager.cpp:906   INFO| 	Charon package: 0.15 ms
2026-03-15 22:05:00 [MainThread      ]              World.cpp:1373  INFO| World::Begin() I_PreBoss01 -> I_Boss01
2026-03-15 22:05:00 [MainThread      ]                 Pool.h:210   INFO| Projectile 0 / 217 (max 32) (594kb)
2026-03-15 22:05:00 [MainThread      ]                 Pool.h:210   INFO| HomingProjectile 0 / 108 (max 47) (297kb)
2026-03-15 22:05:00 [MainThread      ]                 Pool.h:210   INFO| BeamProjectile 0 / 81 (max 3) (225kb)
2026-03-15 22:05:00 [MainThread      ]                 Pool.h:210   INFO| LobProjectile 0 / 81 (max 10) (224kb)
2026-03-15 22:05:00 [MainThread      ]                 Pool.h:210   INFO| ArcProjectile 0 / 81 (max 8) (223kb)
2026-03-15 22:05:00 [MainThread      ]                 Pool.h:210   INFO| InstantProjectile 0 / 108 (max 10) (295kb)
2026-03-15 22:05:00 [MainThread      ]                 Pool.h:210   INFO| Effect 0 / 256 (max 52) (79kb)
2026-03-15 22:05:00 [MainThread      ]    ProgressManager.cpp:1106  INFO| Lua::Save() : 0.004739 s
2026-03-15 22:05:00 [MainThread      ]    ProgressManager.cpp:1038  INFO| GatherSaveData : 0.006173 s
2026-03-15 22:05:00 [MainThread      ]     BinarySaveData.cpp:42    INFO| PrepareForWrite dataSize = 326380 bytes
2026-03-15 22:05:00 [MainThread      ]     BinarySaveData.cpp:47    INFO| PrepareForWrite checksum = 3c70fe3a bytes
2026-03-15 22:05:00 [MainThread      ]              World.cpp:1435  INFO| Finished World::Begin (0.013972 seconds)
2026-03-15 22:05:00 [LoadTaskScheduler]              World.cpp:1263  INFO| Started loadMapDataTask (I_Boss01)
2026-03-15 22:05:00 [LoadTaskScheduler]              World.cpp:1298  INFO| Started preScriptLoadTask
2026-03-15 22:05:00 [LoadTaskScheduler]              World.cpp:1304  INFO| Finished preScriptLoadTask (0.000000 seconds)
2026-03-15 22:05:00 [LoadTaskScheduler]              World.cpp:1313  INFO| Started loadPackagesTask
2026-03-15 22:05:00 [LoadTaskScheduler]              World.cpp:1317  INFO| Finished loadPackagesTask (0.000003 seconds)
2026-03-15 22:05:00 [LoadTaskScheduler]              World.cpp:1324  INFO| Started postLoadTask
2026-03-15 22:05:00 [LoadTaskScheduler]              World.cpp:1334  INFO| Done waiting for packages and pre-scripts task
2026-03-15 22:05:00 [SmallTaskScheduler]     BinarySaveData.cpp:17    INFO| Writing 326380 bytes
2026-03-15 22:05:00 [LoadTaskScheduler]     BinaryLoadData.cpp:12    INFO| Reading 489391 bytes
2026-03-15 22:05:00 [LoadTaskScheduler]              World.cpp:1292  INFO| Finished loadMapDataTask (0.015847 seconds)
2026-03-15 22:05:00 [LoadTaskScheduler]              World.cpp:1341  INFO| Calling PostLoad
2026-03-15 22:05:00 [LoadTaskScheduler]   GameAssetManager.cpp:668   INFO| Loading package: HermesUpgrade.pkg
2026-03-15 22:05:00 [LoadTaskScheduler]   GameAssetManager.cpp:668   INFO| Loading package: AphroditeUpgrade.pkg
2026-03-15 22:05:00 [LoadTaskScheduler]   GameAssetManager.cpp:668   INFO| Loading package: ZeusUpgrade.pkg
2026-03-15 22:05:00 [LoadTaskScheduler]   GameAssetManager.cpp:668   INFO| Loading package: NPC_Hades_Field_01.pkg
2026-03-15 22:05:00 [LoadTaskScheduler]   GameAssetManager.cpp:668   INFO| Loading package: HephaestusUpgrade.pkg
2026-03-15 22:05:00 [LoadTaskScheduler]   GameAssetManager.cpp:668   INFO| Loading package: HestiaUpgrade.pkg
2026-03-15 22:05:00 [LoadTaskScheduler]       AudioManager.cpp:1273  INFO| Unloaded Voice bank: Aphrodite in 0.00s
2026-03-15 22:05:00 [LoadTaskScheduler]       AudioManager.cpp:1273  INFO| Unloaded Voice bank: Hades in 0.00s
2026-03-15 22:05:00 [LoadTaskScheduler]       AudioManager.cpp:1273  INFO| Unloaded Voice bank: Charon in 0.00s
2026-03-15 22:05:00 [LoadTaskScheduler]   GameAssetManager.cpp:668   INFO| Loading package: Chronos.pkg
2026-03-15 22:05:00 [LoadTaskScheduler]   GameAssetManager.cpp:581   INFO| Start reading manifest Chronos
2026-03-15 22:05:00 [LoadTaskScheduler]   GameAssetManager.cpp:642   INFO| Done reading manifest Chronos
2026-03-15 22:05:01 [LoadTaskScheduler]   GameAssetManager.cpp:697   INFO| Package Loaded: Chronos 57Mb in 0.02s
2026-03-15 22:05:01 [LoadTaskScheduler]              World.cpp:1343  INFO| Finished PostLoad
2026-03-15 22:05:01 [LoadTaskScheduler]              World.cpp:1348  INFO| Finished postLoadTask (0.060650 seconds)
2026-03-15 22:05:01 [MainThread      ]              World.cpp:1359  INFO| Started loadScreen onExit
2026-03-15 22:05:01 [MainThread      ]      ScriptManager.cpp:1001  INFO| Lua GC took 0.04 seconds
2026-03-15 22:05:01 [MainThread      ]       AudioManager.cpp:1233  INFO| Voice bank loaded successfully: Hades (332 lines in 0.000546 seconds)
2026-03-15 22:05:01 [MainThread      ]   GameAssetManager.cpp:668   INFO| Loading package: WeaponSpellTimeSlow.pkg
2026-03-15 22:05:01 [MainThread      ]       AudioManager.cpp:1233  INFO| Voice bank loaded successfully: Chronos (1309 lines in 0.012071 seconds)
2026-03-15 22:05:01 [MainThread      ]              World.cpp:1366  INFO| Finished loadScreen onExit (0.060600 seconds)
2026-03-15 22:05:15 [MainThread      ]              World.cpp:1447  INFO| World::Stop()
2026-03-15 22:07:15 [MainThread      ]     BinarySaveData.cpp:42    INFO| PrepareForWrite dataSize = 9 bytes
2026-03-15 22:07:15 [SmallTaskScheduler]     BinarySaveData.cpp:17    INFO| Writing 9 bytes
2026-03-15 22:09:12 [SmallTaskScheduler] GameAnalyticsService.cp:458   INFO| GameAnalytics progression event response: 200
 {}
2026-03-15 22:09:17 [MainThread      ]   GameAssetManager.cpp:894   INFO| Unloading: Chronos
2026-03-15 22:09:17 [MainThread      ]   GameAssetManager.cpp:899   INFO| 	Chronos bank: 0.00 ms
2026-03-15 22:09:17 [MainThread      ]   GameAssetManager.cpp:906   INFO| 	Chronos package: 0.35 ms
2026-03-15 22:09:18 [MainThread      ]              World.cpp:1373  INFO| World::Begin() I_Boss01 -> Hub_Main
2026-03-15 22:09:18 [MainThread      ]                 Pool.h:210   INFO| Projectile 0 / 217 (max 32) (594kb)
2026-03-15 22:09:18 [MainThread      ]                 Pool.h:210   INFO| HomingProjectile 0 / 108 (max 47) (297kb)
2026-03-15 22:09:18 [MainThread      ]                 Pool.h:210   INFO| BeamProjectile 0 / 81 (max 3) (225kb)
2026-03-15 22:09:18 [MainThread      ]                 Pool.h:210   INFO| LobProjectile 0 / 81 (max 10) (224kb)
2026-03-15 22:09:18 [MainThread      ]                 Pool.h:210   INFO| ArcProjectile 0 / 81 (max 13) (223kb)
2026-03-15 22:09:18 [MainThread      ]                 Pool.h:210   INFO| InstantProjectile 0 / 108 (max 10) (295kb)
2026-03-15 22:09:18 [MainThread      ]                 Pool.h:210   INFO| Effect 0 / 256 (max 52) (79kb)
2026-03-15 22:09:18 [MainThread      ]    ProgressManager.cpp:1106  INFO| Lua::Save() : 0.004400 s
2026-03-15 22:09:18 [MainThread      ]    ProgressManager.cpp:1038  INFO| GatherSaveData : 0.005603 s
2026-03-15 22:09:18 [MainThread      ]     BinarySaveData.cpp:42    INFO| PrepareForWrite dataSize = 309110 bytes
2026-03-15 22:09:18 [MainThread      ]     BinarySaveData.cpp:47    INFO| PrepareForWrite checksum = 6c26a19c bytes
2026-03-15 22:09:18 [SmallTaskScheduler]     BinarySaveData.cpp:17    INFO| Writing 309110 bytes
2026-03-15 22:09:18 [MainThread      ]   GameAssetManager.cpp:894   INFO| Unloading: WeaponBlink
2026-03-15 22:09:18 [MainThread      ]   GameAssetManager.cpp:899   INFO| 	WeaponBlink bank: 0.00 ms
2026-03-15 22:09:18 [MainThread      ]   GameAssetManager.cpp:906   INFO| 	WeaponBlink package: 0.06 ms
2026-03-15 22:09:18 [MainThread      ]   GameAssetManager.cpp:894   INFO| Unloading: WeaponCast
2026-03-15 22:09:18 [MainThread      ]   GameAssetManager.cpp:899   INFO| 	WeaponCast bank: 0.00 ms
2026-03-15 22:09:18 [MainThread      ]   GameAssetManager.cpp:906   INFO| 	WeaponCast package: 0.77 ms
2026-03-15 22:09:18 [MainThread      ]   GameAssetManager.cpp:894   INFO| Unloading: WeaponAxe
2026-03-15 22:09:18 [MainThread      ]   GameAssetManager.cpp:899   INFO| 	WeaponAxe bank: 0.00 ms
2026-03-15 22:09:18 [MainThread      ]   GameAssetManager.cpp:906   INFO| 	WeaponAxe package: 0.28 ms
2026-03-15 22:09:18 [MainThread      ]   GameAssetManager.cpp:894   INFO| Unloading: BiomeIHouse
2026-03-15 22:09:18 [MainThread      ]   GameAssetManager.cpp:899   INFO| 	BiomeIHouse bank: 0.00 ms
2026-03-15 22:09:18 [MainThread      ]   GameAssetManager.cpp:906   INFO| 	BiomeIHouse package: 3.88 ms
2026-03-15 22:09:18 [MainThread      ]              World.cpp:1435  INFO| Finished World::Begin (0.030027 seconds)
2026-03-15 22:09:18 [LoadTaskScheduler]              World.cpp:1263  INFO| Started loadMapDataTask (Hub_Main)
2026-03-15 22:09:18 [LoadTaskScheduler]              World.cpp:1298  INFO| Started preScriptLoadTask
2026-03-15 22:09:18 [LoadTaskScheduler]              World.cpp:1304  INFO| Finished preScriptLoadTask (0.000000 seconds)
2026-03-15 22:09:18 [LoadTaskScheduler]              World.cpp:1313  INFO| Started loadPackagesTask
2026-03-15 22:09:18 [LoadTaskScheduler]   GameAssetManager.cpp:668   INFO| Loading package: BiomeHub.pkg
2026-03-15 22:09:18 [LoadTaskScheduler]   GameAssetManager.cpp:581   INFO| Start reading manifest BiomeHub
2026-03-15 22:09:18 [LoadTaskScheduler]   GameAssetManager.cpp:642   INFO| Done reading manifest BiomeHub
2026-03-15 22:09:18 [LoadTaskScheduler]     BinaryLoadData.cpp:12    INFO| Reading 1289152 bytes
2026-03-15 22:09:18 [LoadTaskScheduler]              World.cpp:1292  INFO| Finished loadMapDataTask (0.023669 seconds)
2026-03-15 22:09:18 [LoadTaskScheduler]              World.cpp:1324  INFO| Started postLoadTask
2026-03-15 22:09:18 [LoadTaskScheduler]   GameAssetManager.cpp:697   INFO| Package Loaded: BiomeHub 514Mb in 0.24s
2026-03-15 22:09:18 [LoadTaskScheduler]       AudioManager.cpp:966   INFO| Loading bank: BiomeHub
2026-03-15 22:09:18 [LoadTaskScheduler]       AudioManager.cpp:981   INFO| Audio bank loaded successfully: BiomeHub (18Mb in 0.02s)
2026-03-15 22:09:18 [LoadTaskScheduler]              World.cpp:1317  INFO| Finished loadPackagesTask (0.274882 seconds)
2026-03-15 22:09:18 [LoadTaskScheduler]              World.cpp:1334  INFO| Done waiting for packages and pre-scripts task
2026-03-15 22:09:18 [LoadTaskScheduler]              World.cpp:1341  INFO| Calling PostLoad
2026-03-15 22:09:18 [LoadTaskScheduler]       AudioManager.cpp:1273  INFO| Unloaded Voice bank: Chronos in 0.00s
2026-03-15 22:09:18 [LoadTaskScheduler]       AudioManager.cpp:1273  INFO| Unloaded Voice bank: Hades in 0.00s
2026-03-15 22:09:18 [LoadTaskScheduler]   GameAssetManager.cpp:668   INFO| Loading package: FrogFamiliar.pkg
2026-03-15 22:09:18 [LoadTaskScheduler]   GameAssetManager.cpp:697   INFO| Package Loaded: FrogFamiliar 2Mb in 0.00s
2026-03-15 22:09:18 [LoadTaskScheduler]   GameAssetManager.cpp:668   INFO| Loading package: PolecatFamiliar.pkg
2026-03-15 22:09:18 [LoadTaskScheduler]   GameAssetManager.cpp:697   INFO| Package Loaded: PolecatFamiliar 1Mb in 0.00s
2026-03-15 22:09:18 [LoadTaskScheduler]   GameAssetManager.cpp:668   INFO| Loading package: HoundFamiliar.pkg
2026-03-15 22:09:18 [LoadTaskScheduler]   GameAssetManager.cpp:697   INFO| Package Loaded: HoundFamiliar 2Mb in 0.00s
2026-03-15 22:09:18 [LoadTaskScheduler]       AudioManager.cpp:966   INFO| Loading bank: FrogFamiliar
2026-03-15 22:09:18 [LoadTaskScheduler]       AudioManager.cpp:981   INFO| Audio bank loaded successfully: FrogFamiliar (0Mb in 0.03s)
2026-03-15 22:09:18 [LoadTaskScheduler]       AudioManager.cpp:966   INFO| Loading bank: PolecatFamiliar
2026-03-15 22:09:18 [LoadTaskScheduler]       AudioManager.cpp:981   INFO| Audio bank loaded successfully: PolecatFamiliar (0Mb in 0.04s)
2026-03-15 22:09:18 [LoadTaskScheduler]       AudioManager.cpp:966   INFO| Loading bank: HoundFamiliar
2026-03-15 22:09:18 [LoadTaskScheduler]       AudioManager.cpp:981   INFO| Audio bank loaded successfully: HoundFamiliar (0Mb in 0.04s)
2026-03-15 22:09:18 [LoadTaskScheduler]              World.cpp:1343  INFO| Finished PostLoad
2026-03-15 22:09:18 [LoadTaskScheduler]              World.cpp:1348  INFO| Finished postLoadTask (0.455002 seconds)
2026-03-15 22:09:18 [MainThread      ]              World.cpp:1359  INFO| Started loadScreen onExit
2026-03-15 22:09:18 [MainThread      ]      ScriptManager.cpp:1001  INFO| Lua GC took 0.03 seconds
2026-03-15 22:09:18 [MainThread      ]       AudioManager.cpp:1233  INFO| Voice bank loaded successfully: Hades (332 lines in 0.000475 seconds)
2026-03-15 22:09:18 [MainThread      ]   GameAssetManager.cpp:668   INFO| Loading package: WeaponBlink.pkg
2026-03-15 22:09:18 [MainThread      ]   GameAssetManager.cpp:581   INFO| Start reading manifest WeaponBlink
2026-03-15 22:09:18 [MainThread      ]   GameAssetManager.cpp:642   INFO| Done reading manifest WeaponBlink
2026-03-15 22:09:18 [MainThread      ]   GameAssetManager.cpp:697   INFO| Package Loaded: WeaponBlink 2Mb in 0.00s
2026-03-15 22:09:18 [MainThread      ]       AudioManager.cpp:966   INFO| Loading bank: WeaponBlink
2026-03-15 22:09:18 [MainThread      ]       AudioManager.cpp:981   INFO| Audio bank loaded successfully: WeaponBlink (0Mb in 0.04s)
2026-03-15 22:09:18 [MainThread      ]   GameAssetManager.cpp:668   INFO| Loading package: WeaponCast.pkg
2026-03-15 22:09:18 [MainThread      ]   GameAssetManager.cpp:581   INFO| Start reading manifest WeaponCast
2026-03-15 22:09:18 [MainThread      ]   GameAssetManager.cpp:642   INFO| Done reading manifest WeaponCast
2026-03-15 22:09:18 [MainThread      ]   GameAssetManager.cpp:697   INFO| Package Loaded: WeaponCast 36Mb in 0.01s
2026-03-15 22:09:18 [MainThread      ]       AudioManager.cpp:966   INFO| Loading bank: WeaponCast
2026-03-15 22:09:18 [MainThread      ]       AudioManager.cpp:981   INFO| Audio bank loaded successfully: WeaponCast (0Mb in 0.03s)
2026-03-15 22:09:18 [MainThread      ]   GameAssetManager.cpp:668   INFO| Loading package: WeaponAxe.pkg
2026-03-15 22:09:18 [MainThread      ]   GameAssetManager.cpp:581   INFO| Start reading manifest WeaponAxe
2026-03-15 22:09:18 [MainThread      ]   GameAssetManager.cpp:642   INFO| Done reading manifest WeaponAxe
2026-03-15 22:09:18 [MainThread      ]   GameAssetManager.cpp:697   INFO| Package Loaded: WeaponAxe 13Mb in 0.01s
2026-03-15 22:09:18 [MainThread      ]       AudioManager.cpp:966   INFO| Loading bank: WeaponAxe
2026-03-15 22:09:18 [MainThread      ]       AudioManager.cpp:981   INFO| Audio bank loaded successfully: WeaponAxe (0Mb in 0.03s)
2026-03-15 22:09:18 [MainThread      ]   GameAssetManager.cpp:668   INFO| Loading package: Moros.pkg
2026-03-15 22:09:18 [MainThread      ]   GameAssetManager.cpp:581   INFO| Start reading manifest Moros
2026-03-15 22:09:18 [MainThread      ]   GameAssetManager.cpp:642   INFO| Done reading manifest Moros
2026-03-15 22:09:19 [MainThread      ]   GameAssetManager.cpp:697   INFO| Package Loaded: Moros 53Mb in 0.05s
2026-03-15 22:09:19 [MainThread      ]       AudioManager.cpp:1233  INFO| Voice bank loaded successfully: Odysseus (586 lines in 0.000917 seconds)
2026-03-15 22:09:19 [MainThread      ]   GameAssetManager.cpp:668   INFO| Loading package: Odysseus.pkg
2026-03-15 22:09:19 [MainThread      ]   GameAssetManager.cpp:581   INFO| Start reading manifest Odysseus
2026-03-15 22:09:19 [MainThread      ]   GameAssetManager.cpp:642   INFO| Done reading manifest Odysseus
2026-03-15 22:09:19 [MainThread      ]   GameAssetManager.cpp:697   INFO| Package Loaded: Odysseus 53Mb in 0.05s
2026-03-15 22:09:19 [MainThread      ]       AudioManager.cpp:1233  INFO| Voice bank loaded successfully: Hypnos (47 lines in 0.010999 seconds)
2026-03-15 22:09:19 [MainThread      ]   GameAssetManager.cpp:668   INFO| Loading package: Hypnos.pkg
2026-03-15 22:09:19 [MainThread      ]   GameAssetManager.cpp:581   INFO| Start reading manifest Hypnos
2026-03-15 22:09:19 [MainThread      ]   GameAssetManager.cpp:642   INFO| Done reading manifest Hypnos
2026-03-15 22:09:19 [MainThread      ]   GameAssetManager.cpp:697   INFO| Package Loaded: Hypnos 56Mb in 0.05s
2026-03-15 22:09:19 [MainThread      ]       AudioManager.cpp:1233  INFO| Voice bank loaded successfully: Hecate (830 lines in 0.000672 seconds)
2026-03-15 22:09:19 [MainThread      ]   GameAssetManager.cpp:668   INFO| Loading package: Hecate.pkg
2026-03-15 22:09:19 [MainThread      ]   GameAssetManager.cpp:581   INFO| Start reading manifest Hecate
2026-03-15 22:09:19 [MainThread      ]   GameAssetManager.cpp:642   INFO| Done reading manifest Hecate
2026-03-15 22:09:19 [MainThread      ]   GameAssetManager.cpp:697   INFO| Package Loaded: Hecate 55Mb in 0.03s
2026-03-15 22:09:19 [MainThread      ]       AudioManager.cpp:1233  INFO| Voice bank loaded successfully: Dora (640 lines in 0.014702 seconds)
2026-03-15 22:09:19 [MainThread      ]   GameAssetManager.cpp:668   INFO| Loading package: Dora.pkg
2026-03-15 22:09:19 [MainThread      ]   GameAssetManager.cpp:581   INFO| Start reading manifest Dora
2026-03-15 22:09:19 [MainThread      ]   GameAssetManager.cpp:642   INFO| Done reading manifest Dora
2026-03-15 22:09:19 [MainThread      ]   GameAssetManager.cpp:697   INFO| Package Loaded: Dora 36Mb in 0.04s
2026-03-15 22:09:19 [MainThread      ]       AudioManager.cpp:1233  INFO| Voice bank loaded successfully: Moros (570 lines in 0.013801 seconds)
2026-03-15 22:09:19 [MainThread      ]       AudioManager.cpp:1233  INFO| Voice bank loaded successfully: Eris (342 lines in 0.011185 seconds)
2026-03-15 22:09:19 [MainThread      ]   GameAssetManager.cpp:668   INFO| Loading package: Eris.pkg
2026-03-15 22:09:19 [MainThread      ]   GameAssetManager.cpp:581   INFO| Start reading manifest Eris
2026-03-15 22:09:19 [MainThread      ]   GameAssetManager.cpp:642   INFO| Done reading manifest Eris
2026-03-15 22:09:19 [MainThread      ]   GameAssetManager.cpp:697   INFO| Package Loaded: Eris 52Mb in 0.03s
2026-03-15 22:09:19 [MainThread      ]       AudioManager.cpp:1233  INFO| Voice bank loaded successfully: Charon (138 lines in 0.000354 seconds)
2026-03-15 22:09:19 [MainThread      ]   GameAssetManager.cpp:668   INFO| Loading package: Charon.pkg
2026-03-15 22:09:19 [MainThread      ]   GameAssetManager.cpp:581   INFO| Start reading manifest Charon
2026-03-15 22:09:19 [MainThread      ]   GameAssetManager.cpp:642   INFO| Done reading manifest Charon
2026-03-15 22:09:19 [MainThread      ]   GameAssetManager.cpp:697   INFO| Package Loaded: Charon 54Mb in 0.05s
2026-03-15 22:09:19 [MainThread      ]              World.cpp:1366  INFO| Finished loadScreen onExit (0.568803 seconds)
2026-03-15 22:09:19 [RenderThread    ]      ForgeRenderer.cpp:7037  INFO| Creating pipeline for effect: ShaderEffectType::Lighting3DFast blend state 8 depthState 0
2026-03-15 22:09:40 [RenderThread    ]      ForgeRenderer.cpp:7037  INFO| Creating pipeline for effect: ShaderEffectType::AddColor blend state 8 depthState 0
2026-03-15 22:15:55 [MainThread      ]              World.cpp:1373  INFO| World::Begin() Hub_Main -> Hub_PreRun
2026-03-15 22:15:55 [MainThread      ]                 Pool.h:210   INFO| Projectile 0 / 217 (max 32) (594kb)
2026-03-15 22:15:55 [MainThread      ]                 Pool.h:210   INFO| HomingProjectile 0 / 108 (max 47) (297kb)
2026-03-15 22:15:55 [MainThread      ]                 Pool.h:210   INFO| BeamProjectile 0 / 81 (max 3) (225kb)
2026-03-15 22:15:55 [MainThread      ]                 Pool.h:210   INFO| LobProjectile 0 / 81 (max 10) (224kb)
2026-03-15 22:15:55 [MainThread      ]                 Pool.h:210   INFO| ArcProjectile 0 / 81 (max 13) (223kb)
2026-03-15 22:15:55 [MainThread      ]                 Pool.h:210   INFO| InstantProjectile 0 / 108 (max 10) (295kb)
2026-03-15 22:15:55 [MainThread      ]                 Pool.h:210   INFO| Effect 0 / 256 (max 52) (79kb)
2026-03-15 22:15:55 [MainThread      ]    ProgressManager.cpp:1106  INFO| Lua::Save() : 0.004671 s
2026-03-15 22:15:55 [MainThread      ]    ProgressManager.cpp:1038  INFO| GatherSaveData : 0.005933 s
2026-03-15 22:15:55 [MainThread      ]     BinarySaveData.cpp:42    INFO| PrepareForWrite dataSize = 350191 bytes
2026-03-15 22:15:55 [MainThread      ]     BinarySaveData.cpp:47    INFO| PrepareForWrite checksum = 30ecd1e9 bytes
2026-03-15 22:15:55 [MainThread      ]              World.cpp:1435  INFO| Finished World::Begin (0.041379 seconds)
2026-03-15 22:15:55 [LoadTaskScheduler]              World.cpp:1298  INFO| Started preScriptLoadTask
2026-03-15 22:15:55 [LoadTaskScheduler]              World.cpp:1304  INFO| Finished preScriptLoadTask (0.000001 seconds)
2026-03-15 22:15:55 [LoadTaskScheduler]              World.cpp:1263  INFO| Started loadMapDataTask (Hub_PreRun)
2026-03-15 22:15:55 [LoadTaskScheduler]              World.cpp:1313  INFO| Started loadPackagesTask
2026-03-15 22:15:55 [LoadTaskScheduler]              World.cpp:1317  INFO| Finished loadPackagesTask (0.000003 seconds)
2026-03-15 22:15:55 [LoadTaskScheduler]              World.cpp:1324  INFO| Started postLoadTask
2026-03-15 22:15:55 [LoadTaskScheduler]              World.cpp:1334  INFO| Done waiting for packages and pre-scripts task
2026-03-15 22:15:55 [SmallTaskScheduler]     BinarySaveData.cpp:17    INFO| Writing 350191 bytes
2026-03-15 22:15:55 [LoadTaskScheduler]     BinaryLoadData.cpp:12    INFO| Reading 383694 bytes
2026-03-15 22:15:55 [LoadTaskScheduler]              World.cpp:1292  INFO| Finished loadMapDataTask (0.017801 seconds)
2026-03-15 22:15:55 [LoadTaskScheduler]              World.cpp:1341  INFO| Calling PostLoad
2026-03-15 22:15:55 [LoadTaskScheduler]       AudioManager.cpp:1273  INFO| Unloaded Voice bank: Odysseus in 0.00s
2026-03-15 22:15:55 [LoadTaskScheduler]       AudioManager.cpp:1273  INFO| Unloaded Voice bank: Eris in 0.00s
2026-03-15 22:15:55 [LoadTaskScheduler]       AudioManager.cpp:1273  INFO| Unloaded Voice bank: Hypnos in 0.00s
2026-03-15 22:15:55 [LoadTaskScheduler]       AudioManager.cpp:1273  INFO| Unloaded Voice bank: Hecate in 0.00s
2026-03-15 22:15:55 [LoadTaskScheduler]       AudioManager.cpp:1273  INFO| Unloaded Voice bank: Dora in 0.00s
2026-03-15 22:15:55 [LoadTaskScheduler]       AudioManager.cpp:1273  INFO| Unloaded Voice bank: Moros in 0.00s
2026-03-15 22:15:55 [LoadTaskScheduler]       AudioManager.cpp:1273  INFO| Unloaded Voice bank: Hades in 0.00s
2026-03-15 22:15:55 [LoadTaskScheduler]       AudioManager.cpp:1273  INFO| Unloaded Voice bank: Charon in 0.00s
2026-03-15 22:15:55 [LoadTaskScheduler]              World.cpp:1343  INFO| Finished PostLoad
2026-03-15 22:15:55 [LoadTaskScheduler]              World.cpp:1348  INFO| Finished postLoadTask (0.038363 seconds)
2026-03-15 22:15:55 [MainThread      ]              World.cpp:1359  INFO| Started loadScreen onExit
2026-03-15 22:15:55 [MainThread      ]      ScriptManager.cpp:1001  INFO| Lua GC took 0.06 seconds
2026-03-15 22:15:55 [MainThread      ]       AudioManager.cpp:1233  INFO| Voice bank loaded successfully: Skelly (667 lines in 0.013483 seconds)
2026-03-15 22:15:55 [MainThread      ]       AudioManager.cpp:1233  INFO| Voice bank loaded successfully: Selene (469 lines in 0.000483 seconds)
2026-03-15 22:15:55 [MainThread      ]       AudioManager.cpp:1233  INFO| Voice bank loaded successfully: Nyx (116 lines in 0.009270 seconds)
2026-03-15 22:15:55 [MainThread      ]   GameAssetManager.cpp:668   INFO| Loading package: Skelly.pkg
2026-03-15 22:15:55 [MainThread      ]   GameAssetManager.cpp:581   INFO| Start reading manifest Skelly
2026-03-15 22:15:55 [MainThread      ]   GameAssetManager.cpp:642   INFO| Done reading manifest Skelly
2026-03-15 22:15:55 [MainThread      ]   GameAssetManager.cpp:697   INFO| Package Loaded: Skelly 32Mb in 0.01s
2026-03-15 22:15:55 [MainThread      ]   GameAssetManager.cpp:668   INFO| Loading package: WeaponStaffSwing.pkg
2026-03-15 22:15:55 [MainThread      ]   GameAssetManager.cpp:581   INFO| Start reading manifest WeaponStaffSwing
2026-03-15 22:15:55 [MainThread      ]   GameAssetManager.cpp:642   INFO| Done reading manifest WeaponStaffSwing
2026-03-15 22:15:55 [MainThread      ]   GameAssetManager.cpp:697   INFO| Package Loaded: WeaponStaffSwing 50Mb in 0.02s
2026-03-15 22:15:55 [MainThread      ]   GameAssetManager.cpp:668   INFO| Loading package: WeaponDagger.pkg
2026-03-15 22:15:55 [MainThread      ]   GameAssetManager.cpp:581   INFO| Start reading manifest WeaponDagger
2026-03-15 22:15:55 [MainThread      ]   GameAssetManager.cpp:642   INFO| Done reading manifest WeaponDagger
2026-03-15 22:15:55 [MainThread      ]   GameAssetManager.cpp:697   INFO| Package Loaded: WeaponDagger 17Mb in 0.01s
2026-03-15 22:15:55 [MainThread      ]   GameAssetManager.cpp:668   INFO| Loading package: WeaponTorch.pkg
2026-03-15 22:15:55 [MainThread      ]   GameAssetManager.cpp:581   INFO| Start reading manifest WeaponTorch
2026-03-15 22:15:55 [MainThread      ]   GameAssetManager.cpp:642   INFO| Done reading manifest WeaponTorch
2026-03-15 22:15:55 [MainThread      ]   GameAssetManager.cpp:697   INFO| Package Loaded: WeaponTorch 19Mb in 0.01s
2026-03-15 22:15:55 [MainThread      ]   GameAssetManager.cpp:668   INFO| Loading package: WeaponLob.pkg
2026-03-15 22:15:55 [MainThread      ]   GameAssetManager.cpp:581   INFO| Start reading manifest WeaponLob
2026-03-15 22:15:55 [MainThread      ]   GameAssetManager.cpp:642   INFO| Done reading manifest WeaponLob
2026-03-15 22:15:55 [MainThread      ]   GameAssetManager.cpp:697   INFO| Package Loaded: WeaponLob 26Mb in 0.01s
2026-03-15 22:15:55 [MainThread      ]   GameAssetManager.cpp:668   INFO| Loading package: WeaponSuit.pkg
2026-03-15 22:15:55 [MainThread      ]   GameAssetManager.cpp:581   INFO| Start reading manifest WeaponSuit
2026-03-15 22:15:55 [MainThread      ]   GameAssetManager.cpp:642   INFO| Done reading manifest WeaponSuit
2026-03-15 22:15:55 [MainThread      ]   GameAssetManager.cpp:697   INFO| Package Loaded: WeaponSuit 51Mb in 0.02s
2026-03-15 22:15:55 [MainThread      ]       AudioManager.cpp:966   INFO| Loading bank: WeaponStaffSwing
2026-03-15 22:15:55 [MainThread      ]       AudioManager.cpp:981   INFO| Audio bank loaded successfully: WeaponStaffSwing (1Mb in 0.03s)
2026-03-15 22:15:55 [MainThread      ]       AudioManager.cpp:966   INFO| Loading bank: WeaponDagger
2026-03-15 22:15:55 [MainThread      ]       AudioManager.cpp:981   INFO| Audio bank loaded successfully: WeaponDagger (0Mb in 0.05s)
2026-03-15 22:15:55 [MainThread      ]       AudioManager.cpp:966   INFO| Loading bank: WeaponTorch
2026-03-15 22:15:55 [MainThread      ]       AudioManager.cpp:981   INFO| Audio bank loaded successfully: WeaponTorch (0Mb in 0.03s)
2026-03-15 22:15:55 [MainThread      ]       AudioManager.cpp:966   INFO| Loading bank: WeaponLob
2026-03-15 22:15:55 [MainThread      ]       AudioManager.cpp:981   INFO| Audio bank loaded successfully: WeaponLob (1Mb in 0.03s)
2026-03-15 22:15:55 [MainThread      ]       AudioManager.cpp:966   INFO| Loading bank: WeaponSuit
2026-03-15 22:15:55 [MainThread      ]       AudioManager.cpp:981   INFO| Audio bank loaded successfully: WeaponSuit (2Mb in 0.03s)
2026-03-15 22:15:55 [MainThread      ]   GameAssetManager.cpp:668   INFO| Loading package: CatFamiliar.pkg
2026-03-15 22:15:55 [MainThread      ]   GameAssetManager.cpp:697   INFO| Package Loaded: CatFamiliar 2Mb in 0.00s
2026-03-15 22:15:55 [MainThread      ]   GameAssetManager.cpp:668   INFO| Loading package: RavenFamiliar.pkg
2026-03-15 22:15:55 [MainThread      ]   GameAssetManager.cpp:581   INFO| Start reading manifest RavenFamiliar
2026-03-15 22:15:55 [MainThread      ]   GameAssetManager.cpp:642   INFO| Done reading manifest RavenFamiliar
2026-03-15 22:15:55 [MainThread      ]   GameAssetManager.cpp:697   INFO| Package Loaded: RavenFamiliar 2Mb in 0.00s
2026-03-15 22:15:55 [MainThread      ]       AudioManager.cpp:966   INFO| Loading bank: CatFamiliar
2026-03-15 22:15:55 [MainThread      ]       AudioManager.cpp:981   INFO| Audio bank loaded successfully: CatFamiliar (0Mb in 0.04s)
2026-03-15 22:15:55 [MainThread      ]       AudioManager.cpp:966   INFO| Loading bank: RavenFamiliar
2026-03-15 22:15:55 [MainThread      ]       AudioManager.cpp:981   INFO| Audio bank loaded successfully: RavenFamiliar (0Mb in 0.04s)
2026-03-15 22:15:55 [MainThread      ]       AudioManager.cpp:1233  INFO| Voice bank loaded successfully: AphroditeKeepsake (3 lines in 0.000364 seconds)
2026-03-15 22:15:55 [MainThread      ]       AudioManager.cpp:1233  INFO| Voice bank loaded successfully: ApolloKeepsake (2 lines in 0.000293 seconds)
2026-03-15 22:15:55 [MainThread      ]       AudioManager.cpp:1233  INFO| Voice bank loaded successfully: ArachneKeepsake (2 lines in 0.000283 seconds)
2026-03-15 22:15:55 [MainThread      ]       AudioManager.cpp:1233  INFO| Voice bank loaded successfully: AresKeepsake (2 lines in 0.000359 seconds)
2026-03-15 22:15:55 [MainThread      ]       AudioManager.cpp:1233  INFO| Voice bank loaded successfully: ArtemisKeepsake (2 lines in 0.000275 seconds)
2026-03-15 22:15:55 [MainThread      ]       AudioManager.cpp:1233  INFO| Voice bank loaded successfully: AthenaKeepsake (2 lines in 0.000274 seconds)
2026-03-15 22:15:55 [MainThread      ]       AudioManager.cpp:1233  INFO| Voice bank loaded successfully: ChaosKeepsake (2 lines in 0.000365 seconds)
2026-03-15 22:15:55 [MainThread      ]       AudioManager.cpp:1233  INFO| Voice bank loaded successfully: CharonKeepsake (2 lines in 0.000245 seconds)
2026-03-15 22:15:55 [MainThread      ]       AudioManager.cpp:1233  INFO| Voice bank loaded successfully: ChronosKeepsake (2 lines in 0.000347 seconds)
2026-03-15 22:15:55 [MainThread      ]       AudioManager.cpp:1233  INFO| Voice bank loaded successfully: CirceKeepsake (2 lines in 0.000343 seconds)
2026-03-15 22:15:55 [MainThread      ]       AudioManager.cpp:1233  INFO| Voice bank loaded successfully: DemeterKeepsake (2 lines in 0.000251 seconds)
2026-03-15 22:15:55 [MainThread      ]       AudioManager.cpp:1233  INFO| Voice bank loaded successfully: DionysusKeepsake (2 lines in 0.000392 seconds)
2026-03-15 22:15:55 [MainThread      ]       AudioManager.cpp:1233  INFO| Voice bank loaded successfully: DoraKeepsake (2 lines in 0.000225 seconds)
2026-03-15 22:15:55 [MainThread      ]       AudioManager.cpp:1233  INFO| Voice bank loaded successfully: EchoKeepsake (2 lines in 0.000320 seconds)
2026-03-15 22:15:55 [MainThread      ]       AudioManager.cpp:1233  INFO| Voice bank loaded successfully: ErisKeepsake (2 lines in 0.000222 seconds)
2026-03-15 22:15:55 [MainThread      ]       AudioManager.cpp:1233  INFO| Voice bank loaded successfully: HadesKeepsake (2 lines in 0.000200 seconds)
2026-03-15 22:15:55 [MainThread      ]       AudioManager.cpp:1233  INFO| Voice bank loaded successfully: HecateKeepsake (3 lines in 0.000190 seconds)
2026-03-15 22:15:55 [MainThread      ]       AudioManager.cpp:1233  INFO| Voice bank loaded successfully: HephaestusKeepsake (2 lines in 0.000224 seconds)
2026-03-15 22:15:55 [MainThread      ]       AudioManager.cpp:1233  INFO| Voice bank loaded successfully: HeraclesKeepsake (2 lines in 0.000294 seconds)
2026-03-15 22:15:55 [MainThread      ]       AudioManager.cpp:1233  INFO| Voice bank loaded successfully: HeraKeepsake (4 lines in 0.000205 seconds)
2026-03-15 22:15:55 [MainThread      ]       AudioManager.cpp:1233  INFO| Voice bank loaded successfully: HermesKeepsake (2 lines in 0.000188 seconds)
2026-03-15 22:15:55 [MainThread      ]       AudioManager.cpp:1233  INFO| Voice bank loaded successfully: HestiaKeepsake (2 lines in 0.000219 seconds)
2026-03-15 22:15:55 [MainThread      ]       AudioManager.cpp:1233  INFO| Voice bank loaded successfully: IcarusKeepsake (2 lines in 0.000223 seconds)
2026-03-15 22:15:55 [MainThread      ]       AudioManager.cpp:1233  INFO| Voice bank loaded successfully: MedeaKeepsake (2 lines in 0.000362 seconds)
2026-03-15 22:15:55 [MainThread      ]       AudioManager.cpp:1233  INFO| Voice bank loaded successfully: MorosKeepsake (2 lines in 0.000390 seconds)
2026-03-15 22:15:55 [MainThread      ]       AudioManager.cpp:1233  INFO| Voice bank loaded successfully: NarcissusKeepsake (4 lines in 0.000264 seconds)
2026-03-15 22:15:55 [MainThread      ]       AudioManager.cpp:1233  INFO| Voice bank loaded successfully: NemesisKeepsake (4 lines in 0.000290 seconds)
2026-03-15 22:15:55 [MainThread      ]       AudioManager.cpp:1233  INFO| Voice bank loaded successfully: OdysseusKeepsake (2 lines in 0.000256 seconds)
2026-03-15 22:15:55 [MainThread      ]       AudioManager.cpp:1233  INFO| Voice bank loaded successfully: PersephoneKeepsake (2 lines in 0.000373 seconds)
2026-03-15 22:15:55 [MainThread      ]       AudioManager.cpp:1233  INFO| Voice bank loaded successfully: PoseidonKeepsake (2 lines in 0.000265 seconds)
2026-03-15 22:15:55 [MainThread      ]       AudioManager.cpp:1233  INFO| Voice bank loaded successfully: SeleneKeepsake (2 lines in 0.000268 seconds)
2026-03-15 22:15:55 [MainThread      ]       AudioManager.cpp:1233  INFO| Voice bank loaded successfully: SkellyKeepsake (3 lines in 0.000313 seconds)
2026-03-15 22:15:55 [MainThread      ]       AudioManager.cpp:1233  INFO| Voice bank loaded successfully: ZagreusKeepsake (2 lines in 0.000297 seconds)
2026-03-15 22:15:55 [MainThread      ]       AudioManager.cpp:1233  INFO| Voice bank loaded successfully: ZeusKeepsake (2 lines in 0.000310 seconds)
2026-03-15 22:15:55 [MainThread      ]       AudioManager.cpp:1233  INFO| Voice bank loaded successfully: Chaos (353 lines in 0.000632 seconds)
2026-03-15 22:15:55 [MainThread      ]              World.cpp:1366  INFO| Finished loadScreen onExit (0.501086 seconds)
2026-03-15 22:17:05 [MainThread      ]    ProgressManager.cpp:1106  INFO| Lua::Save() : 0.004943 s
2026-03-15 22:17:05 [MainThread      ]    ProgressManager.cpp:1038  INFO| GatherSaveData : 0.006215 s
2026-03-15 22:17:05 [MainThread      ]     BinarySaveData.cpp:42    INFO| PrepareForWrite dataSize = 348816 bytes
2026-03-15 22:17:05 [MainThread      ]     BinarySaveData.cpp:47    INFO| PrepareForWrite checksum = 68a26e3a bytes
2026-03-15 22:17:05 [SmallTaskScheduler]     BinarySaveData.cpp:17    INFO| Writing 348816 bytes
2026-03-15 22:17:39 [MainThread      ]    ProgressManager.cpp:1106  INFO| Lua::Save() : 0.005120 s
2026-03-15 22:17:39 [MainThread      ]    ProgressManager.cpp:1038  INFO| GatherSaveData : 0.006779 s
2026-03-15 22:17:39 [MainThread      ]     BinarySaveData.cpp:42    INFO| PrepareForWrite dataSize = 354437 bytes
2026-03-15 22:17:39 [MainThread      ]     BinarySaveData.cpp:47    INFO| PrepareForWrite checksum = 27c5f05d bytes
2026-03-15 22:17:39 [SmallTaskScheduler]     BinarySaveData.cpp:17    INFO| Writing 354437 bytes
2026-03-15 22:18:06 [MainThread      ]    ProgressManager.cpp:1106  INFO| Lua::Save() : 0.005019 s
2026-03-15 22:18:06 [MainThread      ]    ProgressManager.cpp:1038  INFO| GatherSaveData : 0.006310 s
2026-03-15 22:18:06 [MainThread      ]     BinarySaveData.cpp:42    INFO| PrepareForWrite dataSize = 354354 bytes
2026-03-15 22:18:06 [MainThread      ]     BinarySaveData.cpp:47    INFO| PrepareForWrite checksum = bf18ff5 bytes
2026-03-15 22:18:06 [SmallTaskScheduler]     BinarySaveData.cpp:17    INFO| Writing 354354 bytes
2026-03-15 22:23:42 [MainThread      ]              World.cpp:1373  INFO| World::Begin() Hub_PreRun -> Hub_Main
2026-03-15 22:23:42 [MainThread      ]                 Pool.h:210   INFO| Projectile 0 / 217 (max 32) (594kb)
2026-03-15 22:23:42 [MainThread      ]                 Pool.h:210   INFO| HomingProjectile 0 / 108 (max 47) (297kb)
2026-03-15 22:23:42 [MainThread      ]                 Pool.h:210   INFO| BeamProjectile 0 / 81 (max 3) (225kb)
2026-03-15 22:23:42 [MainThread      ]                 Pool.h:210   INFO| LobProjectile 0 / 81 (max 10) (224kb)
2026-03-15 22:23:42 [MainThread      ]                 Pool.h:210   INFO| ArcProjectile 0 / 81 (max 13) (223kb)
2026-03-15 22:23:42 [MainThread      ]                 Pool.h:210   INFO| InstantProjectile 0 / 108 (max 10) (295kb)
2026-03-15 22:23:42 [MainThread      ]                 Pool.h:210   INFO| Effect 0 / 256 (max 52) (79kb)
2026-03-15 22:23:42 [MainThread      ]    ProgressManager.cpp:1106  INFO| Lua::Save() : 0.004839 s
2026-03-15 22:23:42 [MainThread      ]    ProgressManager.cpp:1038  INFO| GatherSaveData : 0.006126 s
2026-03-15 22:23:42 [MainThread      ]     BinarySaveData.cpp:42    INFO| PrepareForWrite dataSize = 346687 bytes
2026-03-15 22:23:42 [MainThread      ]     BinarySaveData.cpp:47    INFO| PrepareForWrite checksum = dfa6ac98 bytes
2026-03-15 22:23:42 [MainThread      ]              World.cpp:1435  INFO| Finished World::Begin (0.016870 seconds)
2026-03-15 22:23:42 [LoadTaskScheduler]              World.cpp:1298  INFO| Started preScriptLoadTask
2026-03-15 22:23:42 [LoadTaskScheduler]              World.cpp:1304  INFO| Finished preScriptLoadTask (0.000001 seconds)
2026-03-15 22:23:42 [LoadTaskScheduler]              World.cpp:1263  INFO| Started loadMapDataTask (Hub_Main)
2026-03-15 22:23:42 [LoadTaskScheduler]              World.cpp:1313  INFO| Started loadPackagesTask
2026-03-15 22:23:42 [LoadTaskScheduler]              World.cpp:1317  INFO| Finished loadPackagesTask (0.000003 seconds)
2026-03-15 22:23:42 [LoadTaskScheduler]              World.cpp:1324  INFO| Started postLoadTask
2026-03-15 22:23:42 [LoadTaskScheduler]              World.cpp:1334  INFO| Done waiting for packages and pre-scripts task
2026-03-15 22:23:42 [SmallTaskScheduler]     BinarySaveData.cpp:17    INFO| Writing 346687 bytes
2026-03-15 22:23:42 [LoadTaskScheduler]     BinaryLoadData.cpp:12    INFO| Reading 1289152 bytes
2026-03-15 22:23:42 [LoadTaskScheduler]              World.cpp:1292  INFO| Finished loadMapDataTask (0.007167 seconds)
2026-03-15 22:23:42 [LoadTaskScheduler]              World.cpp:1341  INFO| Calling PostLoad
2026-03-15 22:23:42 [LoadTaskScheduler]       AudioManager.cpp:1273  INFO| Unloaded Voice bank: ZagreusKeepsake in 0.00s
2026-03-15 22:23:42 [LoadTaskScheduler]       AudioManager.cpp:1273  INFO| Unloaded Voice bank: CirceKeepsake in 0.00s
2026-03-15 22:23:42 [LoadTaskScheduler]       AudioManager.cpp:1273  INFO| Unloaded Voice bank: HeraclesKeepsake in 0.00s
2026-03-15 22:23:42 [LoadTaskScheduler]       AudioManager.cpp:1273  INFO| Unloaded Voice bank: EchoKeepsake in 0.00s
2026-03-15 22:23:42 [LoadTaskScheduler]       AudioManager.cpp:1273  INFO| Unloaded Voice bank: ChaosKeepsake in 0.00s
2026-03-15 22:23:42 [LoadTaskScheduler]       AudioManager.cpp:1273  INFO| Unloaded Voice bank: PoseidonKeepsake in 0.00s
2026-03-15 22:23:42 [LoadTaskScheduler]       AudioManager.cpp:1273  INFO| Unloaded Voice bank: HestiaKeepsake in 0.00s
2026-03-15 22:23:42 [LoadTaskScheduler]       AudioManager.cpp:1273  INFO| Unloaded Voice bank: SeleneKeepsake in 0.00s
2026-03-15 22:23:42 [LoadTaskScheduler]       AudioManager.cpp:1273  INFO| Unloaded Voice bank: HecateKeepsake in 0.00s
2026-03-15 22:23:42 [LoadTaskScheduler]       AudioManager.cpp:1273  INFO| Unloaded Voice bank: PersephoneKeepsake in 0.00s
2026-03-15 22:23:42 [LoadTaskScheduler]       AudioManager.cpp:1273  INFO| Unloaded Voice bank: HephaestusKeepsake in 0.00s
2026-03-15 22:23:42 [LoadTaskScheduler]       AudioManager.cpp:1273  INFO| Unloaded Voice bank: SkellyKeepsake in 0.00s
2026-03-15 22:23:42 [LoadTaskScheduler]       AudioManager.cpp:1273  INFO| Unloaded Voice bank: ArtemisKeepsake in 0.00s
2026-03-15 22:23:42 [LoadTaskScheduler]       AudioManager.cpp:1273  INFO| Unloaded Voice bank: ErisKeepsake in 0.00s
2026-03-15 22:23:42 [LoadTaskScheduler]       AudioManager.cpp:1273  INFO| Unloaded Voice bank: ArachneKeepsake in 0.00s
2026-03-15 22:23:42 [LoadTaskScheduler]       AudioManager.cpp:1273  INFO| Unloaded Voice bank: IcarusKeepsake in 0.00s
2026-03-15 22:23:42 [LoadTaskScheduler]       AudioManager.cpp:1273  INFO| Unloaded Voice bank: AresKeepsake in 0.00s
2026-03-15 22:23:42 [LoadTaskScheduler]       AudioManager.cpp:1273  INFO| Unloaded Voice bank: DionysusKeepsake in 0.00s
2026-03-15 22:23:42 [LoadTaskScheduler]       AudioManager.cpp:1273  INFO| Unloaded Voice bank: ApolloKeepsake in 0.00s
2026-03-15 22:23:42 [LoadTaskScheduler]       AudioManager.cpp:1273  INFO| Unloaded Voice bank: AthenaKeepsake in 0.00s
2026-03-15 22:23:42 [LoadTaskScheduler]       AudioManager.cpp:1273  INFO| Unloaded Voice bank: Skelly in 0.00s
2026-03-15 22:23:42 [LoadTaskScheduler]       AudioManager.cpp:1273  INFO| Unloaded Voice bank: MedeaKeepsake in 0.00s
2026-03-15 22:23:42 [LoadTaskScheduler]       AudioManager.cpp:1273  INFO| Unloaded Voice bank: HermesKeepsake in 0.00s
2026-03-15 22:23:42 [LoadTaskScheduler]       AudioManager.cpp:1273  INFO| Unloaded Voice bank: ZeusKeepsake in 0.00s
2026-03-15 22:23:42 [LoadTaskScheduler]       AudioManager.cpp:1273  INFO| Unloaded Voice bank: Nyx in 0.00s
2026-03-15 22:23:42 [LoadTaskScheduler]       AudioManager.cpp:1273  INFO| Unloaded Voice bank: Selene in 0.00s
2026-03-15 22:23:42 [LoadTaskScheduler]       AudioManager.cpp:1273  INFO| Unloaded Voice bank: DoraKeepsake in 0.00s
2026-03-15 22:23:42 [LoadTaskScheduler]       AudioManager.cpp:1273  INFO| Unloaded Voice bank: NemesisKeepsake in 0.00s
2026-03-15 22:23:42 [LoadTaskScheduler]       AudioManager.cpp:1273  INFO| Unloaded Voice bank: ChronosKeepsake in 0.00s
2026-03-15 22:23:42 [LoadTaskScheduler]       AudioManager.cpp:1273  INFO| Unloaded Voice bank: AphroditeKeepsake in 0.00s
2026-03-15 22:23:42 [LoadTaskScheduler]       AudioManager.cpp:1273  INFO| Unloaded Voice bank: HeraKeepsake in 0.00s
2026-03-15 22:23:42 [LoadTaskScheduler]       AudioManager.cpp:1273  INFO| Unloaded Voice bank: NarcissusKeepsake in 0.00s
2026-03-15 22:23:42 [LoadTaskScheduler]       AudioManager.cpp:1273  INFO| Unloaded Voice bank: HadesKeepsake in 0.00s
2026-03-15 22:23:42 [LoadTaskScheduler]       AudioManager.cpp:1273  INFO| Unloaded Voice bank: MorosKeepsake in 0.00s
2026-03-15 22:23:42 [LoadTaskScheduler]       AudioManager.cpp:1273  INFO| Unloaded Voice bank: DemeterKeepsake in 0.00s
2026-03-15 22:23:42 [LoadTaskScheduler]       AudioManager.cpp:1273  INFO| Unloaded Voice bank: OdysseusKeepsake in 0.00s
2026-03-15 22:23:42 [LoadTaskScheduler]       AudioManager.cpp:1273  INFO| Unloaded Voice bank: Chaos in 0.00s
2026-03-15 22:23:42 [LoadTaskScheduler]       AudioManager.cpp:1273  INFO| Unloaded Voice bank: CharonKeepsake in 0.00s
2026-03-15 22:23:42 [LoadTaskScheduler]              World.cpp:1343  INFO| Finished PostLoad
2026-03-15 22:23:42 [LoadTaskScheduler]              World.cpp:1348  INFO| Finished postLoadTask (0.065678 seconds)
2026-03-15 22:23:42 [MainThread      ]              World.cpp:1359  INFO| Started loadScreen onExit
2026-03-15 22:23:42 [MainThread      ]      ScriptManager.cpp:1001  INFO| Lua GC took 0.04 seconds
2026-03-15 22:23:42 [MainThread      ]       AudioManager.cpp:1233  INFO| Voice bank loaded successfully: Hades (332 lines in 0.000521 seconds)
2026-03-15 22:23:42 [MainThread      ]       AudioManager.cpp:1233  INFO| Voice bank loaded successfully: Hypnos (47 lines in 0.000362 seconds)
2026-03-15 22:23:42 [MainThread      ]       AudioManager.cpp:1233  INFO| Voice bank loaded successfully: Odysseus (586 lines in 0.000659 seconds)
2026-03-15 22:23:42 [MainThread      ]       AudioManager.cpp:1233  INFO| Voice bank loaded successfully: Hecate (830 lines in 0.000795 seconds)
2026-03-15 22:23:42 [MainThread      ]       AudioManager.cpp:1233  INFO| Voice bank loaded successfully: Dora (640 lines in 0.000757 seconds)
2026-03-15 22:23:42 [MainThread      ]       AudioManager.cpp:1233  INFO| Voice bank loaded successfully: Moros (570 lines in 0.000703 seconds)
2026-03-15 22:23:42 [MainThread      ]       AudioManager.cpp:1233  INFO| Voice bank loaded successfully: Eris (342 lines in 0.000447 seconds)
2026-03-15 22:23:42 [MainThread      ]       AudioManager.cpp:1233  INFO| Voice bank loaded successfully: Charon (138 lines in 0.000379 seconds)
2026-03-15 22:23:42 [MainThread      ]              World.cpp:1366  INFO| Finished loadScreen onExit (0.109500 seconds)
2026-03-15 22:23:44 [MainThread      ]              World.cpp:1373  INFO| World::Begin() Hub_Main -> Hub_PreRun
2026-03-15 22:23:44 [MainThread      ]                 Pool.h:210   INFO| Projectile 0 / 217 (max 32) (594kb)
2026-03-15 22:23:44 [MainThread      ]                 Pool.h:210   INFO| HomingProjectile 0 / 108 (max 47) (297kb)
2026-03-15 22:23:44 [MainThread      ]                 Pool.h:210   INFO| BeamProjectile 0 / 81 (max 3) (225kb)
2026-03-15 22:23:44 [MainThread      ]                 Pool.h:210   INFO| LobProjectile 0 / 81 (max 10) (224kb)
2026-03-15 22:23:44 [MainThread      ]                 Pool.h:210   INFO| ArcProjectile 0 / 81 (max 13) (223kb)
2026-03-15 22:23:44 [MainThread      ]                 Pool.h:210   INFO| InstantProjectile 0 / 108 (max 10) (295kb)
2026-03-15 22:23:44 [MainThread      ]                 Pool.h:210   INFO| Effect 0 / 256 (max 52) (79kb)
2026-03-15 22:23:44 [MainThread      ]    ProgressManager.cpp:1106  INFO| Lua::Save() : 0.005374 s
2026-03-15 22:23:44 [MainThread      ]    ProgressManager.cpp:1038  INFO| GatherSaveData : 0.006664 s
2026-03-15 22:23:44 [MainThread      ]     BinarySaveData.cpp:42    INFO| PrepareForWrite dataSize = 354680 bytes
2026-03-15 22:23:44 [MainThread      ]     BinarySaveData.cpp:47    INFO| PrepareForWrite checksum = f627889c bytes
2026-03-15 22:23:44 [MainThread      ]              World.cpp:1435  INFO| Finished World::Begin (0.042217 seconds)
2026-03-15 22:23:44 [LoadTaskScheduler]              World.cpp:1298  INFO| Started preScriptLoadTask
2026-03-15 22:23:44 [LoadTaskScheduler]              World.cpp:1304  INFO| Finished preScriptLoadTask (0.000001 seconds)
2026-03-15 22:23:44 [LoadTaskScheduler]              World.cpp:1263  INFO| Started loadMapDataTask (Hub_PreRun)
2026-03-15 22:23:44 [LoadTaskScheduler]              World.cpp:1313  INFO| Started loadPackagesTask
2026-03-15 22:23:44 [LoadTaskScheduler]              World.cpp:1317  INFO| Finished loadPackagesTask (0.000004 seconds)
2026-03-15 22:23:44 [LoadTaskScheduler]              World.cpp:1324  INFO| Started postLoadTask
2026-03-15 22:23:44 [LoadTaskScheduler]              World.cpp:1334  INFO| Done waiting for packages and pre-scripts task
2026-03-15 22:23:44 [SmallTaskScheduler]     BinarySaveData.cpp:17    INFO| Writing 354680 bytes
2026-03-15 22:23:44 [LoadTaskScheduler]     BinaryLoadData.cpp:12    INFO| Reading 383694 bytes
2026-03-15 22:23:44 [LoadTaskScheduler]              World.cpp:1292  INFO| Finished loadMapDataTask (0.004553 seconds)
2026-03-15 22:23:44 [LoadTaskScheduler]              World.cpp:1341  INFO| Calling PostLoad
2026-03-15 22:23:44 [LoadTaskScheduler]       AudioManager.cpp:1273  INFO| Unloaded Voice bank: Odysseus in 0.00s
2026-03-15 22:23:44 [LoadTaskScheduler]       AudioManager.cpp:1273  INFO| Unloaded Voice bank: Eris in 0.00s
2026-03-15 22:23:44 [LoadTaskScheduler]       AudioManager.cpp:1273  INFO| Unloaded Voice bank: Hypnos in 0.00s
2026-03-15 22:23:44 [LoadTaskScheduler]       AudioManager.cpp:1273  INFO| Unloaded Voice bank: Hecate in 0.00s
2026-03-15 22:23:44 [LoadTaskScheduler]       AudioManager.cpp:1273  INFO| Unloaded Voice bank: Dora in 0.00s
2026-03-15 22:23:44 [LoadTaskScheduler]       AudioManager.cpp:1273  INFO| Unloaded Voice bank: Moros in 0.00s
2026-03-15 22:23:44 [LoadTaskScheduler]       AudioManager.cpp:1273  INFO| Unloaded Voice bank: Hades in 0.00s
2026-03-15 22:23:44 [LoadTaskScheduler]       AudioManager.cpp:1273  INFO| Unloaded Voice bank: Charon in 0.00s
2026-03-15 22:23:44 [LoadTaskScheduler]              World.cpp:1343  INFO| Finished PostLoad
2026-03-15 22:23:44 [LoadTaskScheduler]              World.cpp:1348  INFO| Finished postLoadTask (0.024373 seconds)
2026-03-15 22:23:44 [MainThread      ]              World.cpp:1359  INFO| Started loadScreen onExit
2026-03-15 22:23:44 [MainThread      ]      ScriptManager.cpp:1001  INFO| Lua GC took 0.07 seconds
2026-03-15 22:23:44 [MainThread      ]       AudioManager.cpp:1233  INFO| Voice bank loaded successfully: Skelly (667 lines in 0.000798 seconds)
2026-03-15 22:23:44 [MainThread      ]       AudioManager.cpp:1233  INFO| Voice bank loaded successfully: Selene (469 lines in 0.000461 seconds)
2026-03-15 22:23:44 [MainThread      ]       AudioManager.cpp:1233  INFO| Voice bank loaded successfully: Nyx (116 lines in 0.000288 seconds)
2026-03-15 22:23:44 [MainThread      ]       AudioManager.cpp:1233  INFO| Voice bank loaded successfully: AphroditeKeepsake (3 lines in 0.000328 seconds)
2026-03-15 22:23:44 [MainThread      ]       AudioManager.cpp:1233  INFO| Voice bank loaded successfully: ApolloKeepsake (2 lines in 0.000214 seconds)
2026-03-15 22:23:44 [MainThread      ]       AudioManager.cpp:1233  INFO| Voice bank loaded successfully: ArachneKeepsake (2 lines in 0.000222 seconds)
2026-03-15 22:23:44 [MainThread      ]       AudioManager.cpp:1233  INFO| Voice bank loaded successfully: AresKeepsake (2 lines in 0.000284 seconds)
2026-03-15 22:23:44 [MainThread      ]       AudioManager.cpp:1233  INFO| Voice bank loaded successfully: ArtemisKeepsake (2 lines in 0.000198 seconds)
2026-03-15 22:23:44 [MainThread      ]       AudioManager.cpp:1233  INFO| Voice bank loaded successfully: AthenaKeepsake (2 lines in 0.000211 seconds)
2026-03-15 22:23:44 [MainThread      ]       AudioManager.cpp:1233  INFO| Voice bank loaded successfully: ChaosKeepsake (2 lines in 0.000259 seconds)
2026-03-15 22:23:44 [MainThread      ]       AudioManager.cpp:1233  INFO| Voice bank loaded successfully: CharonKeepsake (2 lines in 0.000174 seconds)
2026-03-15 22:23:44 [MainThread      ]       AudioManager.cpp:1233  INFO| Voice bank loaded successfully: ChronosKeepsake (2 lines in 0.000265 seconds)
2026-03-15 22:23:44 [MainThread      ]       AudioManager.cpp:1233  INFO| Voice bank loaded successfully: CirceKeepsake (2 lines in 0.000264 seconds)
2026-03-15 22:23:44 [MainThread      ]       AudioManager.cpp:1233  INFO| Voice bank loaded successfully: DemeterKeepsake (2 lines in 0.000181 seconds)
2026-03-15 22:23:44 [MainThread      ]       AudioManager.cpp:1233  INFO| Voice bank loaded successfully: DionysusKeepsake (2 lines in 0.000256 seconds)
2026-03-15 22:23:45 [MainThread      ]       AudioManager.cpp:1233  INFO| Voice bank loaded successfully: DoraKeepsake (2 lines in 0.000200 seconds)
2026-03-15 22:23:45 [MainThread      ]       AudioManager.cpp:1233  INFO| Voice bank loaded successfully: EchoKeepsake (2 lines in 0.000277 seconds)
2026-03-15 22:23:45 [MainThread      ]       AudioManager.cpp:1233  INFO| Voice bank loaded successfully: ErisKeepsake (2 lines in 0.000221 seconds)
2026-03-15 22:23:45 [MainThread      ]       AudioManager.cpp:1233  INFO| Voice bank loaded successfully: HadesKeepsake (2 lines in 0.000177 seconds)
2026-03-15 22:23:45 [MainThread      ]       AudioManager.cpp:1233  INFO| Voice bank loaded successfully: HecateKeepsake (3 lines in 0.000219 seconds)
2026-03-15 22:23:45 [MainThread      ]       AudioManager.cpp:1233  INFO| Voice bank loaded successfully: HephaestusKeepsake (2 lines in 0.000211 seconds)
2026-03-15 22:23:45 [MainThread      ]       AudioManager.cpp:1233  INFO| Voice bank loaded successfully: HeraclesKeepsake (2 lines in 0.000288 seconds)
2026-03-15 22:23:45 [MainThread      ]       AudioManager.cpp:1233  INFO| Voice bank loaded successfully: HeraKeepsake (4 lines in 0.000199 seconds)
2026-03-15 22:23:45 [MainThread      ]       AudioManager.cpp:1233  INFO| Voice bank loaded successfully: HermesKeepsake (2 lines in 0.000226 seconds)
2026-03-15 22:23:45 [MainThread      ]       AudioManager.cpp:1233  INFO| Voice bank loaded successfully: HestiaKeepsake (2 lines in 0.000223 seconds)
2026-03-15 22:23:45 [MainThread      ]       AudioManager.cpp:1233  INFO| Voice bank loaded successfully: IcarusKeepsake (2 lines in 0.000201 seconds)
2026-03-15 22:23:45 [MainThread      ]       AudioManager.cpp:1233  INFO| Voice bank loaded successfully: MedeaKeepsake (2 lines in 0.000274 seconds)
2026-03-15 22:23:45 [MainThread      ]       AudioManager.cpp:1233  INFO| Voice bank loaded successfully: MorosKeepsake (2 lines in 0.000302 seconds)
2026-03-15 22:23:45 [MainThread      ]       AudioManager.cpp:1233  INFO| Voice bank loaded successfully: NarcissusKeepsake (4 lines in 0.000188 seconds)
2026-03-15 22:23:45 [MainThread      ]       AudioManager.cpp:1233  INFO| Voice bank loaded successfully: NemesisKeepsake (4 lines in 0.000219 seconds)
2026-03-15 22:23:45 [MainThread      ]       AudioManager.cpp:1233  INFO| Voice bank loaded successfully: OdysseusKeepsake (2 lines in 0.000189 seconds)
2026-03-15 22:23:45 [MainThread      ]       AudioManager.cpp:1233  INFO| Voice bank loaded successfully: PersephoneKeepsake (2 lines in 0.000296 seconds)
2026-03-15 22:23:45 [MainThread      ]       AudioManager.cpp:1233  INFO| Voice bank loaded successfully: PoseidonKeepsake (2 lines in 0.000282 seconds)
2026-03-15 22:23:45 [MainThread      ]       AudioManager.cpp:1233  INFO| Voice bank loaded successfully: SeleneKeepsake (2 lines in 0.000245 seconds)
2026-03-15 22:23:45 [MainThread      ]       AudioManager.cpp:1233  INFO| Voice bank loaded successfully: SkellyKeepsake (3 lines in 0.000228 seconds)
2026-03-15 22:23:45 [MainThread      ]       AudioManager.cpp:1233  INFO| Voice bank loaded successfully: ZagreusKeepsake (2 lines in 0.000276 seconds)
2026-03-15 22:23:45 [MainThread      ]       AudioManager.cpp:1233  INFO| Voice bank loaded successfully: ZeusKeepsake (2 lines in 0.000259 seconds)
2026-03-15 22:23:45 [MainThread      ]       AudioManager.cpp:1233  INFO| Voice bank loaded successfully: Chaos (353 lines in 0.000442 seconds)
2026-03-15 22:23:45 [MainThread      ]              World.cpp:1366  INFO| Finished loadScreen onExit (0.088732 seconds)
2026-03-15 22:24:06 [MainThread      ]    ProgressManager.cpp:1106  INFO| Lua::Save() : 0.005091 s
2026-03-15 22:24:06 [MainThread      ]    ProgressManager.cpp:1038  INFO| GatherSaveData : 0.006363 s
2026-03-15 22:24:06 [MainThread      ]     BinarySaveData.cpp:42    INFO| PrepareForWrite dataSize = 355349 bytes
2026-03-15 22:24:06 [MainThread      ]     BinarySaveData.cpp:47    INFO| PrepareForWrite checksum = ff8a7354 bytes
2026-03-15 22:24:06 [SmallTaskScheduler]     BinarySaveData.cpp:17    INFO| Writing 355349 bytes
2026-03-15 22:24:07 [MainThread      ]              World.cpp:1373  INFO| World::Begin() Hub_PreRun -> Hub_Main
2026-03-15 22:24:07 [MainThread      ]                 Pool.h:210   INFO| Projectile 0 / 217 (max 32) (594kb)
2026-03-15 22:24:07 [MainThread      ]                 Pool.h:210   INFO| HomingProjectile 0 / 108 (max 47) (297kb)
2026-03-15 22:24:07 [MainThread      ]                 Pool.h:210   INFO| BeamProjectile 0 / 81 (max 3) (225kb)
2026-03-15 22:24:07 [MainThread      ]                 Pool.h:210   INFO| LobProjectile 0 / 81 (max 10) (224kb)
2026-03-15 22:24:07 [MainThread      ]                 Pool.h:210   INFO| ArcProjectile 0 / 81 (max 13) (223kb)
2026-03-15 22:24:07 [MainThread      ]                 Pool.h:210   INFO| InstantProjectile 0 / 108 (max 10) (295kb)
2026-03-15 22:24:07 [MainThread      ]                 Pool.h:210   INFO| Effect 0 / 256 (max 52) (79kb)
2026-03-15 22:24:07 [MainThread      ]    ProgressManager.cpp:1106  INFO| Lua::Save() : 0.004716 s
2026-03-15 22:24:07 [MainThread      ]    ProgressManager.cpp:1038  INFO| GatherSaveData : 0.005946 s
2026-03-15 22:24:07 [MainThread      ]     BinarySaveData.cpp:42    INFO| PrepareForWrite dataSize = 346578 bytes
2026-03-15 22:24:07 [MainThread      ]     BinarySaveData.cpp:47    INFO| PrepareForWrite checksum = 3c7c7a89 bytes
2026-03-15 22:24:07 [MainThread      ]              World.cpp:1435  INFO| Finished World::Begin (0.016302 seconds)
2026-03-15 22:24:07 [LoadTaskScheduler]              World.cpp:1263  INFO| Started loadMapDataTask (Hub_Main)
2026-03-15 22:24:07 [LoadTaskScheduler]              World.cpp:1298  INFO| Started preScriptLoadTask
2026-03-15 22:24:07 [LoadTaskScheduler]              World.cpp:1304  INFO| Finished preScriptLoadTask (0.000000 seconds)
2026-03-15 22:24:07 [LoadTaskScheduler]              World.cpp:1313  INFO| Started loadPackagesTask
2026-03-15 22:24:07 [LoadTaskScheduler]              World.cpp:1317  INFO| Finished loadPackagesTask (0.000002 seconds)
2026-03-15 22:24:07 [LoadTaskScheduler]              World.cpp:1324  INFO| Started postLoadTask
2026-03-15 22:24:07 [LoadTaskScheduler]              World.cpp:1334  INFO| Done waiting for packages and pre-scripts task
2026-03-15 22:24:07 [SmallTaskScheduler]     BinarySaveData.cpp:17    INFO| Writing 346578 bytes
2026-03-15 22:24:07 [LoadTaskScheduler]     BinaryLoadData.cpp:12    INFO| Reading 1289152 bytes
2026-03-15 22:24:07 [LoadTaskScheduler]              World.cpp:1292  INFO| Finished loadMapDataTask (0.006797 seconds)
2026-03-15 22:24:07 [LoadTaskScheduler]              World.cpp:1341  INFO| Calling PostLoad
2026-03-15 22:24:07 [LoadTaskScheduler]       AudioManager.cpp:1273  INFO| Unloaded Voice bank: ZagreusKeepsake in 0.00s
2026-03-15 22:24:07 [LoadTaskScheduler]       AudioManager.cpp:1273  INFO| Unloaded Voice bank: CirceKeepsake in 0.00s
2026-03-15 22:24:07 [LoadTaskScheduler]       AudioManager.cpp:1273  INFO| Unloaded Voice bank: HeraclesKeepsake in 0.00s
2026-03-15 22:24:07 [LoadTaskScheduler]       AudioManager.cpp:1273  INFO| Unloaded Voice bank: EchoKeepsake in 0.00s
2026-03-15 22:24:07 [LoadTaskScheduler]       AudioManager.cpp:1273  INFO| Unloaded Voice bank: ChaosKeepsake in 0.00s
2026-03-15 22:24:07 [LoadTaskScheduler]       AudioManager.cpp:1273  INFO| Unloaded Voice bank: PoseidonKeepsake in 0.00s
2026-03-15 22:24:07 [LoadTaskScheduler]       AudioManager.cpp:1273  INFO| Unloaded Voice bank: HestiaKeepsake in 0.00s
2026-03-15 22:24:07 [LoadTaskScheduler]       AudioManager.cpp:1273  INFO| Unloaded Voice bank: SeleneKeepsake in 0.00s
2026-03-15 22:24:07 [LoadTaskScheduler]       AudioManager.cpp:1273  INFO| Unloaded Voice bank: HecateKeepsake in 0.00s
2026-03-15 22:24:07 [LoadTaskScheduler]       AudioManager.cpp:1273  INFO| Unloaded Voice bank: PersephoneKeepsake in 0.00s
2026-03-15 22:24:07 [LoadTaskScheduler]       AudioManager.cpp:1273  INFO| Unloaded Voice bank: HephaestusKeepsake in 0.00s
2026-03-15 22:24:07 [LoadTaskScheduler]       AudioManager.cpp:1273  INFO| Unloaded Voice bank: SkellyKeepsake in 0.00s
2026-03-15 22:24:07 [LoadTaskScheduler]       AudioManager.cpp:1273  INFO| Unloaded Voice bank: ArtemisKeepsake in 0.00s
2026-03-15 22:24:07 [LoadTaskScheduler]       AudioManager.cpp:1273  INFO| Unloaded Voice bank: ErisKeepsake in 0.00s
2026-03-15 22:24:07 [LoadTaskScheduler]       AudioManager.cpp:1273  INFO| Unloaded Voice bank: ArachneKeepsake in 0.00s
2026-03-15 22:24:07 [LoadTaskScheduler]       AudioManager.cpp:1273  INFO| Unloaded Voice bank: IcarusKeepsake in 0.00s
2026-03-15 22:24:07 [LoadTaskScheduler]       AudioManager.cpp:1273  INFO| Unloaded Voice bank: AresKeepsake in 0.00s
2026-03-15 22:24:07 [LoadTaskScheduler]       AudioManager.cpp:1273  INFO| Unloaded Voice bank: DionysusKeepsake in 0.00s
2026-03-15 22:24:07 [LoadTaskScheduler]       AudioManager.cpp:1273  INFO| Unloaded Voice bank: ApolloKeepsake in 0.00s
2026-03-15 22:24:07 [LoadTaskScheduler]       AudioManager.cpp:1273  INFO| Unloaded Voice bank: AthenaKeepsake in 0.00s
2026-03-15 22:24:07 [LoadTaskScheduler]       AudioManager.cpp:1273  INFO| Unloaded Voice bank: Skelly in 0.00s
2026-03-15 22:24:07 [LoadTaskScheduler]       AudioManager.cpp:1273  INFO| Unloaded Voice bank: MedeaKeepsake in 0.00s
2026-03-15 22:24:07 [LoadTaskScheduler]       AudioManager.cpp:1273  INFO| Unloaded Voice bank: HermesKeepsake in 0.00s
2026-03-15 22:24:07 [LoadTaskScheduler]       AudioManager.cpp:1273  INFO| Unloaded Voice bank: ZeusKeepsake in 0.00s
2026-03-15 22:24:07 [LoadTaskScheduler]       AudioManager.cpp:1273  INFO| Unloaded Voice bank: Nyx in 0.00s
2026-03-15 22:24:07 [LoadTaskScheduler]       AudioManager.cpp:1273  INFO| Unloaded Voice bank: Selene in 0.00s
2026-03-15 22:24:07 [LoadTaskScheduler]       AudioManager.cpp:1273  INFO| Unloaded Voice bank: DoraKeepsake in 0.00s
2026-03-15 22:24:07 [LoadTaskScheduler]       AudioManager.cpp:1273  INFO| Unloaded Voice bank: NemesisKeepsake in 0.00s
2026-03-15 22:24:07 [LoadTaskScheduler]       AudioManager.cpp:1273  INFO| Unloaded Voice bank: ChronosKeepsake in 0.00s
2026-03-15 22:24:07 [LoadTaskScheduler]       AudioManager.cpp:1273  INFO| Unloaded Voice bank: AphroditeKeepsake in 0.00s
2026-03-15 22:24:07 [LoadTaskScheduler]       AudioManager.cpp:1273  INFO| Unloaded Voice bank: HeraKeepsake in 0.00s
2026-03-15 22:24:07 [LoadTaskScheduler]       AudioManager.cpp:1273  INFO| Unloaded Voice bank: NarcissusKeepsake in 0.00s
2026-03-15 22:24:07 [LoadTaskScheduler]       AudioManager.cpp:1273  INFO| Unloaded Voice bank: HadesKeepsake in 0.00s
2026-03-15 22:24:07 [LoadTaskScheduler]       AudioManager.cpp:1273  INFO| Unloaded Voice bank: MorosKeepsake in 0.00s
2026-03-15 22:24:07 [LoadTaskScheduler]       AudioManager.cpp:1273  INFO| Unloaded Voice bank: DemeterKeepsake in 0.00s
2026-03-15 22:24:07 [LoadTaskScheduler]       AudioManager.cpp:1273  INFO| Unloaded Voice bank: OdysseusKeepsake in 0.00s
2026-03-15 22:24:07 [LoadTaskScheduler]       AudioManager.cpp:1273  INFO| Unloaded Voice bank: Chaos in 0.00s
2026-03-15 22:24:07 [LoadTaskScheduler]       AudioManager.cpp:1273  INFO| Unloaded Voice bank: CharonKeepsake in 0.00s
2026-03-15 22:24:07 [LoadTaskScheduler]              World.cpp:1343  INFO| Finished PostLoad
2026-03-15 22:24:07 [LoadTaskScheduler]              World.cpp:1348  INFO| Finished postLoadTask (0.060519 seconds)
2026-03-15 22:24:07 [MainThread      ]              World.cpp:1359  INFO| Started loadScreen onExit
2026-03-15 22:24:07 [MainThread      ]      ScriptManager.cpp:1001  INFO| Lua GC took 0.05 seconds
2026-03-15 22:24:07 [MainThread      ]       AudioManager.cpp:1233  INFO| Voice bank loaded successfully: Hades (332 lines in 0.000485 seconds)
2026-03-15 22:24:07 [MainThread      ]       AudioManager.cpp:1233  INFO| Voice bank loaded successfully: Hypnos (47 lines in 0.000311 seconds)
2026-03-15 22:24:07 [MainThread      ]       AudioManager.cpp:1233  INFO| Voice bank loaded successfully: Odysseus (586 lines in 0.000573 seconds)
2026-03-15 22:24:07 [MainThread      ]       AudioManager.cpp:1233  INFO| Voice bank loaded successfully: Hecate (830 lines in 0.000665 seconds)
2026-03-15 22:24:07 [MainThread      ]       AudioManager.cpp:1233  INFO| Voice bank loaded successfully: Dora (640 lines in 0.000748 seconds)
2026-03-15 22:24:07 [MainThread      ]       AudioManager.cpp:1233  INFO| Voice bank loaded successfully: Moros (570 lines in 0.000639 seconds)
2026-03-15 22:24:07 [MainThread      ]       AudioManager.cpp:1233  INFO| Voice bank loaded successfully: Eris (342 lines in 0.000383 seconds)
2026-03-15 22:24:07 [MainThread      ]       AudioManager.cpp:1233  INFO| Voice bank loaded successfully: Charon (138 lines in 0.000294 seconds)
2026-03-15 22:24:07 [MainThread      ]              World.cpp:1366  INFO| Finished loadScreen onExit (0.108427 seconds)
2026-03-15 22:25:09 [MainThread      ]              World.cpp:1373  INFO| World::Begin() Hub_Main -> Hub_PreRun
2026-03-15 22:25:09 [MainThread      ]                 Pool.h:210   INFO| Projectile 0 / 217 (max 32) (594kb)
2026-03-15 22:25:09 [MainThread      ]                 Pool.h:210   INFO| HomingProjectile 0 / 108 (max 47) (297kb)
2026-03-15 22:25:09 [MainThread      ]                 Pool.h:210   INFO| BeamProjectile 0 / 81 (max 3) (225kb)
2026-03-15 22:25:09 [MainThread      ]                 Pool.h:210   INFO| LobProjectile 0 / 81 (max 10) (224kb)
2026-03-15 22:25:09 [MainThread      ]                 Pool.h:210   INFO| ArcProjectile 0 / 81 (max 13) (223kb)
2026-03-15 22:25:09 [MainThread      ]                 Pool.h:210   INFO| InstantProjectile 0 / 108 (max 10) (295kb)
2026-03-15 22:25:09 [MainThread      ]                 Pool.h:210   INFO| Effect 0 / 256 (max 52) (79kb)
2026-03-15 22:25:09 [MainThread      ]    ProgressManager.cpp:1106  INFO| Lua::Save() : 0.005000 s
2026-03-15 22:25:09 [MainThread      ]    ProgressManager.cpp:1038  INFO| GatherSaveData : 0.006279 s
2026-03-15 22:25:09 [MainThread      ]     BinarySaveData.cpp:42    INFO| PrepareForWrite dataSize = 355963 bytes
2026-03-15 22:25:09 [MainThread      ]     BinarySaveData.cpp:47    INFO| PrepareForWrite checksum = ecd8690 bytes
2026-03-15 22:25:09 [MainThread      ]              World.cpp:1435  INFO| Finished World::Begin (0.041939 seconds)
2026-03-15 22:25:09 [LoadTaskScheduler]              World.cpp:1298  INFO| Started preScriptLoadTask
2026-03-15 22:25:09 [LoadTaskScheduler]              World.cpp:1304  INFO| Finished preScriptLoadTask (0.000001 seconds)
2026-03-15 22:25:09 [LoadTaskScheduler]              World.cpp:1263  INFO| Started loadMapDataTask (Hub_PreRun)
2026-03-15 22:25:09 [LoadTaskScheduler]              World.cpp:1313  INFO| Started loadPackagesTask
2026-03-15 22:25:09 [LoadTaskScheduler]              World.cpp:1317  INFO| Finished loadPackagesTask (0.000003 seconds)
2026-03-15 22:25:09 [LoadTaskScheduler]              World.cpp:1324  INFO| Started postLoadTask
2026-03-15 22:25:09 [LoadTaskScheduler]              World.cpp:1334  INFO| Done waiting for packages and pre-scripts task
2026-03-15 22:25:09 [SmallTaskScheduler]     BinarySaveData.cpp:17    INFO| Writing 355963 bytes
2026-03-15 22:25:09 [LoadTaskScheduler]     BinaryLoadData.cpp:12    INFO| Reading 383694 bytes
2026-03-15 22:25:09 [LoadTaskScheduler]              World.cpp:1292  INFO| Finished loadMapDataTask (0.005021 seconds)
2026-03-15 22:25:09 [LoadTaskScheduler]              World.cpp:1341  INFO| Calling PostLoad
2026-03-15 22:25:09 [LoadTaskScheduler]       AudioManager.cpp:1273  INFO| Unloaded Voice bank: Odysseus in 0.00s
2026-03-15 22:25:09 [LoadTaskScheduler]       AudioManager.cpp:1273  INFO| Unloaded Voice bank: Eris in 0.00s
2026-03-15 22:25:09 [LoadTaskScheduler]       AudioManager.cpp:1273  INFO| Unloaded Voice bank: Hypnos in 0.00s
2026-03-15 22:25:09 [LoadTaskScheduler]       AudioManager.cpp:1273  INFO| Unloaded Voice bank: Hecate in 0.00s
2026-03-15 22:25:09 [LoadTaskScheduler]       AudioManager.cpp:1273  INFO| Unloaded Voice bank: Dora in 0.00s
2026-03-15 22:25:09 [LoadTaskScheduler]       AudioManager.cpp:1273  INFO| Unloaded Voice bank: Moros in 0.00s
2026-03-15 22:25:09 [LoadTaskScheduler]       AudioManager.cpp:1273  INFO| Unloaded Voice bank: Hades in 0.00s
2026-03-15 22:25:09 [LoadTaskScheduler]       AudioManager.cpp:1273  INFO| Unloaded Voice bank: Charon in 0.00s
2026-03-15 22:25:09 [LoadTaskScheduler]              World.cpp:1343  INFO| Finished PostLoad
2026-03-15 22:25:09 [LoadTaskScheduler]              World.cpp:1348  INFO| Finished postLoadTask (0.023993 seconds)
2026-03-15 22:25:09 [MainThread      ]              World.cpp:1359  INFO| Started loadScreen onExit
2026-03-15 22:25:09 [MainThread      ]      ScriptManager.cpp:1001  INFO| Lua GC took 0.06 seconds
2026-03-15 22:25:09 [MainThread      ]       AudioManager.cpp:1233  INFO| Voice bank loaded successfully: Skelly (667 lines in 0.000772 seconds)
2026-03-15 22:25:09 [MainThread      ]       AudioManager.cpp:1233  INFO| Voice bank loaded successfully: Selene (469 lines in 0.000606 seconds)
2026-03-15 22:25:09 [MainThread      ]       AudioManager.cpp:1233  INFO| Voice bank loaded successfully: Nyx (116 lines in 0.000288 seconds)
2026-03-15 22:25:09 [MainThread      ]       AudioManager.cpp:1233  INFO| Voice bank loaded successfully: AphroditeKeepsake (3 lines in 0.000267 seconds)
2026-03-15 22:25:09 [MainThread      ]       AudioManager.cpp:1233  INFO| Voice bank loaded successfully: ApolloKeepsake (2 lines in 0.000207 seconds)
2026-03-15 22:25:09 [MainThread      ]       AudioManager.cpp:1233  INFO| Voice bank loaded successfully: ArachneKeepsake (2 lines in 0.000253 seconds)
2026-03-15 22:25:09 [MainThread      ]       AudioManager.cpp:1233  INFO| Voice bank loaded successfully: AresKeepsake (2 lines in 0.000258 seconds)
2026-03-15 22:25:09 [MainThread      ]       AudioManager.cpp:1233  INFO| Voice bank loaded successfully: ArtemisKeepsake (2 lines in 0.000181 seconds)
2026-03-15 22:25:09 [MainThread      ]       AudioManager.cpp:1233  INFO| Voice bank loaded successfully: AthenaKeepsake (2 lines in 0.000224 seconds)
2026-03-15 22:25:09 [MainThread      ]       AudioManager.cpp:1233  INFO| Voice bank loaded successfully: ChaosKeepsake (2 lines in 0.000287 seconds)
2026-03-15 22:25:09 [MainThread      ]       AudioManager.cpp:1233  INFO| Voice bank loaded successfully: CharonKeepsake (2 lines in 0.000273 seconds)
2026-03-15 22:25:09 [MainThread      ]       AudioManager.cpp:1233  INFO| Voice bank loaded successfully: ChronosKeepsake (2 lines in 0.000264 seconds)
2026-03-15 22:25:09 [MainThread      ]       AudioManager.cpp:1233  INFO| Voice bank loaded successfully: CirceKeepsake (2 lines in 0.000253 seconds)
2026-03-15 22:25:09 [MainThread      ]       AudioManager.cpp:1233  INFO| Voice bank loaded successfully: DemeterKeepsake (2 lines in 0.000209 seconds)
2026-03-15 22:25:09 [MainThread      ]       AudioManager.cpp:1233  INFO| Voice bank loaded successfully: DionysusKeepsake (2 lines in 0.000354 seconds)
2026-03-15 22:25:09 [MainThread      ]       AudioManager.cpp:1233  INFO| Voice bank loaded successfully: DoraKeepsake (2 lines in 0.000200 seconds)
2026-03-15 22:25:09 [MainThread      ]       AudioManager.cpp:1233  INFO| Voice bank loaded successfully: EchoKeepsake (2 lines in 0.000301 seconds)
2026-03-15 22:25:09 [MainThread      ]       AudioManager.cpp:1233  INFO| Voice bank loaded successfully: ErisKeepsake (2 lines in 0.000223 seconds)
2026-03-15 22:25:09 [MainThread      ]       AudioManager.cpp:1233  INFO| Voice bank loaded successfully: HadesKeepsake (2 lines in 0.000180 seconds)
2026-03-15 22:25:09 [MainThread      ]       AudioManager.cpp:1233  INFO| Voice bank loaded successfully: HecateKeepsake (3 lines in 0.000179 seconds)
2026-03-15 22:25:09 [MainThread      ]       AudioManager.cpp:1233  INFO| Voice bank loaded successfully: HephaestusKeepsake (2 lines in 0.000186 seconds)
2026-03-15 22:25:09 [MainThread      ]       AudioManager.cpp:1233  INFO| Voice bank loaded successfully: HeraclesKeepsake (2 lines in 0.000307 seconds)
2026-03-15 22:25:09 [MainThread      ]       AudioManager.cpp:1233  INFO| Voice bank loaded successfully: HeraKeepsake (4 lines in 0.000187 seconds)
2026-03-15 22:25:09 [MainThread      ]       AudioManager.cpp:1233  INFO| Voice bank loaded successfully: HermesKeepsake (2 lines in 0.000177 seconds)
2026-03-15 22:25:09 [MainThread      ]       AudioManager.cpp:1233  INFO| Voice bank loaded successfully: HestiaKeepsake (2 lines in 0.000308 seconds)
2026-03-15 22:25:09 [MainThread      ]       AudioManager.cpp:1233  INFO| Voice bank loaded successfully: IcarusKeepsake (2 lines in 0.000229 seconds)
2026-03-15 22:25:09 [MainThread      ]       AudioManager.cpp:1233  INFO| Voice bank loaded successfully: MedeaKeepsake (2 lines in 0.000257 seconds)
2026-03-15 22:25:09 [MainThread      ]       AudioManager.cpp:1233  INFO| Voice bank loaded successfully: MorosKeepsake (2 lines in 0.000281 seconds)
2026-03-15 22:25:09 [MainThread      ]       AudioManager.cpp:1233  INFO| Voice bank loaded successfully: NarcissusKeepsake (4 lines in 0.000179 seconds)
2026-03-15 22:25:09 [MainThread      ]       AudioManager.cpp:1233  INFO| Voice bank loaded successfully: NemesisKeepsake (4 lines in 0.000242 seconds)
2026-03-15 22:25:09 [MainThread      ]       AudioManager.cpp:1233  INFO| Voice bank loaded successfully: OdysseusKeepsake (2 lines in 0.000182 seconds)
2026-03-15 22:25:09 [MainThread      ]       AudioManager.cpp:1233  INFO| Voice bank loaded successfully: PersephoneKeepsake (2 lines in 0.000256 seconds)
2026-03-15 22:25:09 [MainThread      ]       AudioManager.cpp:1233  INFO| Voice bank loaded successfully: PoseidonKeepsake (2 lines in 0.000182 seconds)
2026-03-15 22:25:09 [MainThread      ]       AudioManager.cpp:1233  INFO| Voice bank loaded successfully: SeleneKeepsake (2 lines in 0.000193 seconds)
2026-03-15 22:25:09 [MainThread      ]       AudioManager.cpp:1233  INFO| Voice bank loaded successfully: SkellyKeepsake (3 lines in 0.000249 seconds)
2026-03-15 22:25:09 [MainThread      ]       AudioManager.cpp:1233  INFO| Voice bank loaded successfully: ZagreusKeepsake (2 lines in 0.000210 seconds)
2026-03-15 22:25:09 [MainThread      ]       AudioManager.cpp:1233  INFO| Voice bank loaded successfully: ZeusKeepsake (2 lines in 0.000216 seconds)
2026-03-15 22:25:09 [MainThread      ]       AudioManager.cpp:1233  INFO| Voice bank loaded successfully: Chaos (353 lines in 0.000402 seconds)
2026-03-15 22:25:09 [MainThread      ]              World.cpp:1366  INFO| Finished loadScreen onExit (0.079765 seconds)
2026-03-15 22:25:11 [MainThread      ]              World.cpp:1373  INFO| World::Begin() Hub_PreRun -> Hub_Main
2026-03-15 22:25:11 [MainThread      ]                 Pool.h:210   INFO| Projectile 0 / 217 (max 32) (594kb)
2026-03-15 22:25:11 [MainThread      ]                 Pool.h:210   INFO| HomingProjectile 0 / 108 (max 47) (297kb)
2026-03-15 22:25:11 [MainThread      ]                 Pool.h:210   INFO| BeamProjectile 0 / 81 (max 3) (225kb)
2026-03-15 22:25:11 [MainThread      ]                 Pool.h:210   INFO| LobProjectile 0 / 81 (max 10) (224kb)
2026-03-15 22:25:11 [MainThread      ]                 Pool.h:210   INFO| ArcProjectile 0 / 81 (max 13) (223kb)
2026-03-15 22:25:11 [MainThread      ]                 Pool.h:210   INFO| InstantProjectile 0 / 108 (max 10) (295kb)
2026-03-15 22:25:11 [MainThread      ]                 Pool.h:210   INFO| Effect 0 / 256 (max 52) (79kb)
2026-03-15 22:25:11 [MainThread      ]    ProgressManager.cpp:1106  INFO| Lua::Save() : 0.004722 s
2026-03-15 22:25:11 [MainThread      ]    ProgressManager.cpp:1038  INFO| GatherSaveData : 0.005965 s
2026-03-15 22:25:11 [MainThread      ]     BinarySaveData.cpp:42    INFO| PrepareForWrite dataSize = 347676 bytes
2026-03-15 22:25:11 [MainThread      ]     BinarySaveData.cpp:47    INFO| PrepareForWrite checksum = 515f5481 bytes
2026-03-15 22:25:11 [MainThread      ]              World.cpp:1435  INFO| Finished World::Begin (0.016090 seconds)
2026-03-15 22:25:11 [LoadTaskScheduler]              World.cpp:1263  INFO| Started loadMapDataTask (Hub_Main)
2026-03-15 22:25:11 [LoadTaskScheduler]              World.cpp:1298  INFO| Started preScriptLoadTask
2026-03-15 22:25:11 [LoadTaskScheduler]              World.cpp:1304  INFO| Finished preScriptLoadTask (0.000001 seconds)
2026-03-15 22:25:11 [LoadTaskScheduler]              World.cpp:1313  INFO| Started loadPackagesTask
2026-03-15 22:25:11 [LoadTaskScheduler]              World.cpp:1317  INFO| Finished loadPackagesTask (0.000003 seconds)
2026-03-15 22:25:11 [LoadTaskScheduler]              World.cpp:1324  INFO| Started postLoadTask
2026-03-15 22:25:11 [LoadTaskScheduler]              World.cpp:1334  INFO| Done waiting for packages and pre-scripts task
2026-03-15 22:25:11 [SmallTaskScheduler]     BinarySaveData.cpp:17    INFO| Writing 347676 bytes
2026-03-15 22:25:11 [LoadTaskScheduler]     BinaryLoadData.cpp:12    INFO| Reading 1289152 bytes
2026-03-15 22:25:11 [LoadTaskScheduler]              World.cpp:1292  INFO| Finished loadMapDataTask (0.006935 seconds)
2026-03-15 22:25:11 [LoadTaskScheduler]              World.cpp:1341  INFO| Calling PostLoad
2026-03-15 22:25:11 [LoadTaskScheduler]       AudioManager.cpp:1273  INFO| Unloaded Voice bank: ZagreusKeepsake in 0.00s
2026-03-15 22:25:11 [LoadTaskScheduler]       AudioManager.cpp:1273  INFO| Unloaded Voice bank: CirceKeepsake in 0.00s
2026-03-15 22:25:11 [LoadTaskScheduler]       AudioManager.cpp:1273  INFO| Unloaded Voice bank: HeraclesKeepsake in 0.00s
2026-03-15 22:25:11 [LoadTaskScheduler]       AudioManager.cpp:1273  INFO| Unloaded Voice bank: EchoKeepsake in 0.00s
2026-03-15 22:25:11 [LoadTaskScheduler]       AudioManager.cpp:1273  INFO| Unloaded Voice bank: ChaosKeepsake in 0.00s
2026-03-15 22:25:11 [LoadTaskScheduler]       AudioManager.cpp:1273  INFO| Unloaded Voice bank: PoseidonKeepsake in 0.00s
2026-03-15 22:25:11 [LoadTaskScheduler]       AudioManager.cpp:1273  INFO| Unloaded Voice bank: HestiaKeepsake in 0.00s
2026-03-15 22:25:11 [LoadTaskScheduler]       AudioManager.cpp:1273  INFO| Unloaded Voice bank: SeleneKeepsake in 0.00s
2026-03-15 22:25:11 [LoadTaskScheduler]       AudioManager.cpp:1273  INFO| Unloaded Voice bank: HecateKeepsake in 0.00s
2026-03-15 22:25:11 [LoadTaskScheduler]       AudioManager.cpp:1273  INFO| Unloaded Voice bank: PersephoneKeepsake in 0.00s
2026-03-15 22:25:11 [LoadTaskScheduler]       AudioManager.cpp:1273  INFO| Unloaded Voice bank: HephaestusKeepsake in 0.00s
2026-03-15 22:25:11 [LoadTaskScheduler]       AudioManager.cpp:1273  INFO| Unloaded Voice bank: SkellyKeepsake in 0.00s
2026-03-15 22:25:11 [LoadTaskScheduler]       AudioManager.cpp:1273  INFO| Unloaded Voice bank: ArtemisKeepsake in 0.00s
2026-03-15 22:25:11 [LoadTaskScheduler]       AudioManager.cpp:1273  INFO| Unloaded Voice bank: ErisKeepsake in 0.00s
2026-03-15 22:25:11 [LoadTaskScheduler]       AudioManager.cpp:1273  INFO| Unloaded Voice bank: ArachneKeepsake in 0.00s
2026-03-15 22:25:11 [LoadTaskScheduler]       AudioManager.cpp:1273  INFO| Unloaded Voice bank: IcarusKeepsake in 0.00s
2026-03-15 22:25:11 [LoadTaskScheduler]       AudioManager.cpp:1273  INFO| Unloaded Voice bank: AresKeepsake in 0.00s
2026-03-15 22:25:11 [LoadTaskScheduler]       AudioManager.cpp:1273  INFO| Unloaded Voice bank: DionysusKeepsake in 0.00s
2026-03-15 22:25:11 [LoadTaskScheduler]       AudioManager.cpp:1273  INFO| Unloaded Voice bank: ApolloKeepsake in 0.00s
2026-03-15 22:25:11 [LoadTaskScheduler]       AudioManager.cpp:1273  INFO| Unloaded Voice bank: AthenaKeepsake in 0.00s
2026-03-15 22:25:11 [LoadTaskScheduler]       AudioManager.cpp:1273  INFO| Unloaded Voice bank: Skelly in 0.00s
2026-03-15 22:25:11 [LoadTaskScheduler]       AudioManager.cpp:1273  INFO| Unloaded Voice bank: MedeaKeepsake in 0.00s
2026-03-15 22:25:11 [LoadTaskScheduler]       AudioManager.cpp:1273  INFO| Unloaded Voice bank: HermesKeepsake in 0.00s
2026-03-15 22:25:11 [LoadTaskScheduler]       AudioManager.cpp:1273  INFO| Unloaded Voice bank: ZeusKeepsake in 0.00s
2026-03-15 22:25:11 [LoadTaskScheduler]       AudioManager.cpp:1273  INFO| Unloaded Voice bank: Nyx in 0.00s
2026-03-15 22:25:11 [LoadTaskScheduler]       AudioManager.cpp:1273  INFO| Unloaded Voice bank: Selene in 0.00s
2026-03-15 22:25:11 [LoadTaskScheduler]       AudioManager.cpp:1273  INFO| Unloaded Voice bank: DoraKeepsake in 0.00s
2026-03-15 22:25:11 [LoadTaskScheduler]       AudioManager.cpp:1273  INFO| Unloaded Voice bank: NemesisKeepsake in 0.00s
2026-03-15 22:25:11 [LoadTaskScheduler]       AudioManager.cpp:1273  INFO| Unloaded Voice bank: ChronosKeepsake in 0.00s
2026-03-15 22:25:11 [LoadTaskScheduler]       AudioManager.cpp:1273  INFO| Unloaded Voice bank: AphroditeKeepsake in 0.00s
2026-03-15 22:25:11 [LoadTaskScheduler]       AudioManager.cpp:1273  INFO| Unloaded Voice bank: HeraKeepsake in 0.00s
2026-03-15 22:25:11 [LoadTaskScheduler]       AudioManager.cpp:1273  INFO| Unloaded Voice bank: NarcissusKeepsake in 0.00s
2026-03-15 22:25:11 [LoadTaskScheduler]       AudioManager.cpp:1273  INFO| Unloaded Voice bank: HadesKeepsake in 0.00s
2026-03-15 22:25:11 [LoadTaskScheduler]       AudioManager.cpp:1273  INFO| Unloaded Voice bank: MorosKeepsake in 0.00s
2026-03-15 22:25:11 [LoadTaskScheduler]       AudioManager.cpp:1273  INFO| Unloaded Voice bank: DemeterKeepsake in 0.00s
2026-03-15 22:25:11 [LoadTaskScheduler]       AudioManager.cpp:1273  INFO| Unloaded Voice bank: OdysseusKeepsake in 0.00s
2026-03-15 22:25:11 [LoadTaskScheduler]       AudioManager.cpp:1273  INFO| Unloaded Voice bank: Chaos in 0.00s
2026-03-15 22:25:11 [LoadTaskScheduler]       AudioManager.cpp:1273  INFO| Unloaded Voice bank: CharonKeepsake in 0.00s
2026-03-15 22:25:11 [LoadTaskScheduler]              World.cpp:1343  INFO| Finished PostLoad
2026-03-15 22:25:11 [LoadTaskScheduler]              World.cpp:1348  INFO| Finished postLoadTask (0.058926 seconds)
2026-03-15 22:25:11 [MainThread      ]              World.cpp:1359  INFO| Started loadScreen onExit
2026-03-15 22:25:11 [MainThread      ]      ScriptManager.cpp:1001  INFO| Lua GC took 0.05 seconds
2026-03-15 22:25:11 [MainThread      ]       AudioManager.cpp:1233  INFO| Voice bank loaded successfully: Hades (332 lines in 0.000497 seconds)
2026-03-15 22:25:11 [MainThread      ]       AudioManager.cpp:1233  INFO| Voice bank loaded successfully: Hypnos (47 lines in 0.000270 seconds)
2026-03-15 22:25:11 [MainThread      ]       AudioManager.cpp:1233  INFO| Voice bank loaded successfully: Odysseus (586 lines in 0.000615 seconds)
2026-03-15 22:25:11 [MainThread      ]       AudioManager.cpp:1233  INFO| Voice bank loaded successfully: Hecate (830 lines in 0.000740 seconds)
2026-03-15 22:25:11 [MainThread      ]       AudioManager.cpp:1233  INFO| Voice bank loaded successfully: Dora (640 lines in 0.000764 seconds)
2026-03-15 22:25:11 [MainThread      ]       AudioManager.cpp:1233  INFO| Voice bank loaded successfully: Moros (570 lines in 0.000634 seconds)
2026-03-15 22:25:11 [MainThread      ]       AudioManager.cpp:1233  INFO| Voice bank loaded successfully: Eris (342 lines in 0.000435 seconds)
2026-03-15 22:25:11 [MainThread      ]       AudioManager.cpp:1233  INFO| Voice bank loaded successfully: Charon (138 lines in 0.000321 seconds)
2026-03-15 22:25:11 [MainThread      ]              World.cpp:1366  INFO| Finished loadScreen onExit (0.115178 seconds)
2026-03-15 22:25:18 [MainThread      ]            Program.cpp:512   INFO| Window Inactive
2026-03-15 22:25:24 [RenderThread    ]            Program.cpp:2068  INFO| Render thread waiting for commands for 5056 ms
2026-03-15 22:25:29 [RenderThread    ]            Program.cpp:2068  INFO| Render thread waiting for commands for 5048 ms
2026-03-15 22:25:34 [RenderThread    ]            Program.cpp:2068  INFO| Render thread waiting for commands for 5040 ms
2026-03-15 22:25:39 [RenderThread    ]            Program.cpp:2068  INFO| Render thread waiting for commands for 5032 ms
2026-03-15 22:25:44 [RenderThread    ]            Program.cpp:2068  INFO| Render thread waiting for commands for 5024 ms
2026-03-15 22:25:49 [RenderThread    ]            Program.cpp:2068  INFO| Render thread waiting for commands for 5016 ms
2026-03-15 22:25:54 [RenderThread    ]            Program.cpp:2068  INFO| Render thread waiting for commands for 5008 ms
2026-03-15 22:25:59 [RenderThread    ]            Program.cpp:2068  INFO| Render thread waiting for commands for 5064 ms
2026-03-15 22:26:04 [RenderThread    ]            Program.cpp:2068  INFO| Render thread waiting for commands for 5056 ms
2026-03-15 22:26:09 [RenderThread    ]            Program.cpp:2068  INFO| Render thread waiting for commands for 5048 ms
2026-03-15 22:26:14 [RenderThread    ]            Program.cpp:2068  INFO| Render thread waiting for commands for 5040 ms
2026-03-15 22:26:17 [MainThread      ]            Program.cpp:492   INFO| Window Active
2026-03-15 22:26:17 [MainThread      ]            Program.cpp:492   INFO| Window Active
2026-03-15 22:26:20 [MainThread      ]              World.cpp:1373  INFO| World::Begin() Hub_Main -> Hub_PreRun
2026-03-15 22:26:20 [MainThread      ]                 Pool.h:210   INFO| Projectile 0 / 217 (max 32) (594kb)
2026-03-15 22:26:20 [MainThread      ]                 Pool.h:210   INFO| HomingProjectile 0 / 108 (max 47) (297kb)
2026-03-15 22:26:20 [MainThread      ]                 Pool.h:210   INFO| BeamProjectile 0 / 81 (max 3) (225kb)
2026-03-15 22:26:20 [MainThread      ]                 Pool.h:210   INFO| LobProjectile 0 / 81 (max 10) (224kb)
2026-03-15 22:26:20 [MainThread      ]                 Pool.h:210   INFO| ArcProjectile 0 / 81 (max 13) (223kb)
2026-03-15 22:26:20 [MainThread      ]                 Pool.h:210   INFO| InstantProjectile 0 / 108 (max 10) (295kb)
2026-03-15 22:26:20 [MainThread      ]                 Pool.h:210   INFO| Effect 0 / 256 (max 52) (79kb)
2026-03-15 22:26:20 [MainThread      ]    ProgressManager.cpp:1106  INFO| Lua::Save() : 0.005045 s
2026-03-15 22:26:20 [MainThread      ]    ProgressManager.cpp:1038  INFO| GatherSaveData : 0.006316 s
2026-03-15 22:26:20 [MainThread      ]     BinarySaveData.cpp:42    INFO| PrepareForWrite dataSize = 355974 bytes
2026-03-15 22:26:20 [MainThread      ]     BinarySaveData.cpp:47    INFO| PrepareForWrite checksum = eb9e20d9 bytes
2026-03-15 22:26:20 [MainThread      ]              World.cpp:1435  INFO| Finished World::Begin (0.042201 seconds)
2026-03-15 22:26:20 [LoadTaskScheduler]              World.cpp:1263  INFO| Started loadMapDataTask (Hub_PreRun)
2026-03-15 22:26:20 [LoadTaskScheduler]              World.cpp:1298  INFO| Started preScriptLoadTask
2026-03-15 22:26:20 [SmallTaskScheduler]     BinarySaveData.cpp:17    INFO| Writing 355974 bytes
2026-03-15 22:26:20 [LoadTaskScheduler]              World.cpp:1304  INFO| Finished preScriptLoadTask (0.000000 seconds)
2026-03-15 22:26:20 [LoadTaskScheduler]              World.cpp:1313  INFO| Started loadPackagesTask
2026-03-15 22:26:20 [LoadTaskScheduler]              World.cpp:1317  INFO| Finished loadPackagesTask (0.000004 seconds)
2026-03-15 22:26:20 [LoadTaskScheduler]              World.cpp:1324  INFO| Started postLoadTask
2026-03-15 22:26:20 [LoadTaskScheduler]              World.cpp:1334  INFO| Done waiting for packages and pre-scripts task
2026-03-15 22:26:20 [LoadTaskScheduler]     BinaryLoadData.cpp:12    INFO| Reading 383694 bytes
2026-03-15 22:26:20 [LoadTaskScheduler]              World.cpp:1292  INFO| Finished loadMapDataTask (0.004676 seconds)
2026-03-15 22:26:20 [LoadTaskScheduler]              World.cpp:1341  INFO| Calling PostLoad
2026-03-15 22:26:20 [LoadTaskScheduler]       AudioManager.cpp:1273  INFO| Unloaded Voice bank: Odysseus in 0.00s
2026-03-15 22:26:20 [LoadTaskScheduler]       AudioManager.cpp:1273  INFO| Unloaded Voice bank: Eris in 0.00s
2026-03-15 22:26:20 [LoadTaskScheduler]       AudioManager.cpp:1273  INFO| Unloaded Voice bank: Hypnos in 0.00s
2026-03-15 22:26:20 [LoadTaskScheduler]       AudioManager.cpp:1273  INFO| Unloaded Voice bank: Hecate in 0.00s
2026-03-15 22:26:20 [LoadTaskScheduler]       AudioManager.cpp:1273  INFO| Unloaded Voice bank: Dora in 0.00s
2026-03-15 22:26:20 [LoadTaskScheduler]       AudioManager.cpp:1273  INFO| Unloaded Voice bank: Moros in 0.00s
2026-03-15 22:26:20 [LoadTaskScheduler]       AudioManager.cpp:1273  INFO| Unloaded Voice bank: Hades in 0.00s
2026-03-15 22:26:20 [LoadTaskScheduler]       AudioManager.cpp:1273  INFO| Unloaded Voice bank: Charon in 0.00s
2026-03-15 22:26:20 [LoadTaskScheduler]              World.cpp:1343  INFO| Finished PostLoad
2026-03-15 22:26:20 [LoadTaskScheduler]              World.cpp:1348  INFO| Finished postLoadTask (0.024807 seconds)
2026-03-15 22:26:20 [MainThread      ]              World.cpp:1359  INFO| Started loadScreen onExit
2026-03-15 22:26:20 [MainThread      ]      ScriptManager.cpp:1001  INFO| Lua GC took 0.06 seconds
2026-03-15 22:26:20 [MainThread      ]       AudioManager.cpp:1233  INFO| Voice bank loaded successfully: Skelly (667 lines in 0.000780 seconds)
2026-03-15 22:26:20 [MainThread      ]       AudioManager.cpp:1233  INFO| Voice bank loaded successfully: Selene (469 lines in 0.000467 seconds)
2026-03-15 22:26:20 [MainThread      ]       AudioManager.cpp:1233  INFO| Voice bank loaded successfully: Nyx (116 lines in 0.000284 seconds)
2026-03-15 22:26:20 [MainThread      ]       AudioManager.cpp:1233  INFO| Voice bank loaded successfully: AphroditeKeepsake (3 lines in 0.000263 seconds)
2026-03-15 22:26:20 [MainThread      ]       AudioManager.cpp:1233  INFO| Voice bank loaded successfully: ApolloKeepsake (2 lines in 0.000207 seconds)
2026-03-15 22:26:20 [MainThread      ]       AudioManager.cpp:1233  INFO| Voice bank loaded successfully: ArachneKeepsake (2 lines in 0.000235 seconds)
2026-03-15 22:26:20 [MainThread      ]       AudioManager.cpp:1233  INFO| Voice bank loaded successfully: AresKeepsake (2 lines in 0.000257 seconds)
2026-03-15 22:26:20 [MainThread      ]       AudioManager.cpp:1233  INFO| Voice bank loaded successfully: ArtemisKeepsake (2 lines in 0.000186 seconds)
2026-03-15 22:26:20 [MainThread      ]       AudioManager.cpp:1233  INFO| Voice bank loaded successfully: AthenaKeepsake (2 lines in 0.000206 seconds)
2026-03-15 22:26:20 [MainThread      ]       AudioManager.cpp:1233  INFO| Voice bank loaded successfully: ChaosKeepsake (2 lines in 0.000292 seconds)
2026-03-15 22:26:20 [MainThread      ]       AudioManager.cpp:1233  INFO| Voice bank loaded successfully: CharonKeepsake (2 lines in 0.000172 seconds)
2026-03-15 22:26:20 [MainThread      ]       AudioManager.cpp:1233  INFO| Voice bank loaded successfully: ChronosKeepsake (2 lines in 0.000259 seconds)
2026-03-15 22:26:20 [MainThread      ]       AudioManager.cpp:1233  INFO| Voice bank loaded successfully: CirceKeepsake (2 lines in 0.000247 seconds)
2026-03-15 22:26:20 [MainThread      ]       AudioManager.cpp:1233  INFO| Voice bank loaded successfully: DemeterKeepsake (2 lines in 0.000233 seconds)
2026-03-15 22:26:20 [MainThread      ]       AudioManager.cpp:1233  INFO| Voice bank loaded successfully: DionysusKeepsake (2 lines in 0.000257 seconds)
2026-03-15 22:26:20 [MainThread      ]       AudioManager.cpp:1233  INFO| Voice bank loaded successfully: DoraKeepsake (2 lines in 0.000226 seconds)
2026-03-15 22:26:20 [MainThread      ]       AudioManager.cpp:1233  INFO| Voice bank loaded successfully: EchoKeepsake (2 lines in 0.000266 seconds)
2026-03-15 22:26:20 [MainThread      ]       AudioManager.cpp:1233  INFO| Voice bank loaded successfully: ErisKeepsake (2 lines in 0.000234 seconds)
2026-03-15 22:26:20 [MainThread      ]       AudioManager.cpp:1233  INFO| Voice bank loaded successfully: HadesKeepsake (2 lines in 0.000181 seconds)
2026-03-15 22:26:20 [MainThread      ]       AudioManager.cpp:1233  INFO| Voice bank loaded successfully: HecateKeepsake (3 lines in 0.000179 seconds)
2026-03-15 22:26:20 [MainThread      ]       AudioManager.cpp:1233  INFO| Voice bank loaded successfully: HephaestusKeepsake (2 lines in 0.000193 seconds)
2026-03-15 22:26:20 [MainThread      ]       AudioManager.cpp:1233  INFO| Voice bank loaded successfully: HeraclesKeepsake (2 lines in 0.000278 seconds)
2026-03-15 22:26:20 [MainThread      ]       AudioManager.cpp:1233  INFO| Voice bank loaded successfully: HeraKeepsake (4 lines in 0.000183 seconds)
2026-03-15 22:26:20 [MainThread      ]       AudioManager.cpp:1233  INFO| Voice bank loaded successfully: HermesKeepsake (2 lines in 0.000174 seconds)
2026-03-15 22:26:20 [MainThread      ]       AudioManager.cpp:1233  INFO| Voice bank loaded successfully: HestiaKeepsake (2 lines in 0.000184 seconds)
2026-03-15 22:26:20 [MainThread      ]       AudioManager.cpp:1233  INFO| Voice bank loaded successfully: IcarusKeepsake (2 lines in 0.000226 seconds)
2026-03-15 22:26:20 [MainThread      ]       AudioManager.cpp:1233  INFO| Voice bank loaded successfully: MedeaKeepsake (2 lines in 0.000273 seconds)
2026-03-15 22:26:20 [MainThread      ]       AudioManager.cpp:1233  INFO| Voice bank loaded successfully: MorosKeepsake (2 lines in 0.000284 seconds)
2026-03-15 22:26:20 [MainThread      ]       AudioManager.cpp:1233  INFO| Voice bank loaded successfully: NarcissusKeepsake (4 lines in 0.000182 seconds)
2026-03-15 22:26:20 [MainThread      ]       AudioManager.cpp:1233  INFO| Voice bank loaded successfully: NemesisKeepsake (4 lines in 0.000207 seconds)
2026-03-15 22:26:20 [MainThread      ]       AudioManager.cpp:1233  INFO| Voice bank loaded successfully: OdysseusKeepsake (2 lines in 0.000200 seconds)
2026-03-15 22:26:20 [MainThread      ]       AudioManager.cpp:1233  INFO| Voice bank loaded successfully: PersephoneKeepsake (2 lines in 0.000264 seconds)
2026-03-15 22:26:20 [MainThread      ]       AudioManager.cpp:1233  INFO| Voice bank loaded successfully: PoseidonKeepsake (2 lines in 0.000181 seconds)
2026-03-15 22:26:20 [MainThread      ]       AudioManager.cpp:1233  INFO| Voice bank loaded successfully: SeleneKeepsake (2 lines in 0.000203 seconds)
2026-03-15 22:26:20 [MainThread      ]       AudioManager.cpp:1233  INFO| Voice bank loaded successfully: SkellyKeepsake (3 lines in 0.000213 seconds)
2026-03-15 22:26:20 [MainThread      ]       AudioManager.cpp:1233  INFO| Voice bank loaded successfully: ZagreusKeepsake (2 lines in 0.000228 seconds)
2026-03-15 22:26:20 [MainThread      ]       AudioManager.cpp:1233  INFO| Voice bank loaded successfully: ZeusKeepsake (2 lines in 0.000215 seconds)
2026-03-15 22:26:20 [MainThread      ]       AudioManager.cpp:1233  INFO| Voice bank loaded successfully: Chaos (353 lines in 0.000374 seconds)
2026-03-15 22:26:20 [MainThread      ]              World.cpp:1366  INFO| Finished loadScreen onExit (0.078765 seconds)
2026-03-15 22:26:27 [MainThread      ]     BinarySaveData.cpp:42    INFO| PrepareForWrite dataSize = 9 bytes
2026-03-15 22:26:27 [SmallTaskScheduler]     BinarySaveData.cpp:17    INFO| Writing 9 bytes
2026-03-15 22:26:27 [MainThread      ]              World.cpp:1373  INFO| World::Begin() Hub_PreRun -> F_Opening02
2026-03-15 22:26:27 [MainThread      ]                 Pool.h:210   INFO| Projectile 0 / 217 (max 32) (594kb)
2026-03-15 22:26:27 [MainThread      ]                 Pool.h:210   INFO| HomingProjectile 0 / 108 (max 47) (297kb)
2026-03-15 22:26:27 [MainThread      ]                 Pool.h:210   INFO| BeamProjectile 0 / 81 (max 3) (225kb)
2026-03-15 22:26:27 [MainThread      ]                 Pool.h:210   INFO| LobProjectile 0 / 81 (max 10) (224kb)
2026-03-15 22:26:27 [MainThread      ]                 Pool.h:210   INFO| ArcProjectile 0 / 81 (max 13) (223kb)
2026-03-15 22:26:27 [MainThread      ]                 Pool.h:210   INFO| InstantProjectile 0 / 108 (max 10) (295kb)
2026-03-15 22:26:27 [MainThread      ]                 Pool.h:210   INFO| Effect 0 / 256 (max 52) (79kb)
2026-03-15 22:26:27 [MainThread      ]    ProgressManager.cpp:1106  INFO| Lua::Save() : 0.003210 s
2026-03-15 22:26:27 [MainThread      ]    ProgressManager.cpp:1038  INFO| GatherSaveData : 0.004096 s
2026-03-15 22:26:27 [MainThread      ]     BinarySaveData.cpp:42    INFO| PrepareForWrite dataSize = 247098 bytes
2026-03-15 22:26:27 [MainThread      ]     BinarySaveData.cpp:47    INFO| PrepareForWrite checksum = 4a12366d bytes
2026-03-15 22:26:27 [MainThread      ]   GameAssetManager.cpp:894   INFO| Unloading: WeaponBlink
2026-03-15 22:26:27 [MainThread      ]   GameAssetManager.cpp:899   INFO| 	WeaponBlink bank: 0.00 ms
2026-03-15 22:26:27 [MainThread      ]   GameAssetManager.cpp:906   INFO| 	WeaponBlink package: 0.03 ms
2026-03-15 22:26:27 [MainThread      ]   GameAssetManager.cpp:894   INFO| Unloading: WeaponCast
2026-03-15 22:26:27 [MainThread      ]   GameAssetManager.cpp:899   INFO| 	WeaponCast bank: 0.00 ms
2026-03-15 22:26:27 [SmallTaskScheduler]     BinarySaveData.cpp:17    INFO| Writing 247098 bytes
2026-03-15 22:26:27 [MainThread      ]   GameAssetManager.cpp:906   INFO| 	WeaponCast package: 0.88 ms
2026-03-15 22:26:27 [MainThread      ]   GameAssetManager.cpp:894   INFO| Unloading: WeaponAxe
2026-03-15 22:26:27 [MainThread      ]   GameAssetManager.cpp:899   INFO| 	WeaponAxe bank: 0.00 ms
2026-03-15 22:26:27 [MainThread      ]   GameAssetManager.cpp:906   INFO| 	WeaponAxe package: 0.35 ms
2026-03-15 22:26:27 [MainThread      ]   GameAssetManager.cpp:894   INFO| Unloading: BiomeHub
2026-03-15 22:26:27 [MainThread      ]   GameAssetManager.cpp:899   INFO| 	BiomeHub bank: 0.00 ms
2026-03-15 22:26:27 [MainThread      ]   GameAssetManager.cpp:906   INFO| 	BiomeHub package: 5.01 ms
2026-03-15 22:26:27 [MainThread      ]   GameAssetManager.cpp:894   INFO| Unloading: FrogFamiliar
2026-03-15 22:26:27 [MainThread      ]   GameAssetManager.cpp:899   INFO| 	FrogFamiliar bank: 0.00 ms
2026-03-15 22:26:27 [MainThread      ]   GameAssetManager.cpp:906   INFO| 	FrogFamiliar package: 0.01 ms
2026-03-15 22:26:27 [MainThread      ]   GameAssetManager.cpp:894   INFO| Unloading: PolecatFamiliar
2026-03-15 22:26:27 [MainThread      ]   GameAssetManager.cpp:899   INFO| 	PolecatFamiliar bank: 0.00 ms
2026-03-15 22:26:27 [MainThread      ]   GameAssetManager.cpp:906   INFO| 	PolecatFamiliar package: 0.00 ms
2026-03-15 22:26:27 [MainThread      ]   GameAssetManager.cpp:894   INFO| Unloading: HoundFamiliar
2026-03-15 22:26:27 [MainThread      ]   GameAssetManager.cpp:899   INFO| 	HoundFamiliar bank: 0.00 ms
2026-03-15 22:26:27 [MainThread      ]   GameAssetManager.cpp:906   INFO| 	HoundFamiliar package: 0.00 ms
2026-03-15 22:26:27 [MainThread      ]   GameAssetManager.cpp:894   INFO| Unloading: Moros
2026-03-15 22:26:27 [MainThread      ]   GameAssetManager.cpp:899   INFO| 	Moros bank: 0.00 ms
2026-03-15 22:26:27 [MainThread      ]   GameAssetManager.cpp:906   INFO| 	Moros package: 0.12 ms
2026-03-15 22:26:27 [MainThread      ]   GameAssetManager.cpp:894   INFO| Unloading: Odysseus
2026-03-15 22:26:27 [MainThread      ]   GameAssetManager.cpp:899   INFO| 	Odysseus bank: 0.00 ms
2026-03-15 22:26:27 [MainThread      ]   GameAssetManager.cpp:906   INFO| 	Odysseus package: 0.11 ms
2026-03-15 22:26:27 [MainThread      ]   GameAssetManager.cpp:894   INFO| Unloading: Hypnos
2026-03-15 22:26:27 [MainThread      ]   GameAssetManager.cpp:899   INFO| 	Hypnos bank: 0.00 ms
2026-03-15 22:26:27 [MainThread      ]   GameAssetManager.cpp:906   INFO| 	Hypnos package: 0.17 ms
2026-03-15 22:26:27 [MainThread      ]   GameAssetManager.cpp:894   INFO| Unloading: Hecate
2026-03-15 22:26:27 [MainThread      ]   GameAssetManager.cpp:899   INFO| 	Hecate bank: 0.00 ms
2026-03-15 22:26:27 [MainThread      ]   GameAssetManager.cpp:906   INFO| 	Hecate package: 0.12 ms
2026-03-15 22:26:27 [MainThread      ]   GameAssetManager.cpp:894   INFO| Unloading: Dora
2026-03-15 22:26:27 [MainThread      ]   GameAssetManager.cpp:899   INFO| 	Dora bank: 0.00 ms
2026-03-15 22:26:27 [MainThread      ]   GameAssetManager.cpp:906   INFO| 	Dora package: 0.15 ms
2026-03-15 22:26:27 [MainThread      ]   GameAssetManager.cpp:894   INFO| Unloading: Eris
2026-03-15 22:26:27 [MainThread      ]   GameAssetManager.cpp:899   INFO| 	Eris bank: 0.00 ms
2026-03-15 22:26:27 [MainThread      ]   GameAssetManager.cpp:906   INFO| 	Eris package: 0.12 ms
2026-03-15 22:26:27 [MainThread      ]   GameAssetManager.cpp:894   INFO| Unloading: Charon
2026-03-15 22:26:27 [MainThread      ]   GameAssetManager.cpp:899   INFO| 	Charon bank: 0.00 ms
2026-03-15 22:26:27 [MainThread      ]   GameAssetManager.cpp:906   INFO| 	Charon package: 0.10 ms
2026-03-15 22:26:27 [MainThread      ]   GameAssetManager.cpp:894   INFO| Unloading: Skelly
2026-03-15 22:26:27 [MainThread      ]   GameAssetManager.cpp:899   INFO| 	Skelly bank: 0.00 ms
2026-03-15 22:26:27 [MainThread      ]   GameAssetManager.cpp:906   INFO| 	Skelly package: 0.07 ms
2026-03-15 22:26:27 [MainThread      ]   GameAssetManager.cpp:894   INFO| Unloading: WeaponStaffSwing
2026-03-15 22:26:27 [MainThread      ]   GameAssetManager.cpp:899   INFO| 	WeaponStaffSwing bank: 0.00 ms
2026-03-15 22:26:27 [MainThread      ]   GameAssetManager.cpp:906   INFO| 	WeaponStaffSwing package: 0.61 ms
2026-03-15 22:26:27 [MainThread      ]   GameAssetManager.cpp:894   INFO| Unloading: WeaponDagger
2026-03-15 22:26:27 [MainThread      ]   GameAssetManager.cpp:899   INFO| 	WeaponDagger bank: 0.00 ms
2026-03-15 22:26:27 [MainThread      ]   GameAssetManager.cpp:906   INFO| 	WeaponDagger package: 0.14 ms
2026-03-15 22:26:27 [MainThread      ]   GameAssetManager.cpp:894   INFO| Unloading: WeaponTorch
2026-03-15 22:26:27 [MainThread      ]   GameAssetManager.cpp:899   INFO| 	WeaponTorch bank: 0.00 ms
2026-03-15 22:26:27 [MainThread      ]   GameAssetManager.cpp:906   INFO| 	WeaponTorch package: 0.51 ms
2026-03-15 22:26:27 [MainThread      ]   GameAssetManager.cpp:894   INFO| Unloading: WeaponLob
2026-03-15 22:26:27 [MainThread      ]   GameAssetManager.cpp:899   INFO| 	WeaponLob bank: 0.00 ms
2026-03-15 22:26:27 [MainThread      ]   GameAssetManager.cpp:906   INFO| 	WeaponLob package: 0.26 ms
2026-03-15 22:26:27 [MainThread      ]   GameAssetManager.cpp:894   INFO| Unloading: WeaponSuit
2026-03-15 22:26:27 [MainThread      ]   GameAssetManager.cpp:899   INFO| 	WeaponSuit bank: 0.00 ms
2026-03-15 22:26:27 [MainThread      ]   GameAssetManager.cpp:906   INFO| 	WeaponSuit package: 0.51 ms
2026-03-15 22:26:27 [MainThread      ]   GameAssetManager.cpp:894   INFO| Unloading: CatFamiliar
2026-03-15 22:26:27 [MainThread      ]   GameAssetManager.cpp:899   INFO| 	CatFamiliar bank: 0.00 ms
2026-03-15 22:26:27 [MainThread      ]   GameAssetManager.cpp:906   INFO| 	CatFamiliar package: 0.00 ms
2026-03-15 22:26:27 [MainThread      ]   GameAssetManager.cpp:894   INFO| Unloading: RavenFamiliar
2026-03-15 22:26:27 [MainThread      ]   GameAssetManager.cpp:899   INFO| 	RavenFamiliar bank: 0.00 ms
2026-03-15 22:26:27 [MainThread      ]   GameAssetManager.cpp:906   INFO| 	RavenFamiliar package: 0.01 ms
2026-03-15 22:26:27 [MainThread      ]              World.cpp:1435  INFO| Finished World::Begin (0.024534 seconds)
2026-03-15 22:26:27 [LoadTaskScheduler]              World.cpp:1263  INFO| Started loadMapDataTask (F_Opening02)
2026-03-15 22:26:27 [LoadTaskScheduler]              World.cpp:1298  INFO| Started preScriptLoadTask
2026-03-15 22:26:27 [LoadTaskScheduler]              World.cpp:1304  INFO| Finished preScriptLoadTask (0.000000 seconds)
2026-03-15 22:26:27 [LoadTaskScheduler]              World.cpp:1313  INFO| Started loadPackagesTask
2026-03-15 22:26:27 [LoadTaskScheduler]   GameAssetManager.cpp:668   INFO| Loading package: BiomeF.pkg
2026-03-15 22:26:27 [LoadTaskScheduler]   GameAssetManager.cpp:581   INFO| Start reading manifest BiomeF
2026-03-15 22:26:27 [LoadTaskScheduler]   GameAssetManager.cpp:642   INFO| Done reading manifest BiomeF
2026-03-15 22:26:27 [LoadTaskScheduler]     BinaryLoadData.cpp:12    INFO| Reading 303004 bytes
2026-03-15 22:26:27 [LoadTaskScheduler]              World.cpp:1292  INFO| Finished loadMapDataTask (0.015704 seconds)
2026-03-15 22:26:27 [LoadTaskScheduler]              World.cpp:1324  INFO| Started postLoadTask
2026-03-15 22:26:27 [LoadTaskScheduler]   GameAssetManager.cpp:697   INFO| Package Loaded: BiomeF 259Mb in 0.11s
2026-03-15 22:26:27 [LoadTaskScheduler]       AudioManager.cpp:966   INFO| Loading bank: BiomeF
2026-03-15 22:26:27 [LoadTaskScheduler]       AudioManager.cpp:981   INFO| Audio bank loaded successfully: BiomeF (13Mb in 0.04s)
2026-03-15 22:26:27 [LoadTaskScheduler]              World.cpp:1317  INFO| Finished loadPackagesTask (0.157441 seconds)
2026-03-15 22:26:27 [LoadTaskScheduler]              World.cpp:1334  INFO| Done waiting for packages and pre-scripts task
2026-03-15 22:26:27 [LoadTaskScheduler]              World.cpp:1341  INFO| Calling PostLoad
2026-03-15 22:26:27 [LoadTaskScheduler]       AudioManager.cpp:1273  INFO| Unloaded Voice bank: ZagreusKeepsake in 0.00s
2026-03-15 22:26:27 [LoadTaskScheduler]       AudioManager.cpp:1273  INFO| Unloaded Voice bank: CirceKeepsake in 0.00s
2026-03-15 22:26:27 [LoadTaskScheduler]       AudioManager.cpp:1273  INFO| Unloaded Voice bank: HeraclesKeepsake in 0.00s
2026-03-15 22:26:27 [LoadTaskScheduler]       AudioManager.cpp:1273  INFO| Unloaded Voice bank: EchoKeepsake in 0.00s
2026-03-15 22:26:27 [LoadTaskScheduler]       AudioManager.cpp:1273  INFO| Unloaded Voice bank: ChaosKeepsake in 0.00s
2026-03-15 22:26:27 [LoadTaskScheduler]       AudioManager.cpp:1273  INFO| Unloaded Voice bank: PoseidonKeepsake in 0.00s
2026-03-15 22:26:27 [LoadTaskScheduler]       AudioManager.cpp:1273  INFO| Unloaded Voice bank: HestiaKeepsake in 0.00s
2026-03-15 22:26:27 [LoadTaskScheduler]       AudioManager.cpp:1273  INFO| Unloaded Voice bank: SeleneKeepsake in 0.00s
2026-03-15 22:26:27 [LoadTaskScheduler]       AudioManager.cpp:1273  INFO| Unloaded Voice bank: HecateKeepsake in 0.00s
2026-03-15 22:26:27 [LoadTaskScheduler]       AudioManager.cpp:1273  INFO| Unloaded Voice bank: PersephoneKeepsake in 0.00s
2026-03-15 22:26:27 [LoadTaskScheduler]       AudioManager.cpp:1273  INFO| Unloaded Voice bank: HephaestusKeepsake in 0.00s
2026-03-15 22:26:27 [LoadTaskScheduler]       AudioManager.cpp:1273  INFO| Unloaded Voice bank: SkellyKeepsake in 0.00s
2026-03-15 22:26:27 [LoadTaskScheduler]       AudioManager.cpp:1273  INFO| Unloaded Voice bank: ArtemisKeepsake in 0.00s
2026-03-15 22:26:27 [LoadTaskScheduler]       AudioManager.cpp:1273  INFO| Unloaded Voice bank: ErisKeepsake in 0.00s
2026-03-15 22:26:27 [LoadTaskScheduler]       AudioManager.cpp:1273  INFO| Unloaded Voice bank: ArachneKeepsake in 0.00s
2026-03-15 22:26:27 [LoadTaskScheduler]       AudioManager.cpp:1273  INFO| Unloaded Voice bank: IcarusKeepsake in 0.00s
2026-03-15 22:26:27 [LoadTaskScheduler]       AudioManager.cpp:1273  INFO| Unloaded Voice bank: AresKeepsake in 0.00s
2026-03-15 22:26:27 [LoadTaskScheduler]       AudioManager.cpp:1273  INFO| Unloaded Voice bank: DionysusKeepsake in 0.00s
2026-03-15 22:26:27 [LoadTaskScheduler]       AudioManager.cpp:1273  INFO| Unloaded Voice bank: ApolloKeepsake in 0.00s
2026-03-15 22:26:27 [LoadTaskScheduler]       AudioManager.cpp:1273  INFO| Unloaded Voice bank: AthenaKeepsake in 0.00s
2026-03-15 22:26:27 [LoadTaskScheduler]       AudioManager.cpp:1273  INFO| Unloaded Voice bank: Skelly in 0.00s
2026-03-15 22:26:27 [LoadTaskScheduler]       AudioManager.cpp:1273  INFO| Unloaded Voice bank: MedeaKeepsake in 0.00s
2026-03-15 22:26:27 [LoadTaskScheduler]       AudioManager.cpp:1273  INFO| Unloaded Voice bank: HermesKeepsake in 0.00s
2026-03-15 22:26:27 [LoadTaskScheduler]       AudioManager.cpp:1273  INFO| Unloaded Voice bank: ZeusKeepsake in 0.00s
2026-03-15 22:26:27 [LoadTaskScheduler]       AudioManager.cpp:1273  INFO| Unloaded Voice bank: Nyx in 0.00s
2026-03-15 22:26:27 [LoadTaskScheduler]       AudioManager.cpp:1273  INFO| Unloaded Voice bank: Selene in 0.00s
2026-03-15 22:26:27 [LoadTaskScheduler]       AudioManager.cpp:1273  INFO| Unloaded Voice bank: DoraKeepsake in 0.00s
2026-03-15 22:26:27 [LoadTaskScheduler]       AudioManager.cpp:1273  INFO| Unloaded Voice bank: NemesisKeepsake in 0.00s
2026-03-15 22:26:27 [LoadTaskScheduler]       AudioManager.cpp:1273  INFO| Unloaded Voice bank: ChronosKeepsake in 0.00s
2026-03-15 22:26:27 [LoadTaskScheduler]       AudioManager.cpp:1273  INFO| Unloaded Voice bank: AphroditeKeepsake in 0.00s
2026-03-15 22:26:27 [LoadTaskScheduler]       AudioManager.cpp:1273  INFO| Unloaded Voice bank: HeraKeepsake in 0.00s
2026-03-15 22:26:27 [LoadTaskScheduler]       AudioManager.cpp:1273  INFO| Unloaded Voice bank: NarcissusKeepsake in 0.00s
2026-03-15 22:26:27 [LoadTaskScheduler]       AudioManager.cpp:1273  INFO| Unloaded Voice bank: HadesKeepsake in 0.00s
2026-03-15 22:26:27 [LoadTaskScheduler]       AudioManager.cpp:1273  INFO| Unloaded Voice bank: MorosKeepsake in 0.00s
2026-03-15 22:26:27 [LoadTaskScheduler]       AudioManager.cpp:1273  INFO| Unloaded Voice bank: DemeterKeepsake in 0.00s
2026-03-15 22:26:27 [LoadTaskScheduler]       AudioManager.cpp:1273  INFO| Unloaded Voice bank: OdysseusKeepsake in 0.00s
2026-03-15 22:26:27 [LoadTaskScheduler]       AudioManager.cpp:1273  INFO| Unloaded Voice bank: Chaos in 0.00s
2026-03-15 22:26:27 [LoadTaskScheduler]       AudioManager.cpp:1273  INFO| Unloaded Voice bank: CharonKeepsake in 0.00s
2026-03-15 22:26:27 [LoadTaskScheduler]              World.cpp:1343  INFO| Finished PostLoad
2026-03-15 22:26:27 [LoadTaskScheduler]              World.cpp:1348  INFO| Finished postLoadTask (0.162276 seconds)
2026-03-15 22:26:28 [MainThread      ]              World.cpp:1359  INFO| Started loadScreen onExit
2026-03-15 22:26:28 [MainThread      ]      ScriptManager.cpp:1001  INFO| Lua GC took 0.06 seconds
2026-03-15 22:26:28 [MainThread      ]       AudioManager.cpp:1233  INFO| Voice bank loaded successfully: Selene (469 lines in 0.000535 seconds)
2026-03-15 22:26:28 [MainThread      ]   GameAssetManager.cpp:668   INFO| Loading package: Selene.pkg
2026-03-15 22:26:28 [MainThread      ]   GameAssetManager.cpp:581   INFO| Start reading manifest Selene
2026-03-15 22:26:28 [MainThread      ]   GameAssetManager.cpp:642   INFO| Done reading manifest Selene
2026-03-15 22:26:28 [MainThread      ]   GameAssetManager.cpp:697   INFO| Package Loaded: Selene 56Mb in 0.02s
2026-03-15 22:26:28 [MainThread      ]   GameAssetManager.cpp:668   INFO| Loading package: WeaponBlink.pkg
2026-03-15 22:26:28 [MainThread      ]   GameAssetManager.cpp:581   INFO| Start reading manifest WeaponBlink
2026-03-15 22:26:28 [MainThread      ]   GameAssetManager.cpp:642   INFO| Done reading manifest WeaponBlink
2026-03-15 22:26:28 [MainThread      ]   GameAssetManager.cpp:697   INFO| Package Loaded: WeaponBlink 2Mb in 0.00s
2026-03-15 22:26:28 [MainThread      ]       AudioManager.cpp:966   INFO| Loading bank: WeaponBlink
2026-03-15 22:26:28 [MainThread      ]       AudioManager.cpp:981   INFO| Audio bank loaded successfully: WeaponBlink (0Mb in 0.03s)
2026-03-15 22:26:28 [MainThread      ]   GameAssetManager.cpp:668   INFO| Loading package: WeaponCast.pkg
2026-03-15 22:26:28 [MainThread      ]   GameAssetManager.cpp:581   INFO| Start reading manifest WeaponCast
2026-03-15 22:26:28 [MainThread      ]   GameAssetManager.cpp:642   INFO| Done reading manifest WeaponCast
2026-03-15 22:26:28 [MainThread      ]   GameAssetManager.cpp:697   INFO| Package Loaded: WeaponCast 36Mb in 0.02s
2026-03-15 22:26:28 [MainThread      ]       AudioManager.cpp:966   INFO| Loading bank: WeaponCast
2026-03-15 22:26:28 [MainThread      ]       AudioManager.cpp:981   INFO| Audio bank loaded successfully: WeaponCast (0Mb in 0.04s)
2026-03-15 22:26:28 [MainThread      ]   GameAssetManager.cpp:668   INFO| Loading package: WeaponAxe.pkg
2026-03-15 22:26:28 [MainThread      ]   GameAssetManager.cpp:581   INFO| Start reading manifest WeaponAxe
2026-03-15 22:26:28 [MainThread      ]   GameAssetManager.cpp:642   INFO| Done reading manifest WeaponAxe
2026-03-15 22:26:28 [MainThread      ]   GameAssetManager.cpp:697   INFO| Package Loaded: WeaponAxe 13Mb in 0.01s
2026-03-15 22:26:28 [MainThread      ]       AudioManager.cpp:966   INFO| Loading bank: WeaponAxe
2026-03-15 22:26:28 [MainThread      ]       AudioManager.cpp:981   INFO| Audio bank loaded successfully: WeaponAxe (0Mb in 0.03s)
2026-03-15 22:26:28 [MainThread      ]   GameAssetManager.cpp:668   INFO| Loading package: RavenFamiliar.pkg
2026-03-15 22:26:28 [MainThread      ]   GameAssetManager.cpp:581   INFO| Start reading manifest RavenFamiliar
2026-03-15 22:26:28 [MainThread      ]   GameAssetManager.cpp:642   INFO| Done reading manifest RavenFamiliar
2026-03-15 22:26:28 [MainThread      ]   GameAssetManager.cpp:697   INFO| Package Loaded: RavenFamiliar 2Mb in 0.01s
2026-03-15 22:26:28 [MainThread      ]       AudioManager.cpp:966   INFO| Loading bank: RavenFamiliar
2026-03-15 22:26:28 [MainThread      ]       AudioManager.cpp:981   INFO| Audio bank loaded successfully: RavenFamiliar (0Mb in 0.03s)
2026-03-15 22:26:28 [MainThread      ]              World.cpp:1366  INFO| Finished loadScreen onExit (0.237167 seconds)
2026-03-15 22:26:36 [MainThread      ]     BinarySaveData.cpp:42    INFO| PrepareForWrite dataSize = 9 bytes
2026-03-15 22:26:36 [SmallTaskScheduler]     BinarySaveData.cpp:17    INFO| Writing 9 bytes
2026-03-15 22:26:58 [MainThread      ]   GameAssetManager.cpp:668   INFO| Loading package: WeaponSpellSummon.pkg
2026-03-15 22:26:58 [MainThread      ]   GameAssetManager.cpp:581   INFO| Start reading manifest WeaponSpellSummon
2026-03-15 22:26:58 [MainThread      ]   GameAssetManager.cpp:642   INFO| Done reading manifest WeaponSpellSummon
2026-03-15 22:26:58 [MainThread      ]   GameAssetManager.cpp:697   INFO| Package Loaded: WeaponSpellSummon 1Mb in 0.00s
2026-03-15 22:26:58 [MainThread      ]       AudioManager.cpp:966   INFO| Loading bank: WeaponSpellSummon
2026-03-15 22:26:58 [MainThread      ]       AudioManager.cpp:981   INFO| Audio bank loaded successfully: WeaponSpellSummon (0Mb in 0.03s)
2026-03-15 22:27:12 [MainThread      ]    ProgressManager.cpp:1106  INFO| Lua::Save() : 0.003776 s
2026-03-15 22:27:12 [MainThread      ]    ProgressManager.cpp:1038  INFO| GatherSaveData : 0.004704 s
2026-03-15 22:27:12 [MainThread      ]     BinarySaveData.cpp:42    INFO| PrepareForWrite dataSize = 253157 bytes
2026-03-15 22:27:12 [MainThread      ]     BinarySaveData.cpp:47    INFO| PrepareForWrite checksum = 9172cb1 bytes
2026-03-15 22:27:12 [MainThread      ]     BinarySaveData.cpp:42    INFO| PrepareForWrite dataSize = 9 bytes
2026-03-15 22:27:12 [SmallTaskScheduler]     BinarySaveData.cpp:17    INFO| Writing 253157 bytes
2026-03-15 22:27:12 [SmallTaskScheduler]     BinarySaveData.cpp:17    INFO| Writing 9 bytes
2026-03-15 22:27:20 [MainThread      ]     BinarySaveData.cpp:42    INFO| PrepareForWrite dataSize = 9 bytes
2026-03-15 22:27:20 [MainThread      ]   GameAssetManager.cpp:894   INFO| Unloading: Selene
2026-03-15 22:27:20 [MainThread      ]   GameAssetManager.cpp:899   INFO| 	Selene bank: 0.00 ms
2026-03-15 22:27:20 [MainThread      ]   GameAssetManager.cpp:906   INFO| 	Selene package: 0.14 ms
2026-03-15 22:27:20 [SmallTaskScheduler]     BinarySaveData.cpp:17    INFO| Writing 9 bytes
2026-03-15 22:27:20 [MainThread      ]              World.cpp:1373  INFO| World::Begin() F_Opening02 -> F_Combat08
2026-03-15 22:27:20 [MainThread      ]                 Pool.h:210   INFO| Projectile 0 / 217 (max 32) (594kb)
2026-03-15 22:27:20 [MainThread      ]                 Pool.h:210   INFO| HomingProjectile 0 / 108 (max 47) (297kb)
2026-03-15 22:27:20 [MainThread      ]                 Pool.h:210   INFO| BeamProjectile 0 / 81 (max 3) (225kb)
2026-03-15 22:27:20 [MainThread      ]                 Pool.h:210   INFO| LobProjectile 0 / 81 (max 10) (224kb)
2026-03-15 22:27:20 [MainThread      ]                 Pool.h:210   INFO| ArcProjectile 0 / 81 (max 13) (223kb)
2026-03-15 22:27:20 [MainThread      ]                 Pool.h:210   INFO| InstantProjectile 0 / 108 (max 10) (295kb)
2026-03-15 22:27:20 [MainThread      ]                 Pool.h:210   INFO| Effect 0 / 256 (max 52) (79kb)
2026-03-15 22:27:20 [MainThread      ]    ProgressManager.cpp:1106  INFO| Lua::Save() : 0.003434 s
2026-03-15 22:27:20 [MainThread      ]    ProgressManager.cpp:1038  INFO| GatherSaveData : 0.004362 s
2026-03-15 22:27:20 [MainThread      ]     BinarySaveData.cpp:42    INFO| PrepareForWrite dataSize = 260699 bytes
2026-03-15 22:27:20 [MainThread      ]     BinarySaveData.cpp:47    INFO| PrepareForWrite checksum = c4997af7 bytes
2026-03-15 22:27:20 [MainThread      ]              World.cpp:1435  INFO| Finished World::Begin (0.012213 seconds)
2026-03-15 22:27:20 [LoadTaskScheduler]              World.cpp:1263  INFO| Started loadMapDataTask (F_Combat08)
2026-03-15 22:27:20 [LoadTaskScheduler]              World.cpp:1298  INFO| Started preScriptLoadTask
2026-03-15 22:27:20 [LoadTaskScheduler]              World.cpp:1304  INFO| Finished preScriptLoadTask (0.000000 seconds)
2026-03-15 22:27:20 [SmallTaskScheduler]     BinarySaveData.cpp:17    INFO| Writing 260699 bytes
2026-03-15 22:27:20 [LoadTaskScheduler]              World.cpp:1313  INFO| Started loadPackagesTask
2026-03-15 22:27:20 [LoadTaskScheduler]              World.cpp:1317  INFO| Finished loadPackagesTask (0.000003 seconds)
2026-03-15 22:27:20 [LoadTaskScheduler]              World.cpp:1324  INFO| Started postLoadTask
2026-03-15 22:27:20 [LoadTaskScheduler]              World.cpp:1334  INFO| Done waiting for packages and pre-scripts task
2026-03-15 22:27:20 [LoadTaskScheduler]     BinaryLoadData.cpp:12    INFO| Reading 171272 bytes
2026-03-15 22:27:20 [LoadTaskScheduler]              World.cpp:1292  INFO| Finished loadMapDataTask (0.014382 seconds)
2026-03-15 22:27:20 [LoadTaskScheduler]              World.cpp:1341  INFO| Calling PostLoad
2026-03-15 22:27:20 [LoadTaskScheduler]       AudioManager.cpp:1273  INFO| Unloaded Voice bank: Selene in 0.00s
2026-03-15 22:27:20 [LoadTaskScheduler]              World.cpp:1343  INFO| Finished PostLoad
2026-03-15 22:27:20 [LoadTaskScheduler]              World.cpp:1348  INFO| Finished postLoadTask (0.029010 seconds)
2026-03-15 22:27:20 [MainThread      ]              World.cpp:1359  INFO| Started loadScreen onExit
2026-03-15 22:27:20 [MainThread      ]      ScriptManager.cpp:1001  INFO| Lua GC took 0.04 seconds
2026-03-15 22:27:20 [MainThread      ]       AudioManager.cpp:1233  INFO| Voice bank loaded successfully: Selene (469 lines in 0.000660 seconds)
2026-03-15 22:27:20 [MainThread      ]              World.cpp:1366  INFO| Finished loadScreen onExit (0.048767 seconds)
2026-03-15 22:27:38 [MainThread      ]    ProgressManager.cpp:1106  INFO| Lua::Save() : 0.003898 s
2026-03-15 22:27:38 [MainThread      ]    ProgressManager.cpp:1038  INFO| GatherSaveData : 0.004838 s
2026-03-15 22:27:38 [MainThread      ]     BinarySaveData.cpp:42    INFO| PrepareForWrite dataSize = 261686 bytes
2026-03-15 22:27:38 [MainThread      ]     BinarySaveData.cpp:47    INFO| PrepareForWrite checksum = 25dda8d2 bytes
2026-03-15 22:27:38 [MainThread      ]     BinarySaveData.cpp:42    INFO| PrepareForWrite dataSize = 9 bytes
2026-03-15 22:27:38 [SmallTaskScheduler]     BinarySaveData.cpp:17    INFO| Writing 261686 bytes
2026-03-15 22:27:38 [SmallTaskScheduler]     BinarySaveData.cpp:17    INFO| Writing 9 bytes
2026-03-15 22:27:45 [MainThread      ]     BinarySaveData.cpp:42    INFO| PrepareForWrite dataSize = 9 bytes
2026-03-15 22:27:45 [SmallTaskScheduler]     BinarySaveData.cpp:17    INFO| Writing 9 bytes
2026-03-15 22:27:46 [MainThread      ]              World.cpp:1373  INFO| World::Begin() F_Combat08 -> F_Combat19
2026-03-15 22:27:46 [MainThread      ]                 Pool.h:210   INFO| Projectile 0 / 217 (max 32) (594kb)
2026-03-15 22:27:46 [MainThread      ]                 Pool.h:210   INFO| HomingProjectile 0 / 108 (max 47) (297kb)
2026-03-15 22:27:46 [MainThread      ]                 Pool.h:210   INFO| BeamProjectile 0 / 81 (max 3) (225kb)
2026-03-15 22:27:46 [MainThread      ]                 Pool.h:210   INFO| LobProjectile 0 / 81 (max 10) (224kb)
2026-03-15 22:27:46 [MainThread      ]                 Pool.h:210   INFO| ArcProjectile 0 / 81 (max 13) (223kb)
2026-03-15 22:27:46 [MainThread      ]                 Pool.h:210   INFO| InstantProjectile 0 / 108 (max 10) (295kb)
2026-03-15 22:27:46 [MainThread      ]                 Pool.h:210   INFO| Effect 0 / 256 (max 52) (79kb)
2026-03-15 22:27:46 [MainThread      ]    ProgressManager.cpp:1106  INFO| Lua::Save() : 0.003611 s
2026-03-15 22:27:46 [MainThread      ]    ProgressManager.cpp:1038  INFO| GatherSaveData : 0.004533 s
2026-03-15 22:27:46 [MainThread      ]     BinarySaveData.cpp:42    INFO| PrepareForWrite dataSize = 257784 bytes
2026-03-15 22:27:46 [MainThread      ]     BinarySaveData.cpp:47    INFO| PrepareForWrite checksum = 92659e5d bytes
2026-03-15 22:27:46 [MainThread      ]              World.cpp:1435  INFO| Finished World::Begin (0.009355 seconds)
2026-03-15 22:27:46 [LoadTaskScheduler]              World.cpp:1298  INFO| Started preScriptLoadTask
2026-03-15 22:27:46 [LoadTaskScheduler]              World.cpp:1304  INFO| Finished preScriptLoadTask (0.000000 seconds)
2026-03-15 22:27:46 [LoadTaskScheduler]              World.cpp:1313  INFO| Started loadPackagesTask
2026-03-15 22:27:46 [LoadTaskScheduler]              World.cpp:1263  INFO| Started loadMapDataTask (F_Combat19)
2026-03-15 22:27:46 [LoadTaskScheduler]              World.cpp:1317  INFO| Finished loadPackagesTask (0.000002 seconds)
2026-03-15 22:27:46 [LoadTaskScheduler]              World.cpp:1324  INFO| Started postLoadTask
2026-03-15 22:27:46 [LoadTaskScheduler]              World.cpp:1334  INFO| Done waiting for packages and pre-scripts task
2026-03-15 22:27:46 [SmallTaskScheduler]     BinarySaveData.cpp:17    INFO| Writing 257784 bytes
2026-03-15 22:27:46 [LoadTaskScheduler]     BinaryLoadData.cpp:12    INFO| Reading 233535 bytes
2026-03-15 22:27:46 [LoadTaskScheduler]              World.cpp:1292  INFO| Finished loadMapDataTask (0.013708 seconds)
2026-03-15 22:27:46 [LoadTaskScheduler]              World.cpp:1341  INFO| Calling PostLoad
2026-03-15 22:27:46 [LoadTaskScheduler]       AudioManager.cpp:1273  INFO| Unloaded Voice bank: Selene in 0.00s
2026-03-15 22:27:46 [LoadTaskScheduler]              World.cpp:1343  INFO| Finished PostLoad
2026-03-15 22:27:46 [LoadTaskScheduler]              World.cpp:1348  INFO| Finished postLoadTask (0.030583 seconds)
2026-03-15 22:27:46 [MainThread      ]              World.cpp:1359  INFO| Started loadScreen onExit
2026-03-15 22:27:46 [MainThread      ]      ScriptManager.cpp:1001  INFO| Lua GC took 0.04 seconds
2026-03-15 22:27:46 [MainThread      ]              World.cpp:1366  INFO| Finished loadScreen onExit (0.047879 seconds)
2026-03-15 22:27:59 [MainThread      ]    ProgressManager.cpp:1106  INFO| Lua::Save() : 0.003909 s
2026-03-15 22:27:59 [MainThread      ]    ProgressManager.cpp:1038  INFO| GatherSaveData : 0.005049 s
2026-03-15 22:27:59 [MainThread      ]     BinarySaveData.cpp:42    INFO| PrepareForWrite dataSize = 260097 bytes
2026-03-15 22:27:59 [MainThread      ]     BinarySaveData.cpp:47    INFO| PrepareForWrite checksum = 94ecc523 bytes
2026-03-15 22:27:59 [MainThread      ]     BinarySaveData.cpp:42    INFO| PrepareForWrite dataSize = 9 bytes
2026-03-15 22:27:59 [SmallTaskScheduler]     BinarySaveData.cpp:17    INFO| Writing 260097 bytes
2026-03-15 22:27:59 [SmallTaskScheduler]     BinarySaveData.cpp:17    INFO| Writing 9 bytes
2026-03-15 22:28:03 [MainThread      ]     BinarySaveData.cpp:42    INFO| PrepareForWrite dataSize = 9 bytes
2026-03-15 22:28:03 [SmallTaskScheduler]     BinarySaveData.cpp:17    INFO| Writing 9 bytes
2026-03-15 22:28:03 [MainThread      ]              World.cpp:1373  INFO| World::Begin() F_Combat19 -> F_Combat07
2026-03-15 22:28:03 [MainThread      ]                 Pool.h:210   INFO| Projectile 0 / 217 (max 32) (594kb)
2026-03-15 22:28:03 [MainThread      ]                 Pool.h:210   INFO| HomingProjectile 0 / 108 (max 47) (297kb)
2026-03-15 22:28:03 [MainThread      ]                 Pool.h:210   INFO| BeamProjectile 0 / 81 (max 3) (225kb)
2026-03-15 22:28:03 [MainThread      ]                 Pool.h:210   INFO| LobProjectile 0 / 81 (max 10) (224kb)
2026-03-15 22:28:03 [MainThread      ]                 Pool.h:210   INFO| ArcProjectile 0 / 81 (max 13) (223kb)
2026-03-15 22:28:03 [MainThread      ]                 Pool.h:210   INFO| InstantProjectile 0 / 108 (max 10) (295kb)
2026-03-15 22:28:03 [MainThread      ]                 Pool.h:210   INFO| Effect 0 / 256 (max 52) (79kb)
2026-03-15 22:28:03 [MainThread      ]    ProgressManager.cpp:1106  INFO| Lua::Save() : 0.003256 s
2026-03-15 22:28:03 [MainThread      ]    ProgressManager.cpp:1038  INFO| GatherSaveData : 0.004174 s
2026-03-15 22:28:03 [MainThread      ]     BinarySaveData.cpp:42    INFO| PrepareForWrite dataSize = 259088 bytes
2026-03-15 22:28:03 [MainThread      ]     BinarySaveData.cpp:47    INFO| PrepareForWrite checksum = 5dfce0e3 bytes
2026-03-15 22:28:03 [MainThread      ]              World.cpp:1435  INFO| Finished World::Begin (0.009874 seconds)
2026-03-15 22:28:03 [LoadTaskScheduler]              World.cpp:1263  INFO| Started loadMapDataTask (F_Combat07)
2026-03-15 22:28:03 [LoadTaskScheduler]              World.cpp:1298  INFO| Started preScriptLoadTask
2026-03-15 22:28:03 [LoadTaskScheduler]              World.cpp:1304  INFO| Finished preScriptLoadTask (0.000000 seconds)
2026-03-15 22:28:03 [LoadTaskScheduler]              World.cpp:1313  INFO| Started loadPackagesTask
2026-03-15 22:28:03 [LoadTaskScheduler]              World.cpp:1317  INFO| Finished loadPackagesTask (0.000003 seconds)
2026-03-15 22:28:03 [LoadTaskScheduler]              World.cpp:1324  INFO| Started postLoadTask
2026-03-15 22:28:03 [LoadTaskScheduler]              World.cpp:1334  INFO| Done waiting for packages and pre-scripts task
2026-03-15 22:28:03 [SmallTaskScheduler]     BinarySaveData.cpp:17    INFO| Writing 259088 bytes
2026-03-15 22:28:03 [LoadTaskScheduler]     BinaryLoadData.cpp:12    INFO| Reading 164923 bytes
2026-03-15 22:28:03 [LoadTaskScheduler]              World.cpp:1292  INFO| Finished loadMapDataTask (0.012697 seconds)
2026-03-15 22:28:03 [LoadTaskScheduler]              World.cpp:1341  INFO| Calling PostLoad
2026-03-15 22:28:03 [LoadTaskScheduler]              World.cpp:1343  INFO| Finished PostLoad
2026-03-15 22:28:03 [LoadTaskScheduler]              World.cpp:1348  INFO| Finished postLoadTask (0.023401 seconds)
2026-03-15 22:28:03 [MainThread      ]              World.cpp:1359  INFO| Started loadScreen onExit
2026-03-15 22:28:03 [MainThread      ]      ScriptManager.cpp:1001  INFO| Lua GC took 0.04 seconds
2026-03-15 22:28:03 [MainThread      ]       AudioManager.cpp:1233  INFO| Voice bank loaded successfully: Poseidon (325 lines in 0.010958 seconds)
2026-03-15 22:28:03 [MainThread      ]   GameAssetManager.cpp:668   INFO| Loading package: Poseidon.pkg
2026-03-15 22:28:03 [MainThread      ]   GameAssetManager.cpp:581   INFO| Start reading manifest Poseidon
2026-03-15 22:28:03 [MainThread      ]   GameAssetManager.cpp:642   INFO| Done reading manifest Poseidon
2026-03-15 22:28:03 [MainThread      ]   GameAssetManager.cpp:697   INFO| Package Loaded: Poseidon 47Mb in 0.01s
2026-03-15 22:28:03 [MainThread      ]   GameAssetManager.cpp:668   INFO| Loading package: PoseidonUpgrade.pkg
2026-03-15 22:28:03 [MainThread      ]       AudioManager.cpp:1233  INFO| Voice bank loaded successfully: Chaos (353 lines in 0.000626 seconds)
2026-03-15 22:28:03 [MainThread      ]              World.cpp:1366  INFO| Finished loadScreen onExit (0.073088 seconds)
2026-03-15 22:28:23 [MainThread      ]   GameAssetManager.cpp:668   INFO| Loading package: PoseidonUpgrade.pkg
2026-03-15 22:29:12 [MainThread      ]     BinarySaveData.cpp:42    INFO| PrepareForWrite dataSize = 9 bytes
2026-03-15 22:29:12 [SmallTaskScheduler]     BinarySaveData.cpp:17    INFO| Writing 9 bytes
2026-03-15 22:29:20 [MainThread      ]    ProgressManager.cpp:1106  INFO| Lua::Save() : 0.003738 s
2026-03-15 22:29:20 [MainThread      ]    ProgressManager.cpp:1038  INFO| GatherSaveData : 0.004708 s
2026-03-15 22:29:20 [MainThread      ]     BinarySaveData.cpp:42    INFO| PrepareForWrite dataSize = 264699 bytes
2026-03-15 22:29:20 [MainThread      ]     BinarySaveData.cpp:47    INFO| PrepareForWrite checksum = a0449c6e bytes
2026-03-15 22:29:20 [MainThread      ]     BinarySaveData.cpp:42    INFO| PrepareForWrite dataSize = 9 bytes
2026-03-15 22:29:20 [SmallTaskScheduler]     BinarySaveData.cpp:17    INFO| Writing 264699 bytes
2026-03-15 22:29:20 [SmallTaskScheduler]     BinarySaveData.cpp:17    INFO| Writing 9 bytes
2026-03-15 22:29:27 [MainThread      ]     BinarySaveData.cpp:42    INFO| PrepareForWrite dataSize = 9 bytes
2026-03-15 22:29:27 [MainThread      ]   GameAssetManager.cpp:894   INFO| Unloading: Poseidon
2026-03-15 22:29:27 [MainThread      ]   GameAssetManager.cpp:899   INFO| 	Poseidon bank: 0.00 ms
2026-03-15 22:29:27 [MainThread      ]   GameAssetManager.cpp:906   INFO| 	Poseidon package: 0.12 ms
2026-03-15 22:29:27 [SmallTaskScheduler]     BinarySaveData.cpp:17    INFO| Writing 9 bytes
2026-03-15 22:29:27 [MainThread      ]              World.cpp:1373  INFO| World::Begin() F_Combat07 -> Chaos_01
2026-03-15 22:29:27 [MainThread      ]                 Pool.h:210   INFO| Projectile 0 / 217 (max 32) (594kb)
2026-03-15 22:29:27 [MainThread      ]                 Pool.h:210   INFO| HomingProjectile 0 / 108 (max 47) (297kb)
2026-03-15 22:29:27 [MainThread      ]                 Pool.h:210   INFO| BeamProjectile 0 / 81 (max 3) (225kb)
2026-03-15 22:29:27 [MainThread      ]                 Pool.h:210   INFO| LobProjectile 0 / 81 (max 10) (224kb)
2026-03-15 22:29:27 [MainThread      ]                 Pool.h:210   INFO| ArcProjectile 0 / 81 (max 13) (223kb)
2026-03-15 22:29:27 [MainThread      ]                 Pool.h:210   INFO| InstantProjectile 0 / 108 (max 10) (295kb)
2026-03-15 22:29:27 [MainThread      ]                 Pool.h:210   INFO| Effect 0 / 256 (max 52) (79kb)
2026-03-15 22:29:27 [MainThread      ]    ProgressManager.cpp:1106  INFO| Lua::Save() : 0.004022 s
2026-03-15 22:29:27 [MainThread      ]    ProgressManager.cpp:1038  INFO| GatherSaveData : 0.005083 s
2026-03-15 22:29:27 [MainThread      ]     BinarySaveData.cpp:42    INFO| PrepareForWrite dataSize = 261765 bytes
2026-03-15 22:29:27 [MainThread      ]     BinarySaveData.cpp:47    INFO| PrepareForWrite checksum = b2a81ea6 bytes
2026-03-15 22:29:27 [MainThread      ]   GameAssetManager.cpp:894   INFO| Unloading: WeaponCast
2026-03-15 22:29:27 [MainThread      ]   GameAssetManager.cpp:899   INFO| 	WeaponCast bank: 0.00 ms
2026-03-15 22:29:27 [SmallTaskScheduler]     BinarySaveData.cpp:17    INFO| Writing 261765 bytes
2026-03-15 22:29:27 [MainThread      ]   GameAssetManager.cpp:906   INFO| 	WeaponCast package: 0.88 ms
2026-03-15 22:29:27 [MainThread      ]   GameAssetManager.cpp:894   INFO| Unloading: WeaponAxe
2026-03-15 22:29:27 [MainThread      ]   GameAssetManager.cpp:899   INFO| 	WeaponAxe bank: 0.00 ms
2026-03-15 22:29:27 [MainThread      ]   GameAssetManager.cpp:906   INFO| 	WeaponAxe package: 0.32 ms
2026-03-15 22:29:27 [MainThread      ]   GameAssetManager.cpp:894   INFO| Unloading: WeaponBlink
2026-03-15 22:29:27 [MainThread      ]   GameAssetManager.cpp:899   INFO| 	WeaponBlink bank: 0.00 ms
2026-03-15 22:29:27 [MainThread      ]   GameAssetManager.cpp:906   INFO| 	WeaponBlink package: 0.07 ms
2026-03-15 22:29:27 [MainThread      ]   GameAssetManager.cpp:894   INFO| Unloading: WeaponSpellSummon
2026-03-15 22:29:27 [MainThread      ]   GameAssetManager.cpp:899   INFO| 	WeaponSpellSummon bank: 0.00 ms
2026-03-15 22:29:27 [MainThread      ]   GameAssetManager.cpp:906   INFO| 	WeaponSpellSummon package: 0.01 ms
2026-03-15 22:29:27 [MainThread      ]   GameAssetManager.cpp:894   INFO| Unloading: BiomeF
2026-03-15 22:29:27 [MainThread      ]   GameAssetManager.cpp:899   INFO| 	BiomeF bank: 0.00 ms
2026-03-15 22:29:27 [MainThread      ]   GameAssetManager.cpp:906   INFO| 	BiomeF package: 2.04 ms
2026-03-15 22:29:27 [MainThread      ]   GameAssetManager.cpp:894   INFO| Unloading: RavenFamiliar
2026-03-15 22:29:27 [MainThread      ]   GameAssetManager.cpp:899   INFO| 	RavenFamiliar bank: 0.00 ms
2026-03-15 22:29:27 [MainThread      ]   GameAssetManager.cpp:906   INFO| 	RavenFamiliar package: 0.02 ms
2026-03-15 22:29:27 [MainThread      ]              World.cpp:1435  INFO| Finished World::Begin (0.013227 seconds)
2026-03-15 22:29:27 [LoadTaskScheduler]              World.cpp:1263  INFO| Started loadMapDataTask (Chaos_01)
2026-03-15 22:29:27 [LoadTaskScheduler]              World.cpp:1298  INFO| Started preScriptLoadTask
2026-03-15 22:29:27 [LoadTaskScheduler]              World.cpp:1304  INFO| Finished preScriptLoadTask (0.000000 seconds)
2026-03-15 22:29:27 [LoadTaskScheduler]              World.cpp:1313  INFO| Started loadPackagesTask
2026-03-15 22:29:27 [LoadTaskScheduler]   GameAssetManager.cpp:668   INFO| Loading package: BiomeChaos.pkg
2026-03-15 22:29:27 [LoadTaskScheduler]   GameAssetManager.cpp:581   INFO| Start reading manifest BiomeChaos
2026-03-15 22:29:27 [LoadTaskScheduler]   GameAssetManager.cpp:642   INFO| Done reading manifest BiomeChaos
2026-03-15 22:29:27 [LoadTaskScheduler]     BinaryLoadData.cpp:12    INFO| Reading 94155 bytes
2026-03-15 22:29:27 [LoadTaskScheduler]              World.cpp:1292  INFO| Finished loadMapDataTask (0.013309 seconds)
2026-03-15 22:29:27 [LoadTaskScheduler]              World.cpp:1324  INFO| Started postLoadTask
2026-03-15 22:29:27 [LoadTaskScheduler]   GameAssetManager.cpp:697   INFO| Package Loaded: BiomeChaos 70Mb in 0.02s
2026-03-15 22:29:27 [LoadTaskScheduler]       AudioManager.cpp:966   INFO| Loading bank: BiomeChaos
2026-03-15 22:29:27 [LoadTaskScheduler]       AudioManager.cpp:981   INFO| Audio bank loaded successfully: BiomeChaos (0Mb in 0.03s)
2026-03-15 22:29:27 [LoadTaskScheduler]              World.cpp:1317  INFO| Finished loadPackagesTask (0.055354 seconds)
2026-03-15 22:29:27 [LoadTaskScheduler]              World.cpp:1334  INFO| Done waiting for packages and pre-scripts task
2026-03-15 22:29:27 [LoadTaskScheduler]              World.cpp:1341  INFO| Calling PostLoad
2026-03-15 22:29:27 [LoadTaskScheduler]   GameAssetManager.cpp:668   INFO| Loading package: PoseidonUpgrade.pkg
2026-03-15 22:29:27 [LoadTaskScheduler]       AudioManager.cpp:1273  INFO| Unloaded Voice bank: Poseidon in 0.00s
2026-03-15 22:29:27 [LoadTaskScheduler]       AudioManager.cpp:1273  INFO| Unloaded Voice bank: Chaos in 0.00s
2026-03-15 22:29:27 [LoadTaskScheduler]              World.cpp:1343  INFO| Finished PostLoad
2026-03-15 22:29:27 [LoadTaskScheduler]              World.cpp:1348  INFO| Finished postLoadTask (0.050594 seconds)
2026-03-15 22:29:27 [MainThread      ]              World.cpp:1359  INFO| Started loadScreen onExit
2026-03-15 22:29:27 [MainThread      ]      ScriptManager.cpp:1001  INFO| Lua GC took 0.04 seconds
2026-03-15 22:29:27 [MainThread      ]       AudioManager.cpp:1233  INFO| Voice bank loaded successfully: Chaos (353 lines in 0.000513 seconds)
2026-03-15 22:29:27 [MainThread      ]   GameAssetManager.cpp:668   INFO| Loading package: Chaos.pkg
2026-03-15 22:29:27 [MainThread      ]   GameAssetManager.cpp:581   INFO| Start reading manifest Chaos
2026-03-15 22:29:27 [MainThread      ]   GameAssetManager.cpp:642   INFO| Done reading manifest Chaos
2026-03-15 22:29:27 [MainThread      ]   GameAssetManager.cpp:697   INFO| Package Loaded: Chaos 56Mb in 0.01s
2026-03-15 22:29:27 [MainThread      ]   GameAssetManager.cpp:668   INFO| Loading package: TrialUpgrade.pkg
2026-03-15 22:29:27 [MainThread      ]   GameAssetManager.cpp:668   INFO| Loading package: WeaponBlink.pkg
2026-03-15 22:29:27 [MainThread      ]   GameAssetManager.cpp:581   INFO| Start reading manifest WeaponBlink
2026-03-15 22:29:27 [MainThread      ]   GameAssetManager.cpp:642   INFO| Done reading manifest WeaponBlink
2026-03-15 22:29:27 [MainThread      ]   GameAssetManager.cpp:697   INFO| Package Loaded: WeaponBlink 2Mb in 0.00s
2026-03-15 22:29:27 [MainThread      ]       AudioManager.cpp:966   INFO| Loading bank: WeaponBlink
2026-03-15 22:29:27 [MainThread      ]       AudioManager.cpp:981   INFO| Audio bank loaded successfully: WeaponBlink (0Mb in 0.02s)
2026-03-15 22:29:27 [MainThread      ]   GameAssetManager.cpp:668   INFO| Loading package: WeaponCast.pkg
2026-03-15 22:29:27 [MainThread      ]   GameAssetManager.cpp:581   INFO| Start reading manifest WeaponCast
2026-03-15 22:29:27 [MainThread      ]   GameAssetManager.cpp:642   INFO| Done reading manifest WeaponCast
2026-03-15 22:29:27 [MainThread      ]   GameAssetManager.cpp:697   INFO| Package Loaded: WeaponCast 36Mb in 0.01s
2026-03-15 22:29:27 [MainThread      ]       AudioManager.cpp:966   INFO| Loading bank: WeaponCast
2026-03-15 22:29:27 [MainThread      ]       AudioManager.cpp:981   INFO| Audio bank loaded successfully: WeaponCast (0Mb in 0.03s)
2026-03-15 22:29:27 [MainThread      ]   GameAssetManager.cpp:668   INFO| Loading package: WeaponAxe.pkg
2026-03-15 22:29:27 [MainThread      ]   GameAssetManager.cpp:581   INFO| Start reading manifest WeaponAxe
2026-03-15 22:29:27 [MainThread      ]   GameAssetManager.cpp:642   INFO| Done reading manifest WeaponAxe
2026-03-15 22:29:27 [MainThread      ]   GameAssetManager.cpp:697   INFO| Package Loaded: WeaponAxe 13Mb in 0.01s
2026-03-15 22:29:27 [MainThread      ]       AudioManager.cpp:966   INFO| Loading bank: WeaponAxe
2026-03-15 22:29:27 [MainThread      ]       AudioManager.cpp:981   INFO| Audio bank loaded successfully: WeaponAxe (0Mb in 0.03s)
2026-03-15 22:29:27 [MainThread      ]   GameAssetManager.cpp:668   INFO| Loading package: WeaponSpellSummon.pkg
2026-03-15 22:29:27 [MainThread      ]   GameAssetManager.cpp:581   INFO| Start reading manifest WeaponSpellSummon
2026-03-15 22:29:27 [MainThread      ]   GameAssetManager.cpp:642   INFO| Done reading manifest WeaponSpellSummon
2026-03-15 22:29:27 [MainThread      ]   GameAssetManager.cpp:697   INFO| Package Loaded: WeaponSpellSummon 1Mb in 0.00s
2026-03-15 22:29:27 [MainThread      ]       AudioManager.cpp:966   INFO| Loading bank: WeaponSpellSummon
2026-03-15 22:29:27 [MainThread      ]       AudioManager.cpp:981   INFO| Audio bank loaded successfully: WeaponSpellSummon (0Mb in 0.05s)
2026-03-15 22:29:27 [MainThread      ]   GameAssetManager.cpp:668   INFO| Loading package: RavenFamiliar.pkg
2026-03-15 22:29:27 [MainThread      ]   GameAssetManager.cpp:581   INFO| Start reading manifest RavenFamiliar
2026-03-15 22:29:27 [MainThread      ]   GameAssetManager.cpp:642   INFO| Done reading manifest RavenFamiliar
2026-03-15 22:29:27 [MainThread      ]   GameAssetManager.cpp:697   INFO| Package Loaded: RavenFamiliar 2Mb in 0.01s
2026-03-15 22:29:27 [MainThread      ]       AudioManager.cpp:966   INFO| Loading bank: RavenFamiliar
2026-03-15 22:29:27 [MainThread      ]       AudioManager.cpp:981   INFO| Audio bank loaded successfully: RavenFamiliar (0Mb in 0.03s)
2026-03-15 22:29:27 [MainThread      ]              World.cpp:1366  INFO| Finished loadScreen onExit (0.253688 seconds)
2026-03-15 22:29:28 [MainThread      ]   GameAssetManager.cpp:668   INFO| Loading package: TrialUpgrade.pkg
2026-03-15 22:29:55 [MainThread      ]            Program.cpp:512   INFO| Window Inactive
2026-03-15 22:30:01 [MainThread      ]            Program.cpp:492   INFO| Window Active
2026-03-15 22:30:01 [MainThread      ]            Program.cpp:492   INFO| Window Active
2026-03-15 22:30:43 [MainThread      ]     BinarySaveData.cpp:42    INFO| PrepareForWrite dataSize = 9 bytes
2026-03-15 22:30:43 [SmallTaskScheduler]     BinarySaveData.cpp:17    INFO| Writing 9 bytes
2026-03-15 22:31:03 [MainThread      ]     BinarySaveData.cpp:42    INFO| PrepareForWrite dataSize = 9 bytes
2026-03-15 22:31:03 [MainThread      ]   GameAssetManager.cpp:894   INFO| Unloading: Chaos
2026-03-15 22:31:03 [MainThread      ]   GameAssetManager.cpp:899   INFO| 	Chaos bank: 0.00 ms
2026-03-15 22:31:03 [MainThread      ]   GameAssetManager.cpp:906   INFO| 	Chaos package: 0.05 ms
2026-03-15 22:31:03 [SmallTaskScheduler]     BinarySaveData.cpp:17    INFO| Writing 9 bytes
2026-03-15 22:31:04 [MainThread      ]              World.cpp:1373  INFO| World::Begin() Chaos_01 -> F_MiniBoss01
2026-03-15 22:31:04 [MainThread      ]                 Pool.h:210   INFO| Projectile 0 / 217 (max 32) (594kb)
2026-03-15 22:31:04 [MainThread      ]                 Pool.h:210   INFO| HomingProjectile 0 / 108 (max 47) (297kb)
2026-03-15 22:31:04 [MainThread      ]                 Pool.h:210   INFO| BeamProjectile 0 / 81 (max 3) (225kb)
2026-03-15 22:31:04 [MainThread      ]                 Pool.h:210   INFO| LobProjectile 0 / 81 (max 10) (224kb)
2026-03-15 22:31:04 [MainThread      ]                 Pool.h:210   INFO| ArcProjectile 0 / 81 (max 13) (223kb)
2026-03-15 22:31:04 [MainThread      ]                 Pool.h:210   INFO| InstantProjectile 0 / 108 (max 10) (295kb)
2026-03-15 22:31:04 [MainThread      ]                 Pool.h:210   INFO| Effect 0 / 256 (max 52) (79kb)
2026-03-15 22:31:04 [MainThread      ]    ProgressManager.cpp:1106  INFO| Lua::Save() : 0.003655 s
2026-03-15 22:31:04 [MainThread      ]    ProgressManager.cpp:1038  INFO| GatherSaveData : 0.004585 s
2026-03-15 22:31:04 [MainThread      ]     BinarySaveData.cpp:42    INFO| PrepareForWrite dataSize = 263722 bytes
2026-03-15 22:31:04 [MainThread      ]     BinarySaveData.cpp:47    INFO| PrepareForWrite checksum = bcba4446 bytes
2026-03-15 22:31:04 [MainThread      ]   GameAssetManager.cpp:894   INFO| Unloading: WeaponCast
2026-03-15 22:31:04 [MainThread      ]   GameAssetManager.cpp:899   INFO| 	WeaponCast bank: 0.00 ms
2026-03-15 22:31:04 [SmallTaskScheduler]     BinarySaveData.cpp:17    INFO| Writing 263722 bytes
2026-03-15 22:31:04 [MainThread      ]   GameAssetManager.cpp:906   INFO| 	WeaponCast package: 0.70 ms
2026-03-15 22:31:04 [MainThread      ]   GameAssetManager.cpp:894   INFO| Unloading: WeaponAxe
2026-03-15 22:31:04 [MainThread      ]   GameAssetManager.cpp:899   INFO| 	WeaponAxe bank: 0.00 ms
2026-03-15 22:31:04 [MainThread      ]   GameAssetManager.cpp:906   INFO| 	WeaponAxe package: 0.30 ms
2026-03-15 22:31:04 [MainThread      ]   GameAssetManager.cpp:894   INFO| Unloading: WeaponSpellSummon
2026-03-15 22:31:04 [MainThread      ]   GameAssetManager.cpp:899   INFO| 	WeaponSpellSummon bank: 0.00 ms
2026-03-15 22:31:04 [MainThread      ]   GameAssetManager.cpp:906   INFO| 	WeaponSpellSummon package: 0.01 ms
2026-03-15 22:31:04 [MainThread      ]   GameAssetManager.cpp:894   INFO| Unloading: WeaponBlink
2026-03-15 22:31:04 [MainThread      ]   GameAssetManager.cpp:899   INFO| 	WeaponBlink bank: 0.00 ms
2026-03-15 22:31:04 [MainThread      ]   GameAssetManager.cpp:906   INFO| 	WeaponBlink package: 0.06 ms
2026-03-15 22:31:04 [MainThread      ]   GameAssetManager.cpp:894   INFO| Unloading: BiomeChaos
2026-03-15 22:31:04 [MainThread      ]   GameAssetManager.cpp:899   INFO| 	BiomeChaos bank: 0.00 ms
2026-03-15 22:31:04 [MainThread      ]   GameAssetManager.cpp:906   INFO| 	BiomeChaos package: 0.34 ms
2026-03-15 22:31:04 [MainThread      ]   GameAssetManager.cpp:894   INFO| Unloading: RavenFamiliar
2026-03-15 22:31:04 [MainThread      ]   GameAssetManager.cpp:899   INFO| 	RavenFamiliar bank: 0.00 ms
2026-03-15 22:31:04 [MainThread      ]   GameAssetManager.cpp:906   INFO| 	RavenFamiliar package: 0.01 ms
2026-03-15 22:31:04 [MainThread      ]              World.cpp:1435  INFO| Finished World::Begin (0.009196 seconds)
2026-03-15 22:31:04 [LoadTaskScheduler]              World.cpp:1263  INFO| Started loadMapDataTask (F_MiniBoss01)
2026-03-15 22:31:04 [LoadTaskScheduler]              World.cpp:1298  INFO| Started preScriptLoadTask
2026-03-15 22:31:04 [LoadTaskScheduler]              World.cpp:1304  INFO| Finished preScriptLoadTask (0.000001 seconds)
2026-03-15 22:31:04 [LoadTaskScheduler]              World.cpp:1313  INFO| Started loadPackagesTask
2026-03-15 22:31:04 [LoadTaskScheduler]   GameAssetManager.cpp:668   INFO| Loading package: BiomeF.pkg
2026-03-15 22:31:04 [LoadTaskScheduler]   GameAssetManager.cpp:581   INFO| Start reading manifest BiomeF
2026-03-15 22:31:04 [LoadTaskScheduler]     BinaryLoadData.cpp:12    INFO| Reading 220930 bytes
2026-03-15 22:31:04 [LoadTaskScheduler]              World.cpp:1292  INFO| Finished loadMapDataTask (0.001844 seconds)
2026-03-15 22:31:04 [LoadTaskScheduler]              World.cpp:1324  INFO| Started postLoadTask
2026-03-15 22:31:04 [LoadTaskScheduler]   GameAssetManager.cpp:642   INFO| Done reading manifest BiomeF
2026-03-15 22:31:04 [LoadTaskScheduler]   GameAssetManager.cpp:697   INFO| Package Loaded: BiomeF 259Mb in 0.11s
2026-03-15 22:31:04 [LoadTaskScheduler]       AudioManager.cpp:966   INFO| Loading bank: BiomeF
2026-03-15 22:31:04 [LoadTaskScheduler]       AudioManager.cpp:981   INFO| Audio bank loaded successfully: BiomeF (13Mb in 0.04s)
2026-03-15 22:31:04 [LoadTaskScheduler]              World.cpp:1317  INFO| Finished loadPackagesTask (0.152588 seconds)
2026-03-15 22:31:04 [LoadTaskScheduler]              World.cpp:1334  INFO| Done waiting for packages and pre-scripts task
2026-03-15 22:31:04 [LoadTaskScheduler]              World.cpp:1341  INFO| Calling PostLoad
2026-03-15 22:31:04 [LoadTaskScheduler]   GameAssetManager.cpp:668   INFO| Loading package: PoseidonUpgrade.pkg
2026-03-15 22:31:04 [LoadTaskScheduler]   GameAssetManager.cpp:668   INFO| Loading package: TrialUpgrade.pkg
2026-03-15 22:31:04 [LoadTaskScheduler]       AudioManager.cpp:1273  INFO| Unloaded Voice bank: Chaos in 0.00s
2026-03-15 22:31:04 [LoadTaskScheduler]              World.cpp:1343  INFO| Finished PostLoad
2026-03-15 22:31:04 [LoadTaskScheduler]              World.cpp:1348  INFO| Finished postLoadTask (0.166968 seconds)
2026-03-15 22:31:04 [MainThread      ]              World.cpp:1359  INFO| Started loadScreen onExit
2026-03-15 22:31:04 [MainThread      ]      ScriptManager.cpp:1001  INFO| Lua GC took 0.04 seconds
2026-03-15 22:31:04 [MainThread      ]       AudioManager.cpp:1233  INFO| Voice bank loaded successfully: Hestia (234 lines in 0.000517 seconds)
2026-03-15 22:31:04 [MainThread      ]   GameAssetManager.cpp:668   INFO| Loading package: Hestia.pkg
2026-03-15 22:31:04 [MainThread      ]   GameAssetManager.cpp:581   INFO| Start reading manifest Hestia
2026-03-15 22:31:04 [MainThread      ]   GameAssetManager.cpp:642   INFO| Done reading manifest Hestia
2026-03-15 22:31:04 [MainThread      ]   GameAssetManager.cpp:697   INFO| Package Loaded: Hestia 54Mb in 0.02s
2026-03-15 22:31:04 [MainThread      ]   GameAssetManager.cpp:668   INFO| Loading package: HestiaUpgrade.pkg
2026-03-15 22:31:04 [MainThread      ]   GameAssetManager.cpp:668   INFO| Loading package: WeaponBlink.pkg
2026-03-15 22:31:04 [MainThread      ]   GameAssetManager.cpp:581   INFO| Start reading manifest WeaponBlink
2026-03-15 22:31:04 [MainThread      ]   GameAssetManager.cpp:642   INFO| Done reading manifest WeaponBlink
2026-03-15 22:31:04 [MainThread      ]   GameAssetManager.cpp:697   INFO| Package Loaded: WeaponBlink 2Mb in 0.00s
2026-03-15 22:31:04 [MainThread      ]       AudioManager.cpp:966   INFO| Loading bank: WeaponBlink
2026-03-15 22:31:04 [MainThread      ]       AudioManager.cpp:981   INFO| Audio bank loaded successfully: WeaponBlink (0Mb in 0.03s)
2026-03-15 22:31:04 [MainThread      ]   GameAssetManager.cpp:668   INFO| Loading package: WeaponCast.pkg
2026-03-15 22:31:04 [MainThread      ]   GameAssetManager.cpp:581   INFO| Start reading manifest WeaponCast
2026-03-15 22:31:04 [MainThread      ]   GameAssetManager.cpp:642   INFO| Done reading manifest WeaponCast
2026-03-15 22:31:04 [MainThread      ]   GameAssetManager.cpp:697   INFO| Package Loaded: WeaponCast 36Mb in 0.01s
2026-03-15 22:31:04 [MainThread      ]       AudioManager.cpp:966   INFO| Loading bank: WeaponCast
2026-03-15 22:31:04 [MainThread      ]       AudioManager.cpp:981   INFO| Audio bank loaded successfully: WeaponCast (0Mb in 0.02s)
2026-03-15 22:31:04 [MainThread      ]   GameAssetManager.cpp:668   INFO| Loading package: WeaponAxe.pkg
2026-03-15 22:31:04 [MainThread      ]   GameAssetManager.cpp:581   INFO| Start reading manifest WeaponAxe
2026-03-15 22:31:04 [MainThread      ]   GameAssetManager.cpp:642   INFO| Done reading manifest WeaponAxe
2026-03-15 22:31:04 [MainThread      ]   GameAssetManager.cpp:697   INFO| Package Loaded: WeaponAxe 13Mb in 0.01s
2026-03-15 22:31:04 [MainThread      ]       AudioManager.cpp:966   INFO| Loading bank: WeaponAxe
2026-03-15 22:31:04 [MainThread      ]       AudioManager.cpp:981   INFO| Audio bank loaded successfully: WeaponAxe (0Mb in 0.03s)
2026-03-15 22:31:04 [MainThread      ]   GameAssetManager.cpp:668   INFO| Loading package: WeaponSpellSummon.pkg
2026-03-15 22:31:04 [MainThread      ]   GameAssetManager.cpp:581   INFO| Start reading manifest WeaponSpellSummon
2026-03-15 22:31:04 [MainThread      ]   GameAssetManager.cpp:642   INFO| Done reading manifest WeaponSpellSummon
2026-03-15 22:31:04 [MainThread      ]   GameAssetManager.cpp:697   INFO| Package Loaded: WeaponSpellSummon 1Mb in 0.00s
2026-03-15 22:31:04 [MainThread      ]       AudioManager.cpp:966   INFO| Loading bank: WeaponSpellSummon
2026-03-15 22:31:04 [MainThread      ]       AudioManager.cpp:981   INFO| Audio bank loaded successfully: WeaponSpellSummon (0Mb in 0.04s)
2026-03-15 22:31:04 [MainThread      ]       AudioManager.cpp:1233  INFO| Voice bank loaded successfully: Chaos (353 lines in 0.000465 seconds)
2026-03-15 22:31:04 [MainThread      ]   GameAssetManager.cpp:668   INFO| Loading package: RavenFamiliar.pkg
2026-03-15 22:31:04 [MainThread      ]   GameAssetManager.cpp:581   INFO| Start reading manifest RavenFamiliar
2026-03-15 22:31:04 [MainThread      ]   GameAssetManager.cpp:642   INFO| Done reading manifest RavenFamiliar
2026-03-15 22:31:04 [MainThread      ]   GameAssetManager.cpp:697   INFO| Package Loaded: RavenFamiliar 2Mb in 0.01s
2026-03-15 22:31:04 [MainThread      ]       AudioManager.cpp:966   INFO| Loading bank: RavenFamiliar
2026-03-15 22:31:04 [MainThread      ]       AudioManager.cpp:981   INFO| Audio bank loaded successfully: RavenFamiliar (0Mb in 0.04s)
2026-03-15 22:31:04 [MainThread      ]              World.cpp:1366  INFO| Finished loadScreen onExit (0.266734 seconds)
2026-03-15 22:31:41 [MainThread      ]   GameAssetManager.cpp:668   INFO| Loading package: HestiaUpgrade.pkg
2026-03-15 22:31:58 [MainThread      ]     BinarySaveData.cpp:42    INFO| PrepareForWrite dataSize = 9 bytes
2026-03-15 22:31:58 [SmallTaskScheduler]     BinarySaveData.cpp:17    INFO| Writing 9 bytes
2026-03-15 22:32:10 [MainThread      ]    ProgressManager.cpp:1106  INFO| Lua::Save() : 0.003996 s
2026-03-15 22:32:10 [MainThread      ]    ProgressManager.cpp:1038  INFO| GatherSaveData : 0.004999 s
2026-03-15 22:32:10 [MainThread      ]     BinarySaveData.cpp:42    INFO| PrepareForWrite dataSize = 278344 bytes
2026-03-15 22:32:10 [MainThread      ]     BinarySaveData.cpp:47    INFO| PrepareForWrite checksum = 3a7e619a bytes
2026-03-15 22:32:10 [MainThread      ]     BinarySaveData.cpp:42    INFO| PrepareForWrite dataSize = 9 bytes
2026-03-15 22:32:10 [SmallTaskScheduler]     BinarySaveData.cpp:17    INFO| Writing 278344 bytes
2026-03-15 22:32:10 [SmallTaskScheduler]     BinarySaveData.cpp:17    INFO| Writing 9 bytes
2026-03-15 22:32:14 [MainThread      ]     BinarySaveData.cpp:42    INFO| PrepareForWrite dataSize = 9 bytes
2026-03-15 22:32:14 [MainThread      ]   GameAssetManager.cpp:894   INFO| Unloading: Hestia
2026-03-15 22:32:14 [MainThread      ]   GameAssetManager.cpp:899   INFO| 	Hestia bank: 0.00 ms
2026-03-15 22:32:14 [MainThread      ]   GameAssetManager.cpp:906   INFO| 	Hestia package: 0.14 ms
2026-03-15 22:32:14 [SmallTaskScheduler]     BinarySaveData.cpp:17    INFO| Writing 9 bytes
2026-03-15 22:32:15 [MainThread      ]              World.cpp:1373  INFO| World::Begin() F_MiniBoss01 -> F_Combat17
2026-03-15 22:32:15 [MainThread      ]                 Pool.h:210   INFO| Projectile 0 / 217 (max 32) (594kb)
2026-03-15 22:32:15 [MainThread      ]                 Pool.h:210   INFO| HomingProjectile 0 / 108 (max 47) (297kb)
2026-03-15 22:32:15 [MainThread      ]                 Pool.h:210   INFO| BeamProjectile 0 / 81 (max 3) (225kb)
2026-03-15 22:32:15 [MainThread      ]                 Pool.h:210   INFO| LobProjectile 0 / 81 (max 10) (224kb)
2026-03-15 22:32:15 [MainThread      ]                 Pool.h:210   INFO| ArcProjectile 0 / 81 (max 13) (223kb)
2026-03-15 22:32:15 [MainThread      ]                 Pool.h:210   INFO| InstantProjectile 0 / 108 (max 10) (295kb)
2026-03-15 22:32:15 [MainThread      ]                 Pool.h:210   INFO| Effect 0 / 256 (max 52) (79kb)
2026-03-15 22:32:15 [MainThread      ]    ProgressManager.cpp:1106  INFO| Lua::Save() : 0.003741 s
2026-03-15 22:32:15 [MainThread      ]    ProgressManager.cpp:1038  INFO| GatherSaveData : 0.004778 s
2026-03-15 22:32:15 [MainThread      ]     BinarySaveData.cpp:42    INFO| PrepareForWrite dataSize = 278904 bytes
2026-03-15 22:32:15 [MainThread      ]     BinarySaveData.cpp:47    INFO| PrepareForWrite checksum = 4f5e955e bytes
2026-03-15 22:32:15 [MainThread      ]              World.cpp:1435  INFO| Finished World::Begin (0.011352 seconds)
2026-03-15 22:32:15 [LoadTaskScheduler]              World.cpp:1298  INFO| Started preScriptLoadTask
2026-03-15 22:32:15 [LoadTaskScheduler]              World.cpp:1304  INFO| Finished preScriptLoadTask (0.000000 seconds)
2026-03-15 22:32:15 [LoadTaskScheduler]              World.cpp:1263  INFO| Started loadMapDataTask (F_Combat17)
2026-03-15 22:32:15 [LoadTaskScheduler]              World.cpp:1313  INFO| Started loadPackagesTask
2026-03-15 22:32:15 [LoadTaskScheduler]              World.cpp:1317  INFO| Finished loadPackagesTask (0.000003 seconds)
2026-03-15 22:32:15 [SmallTaskScheduler]     BinarySaveData.cpp:17    INFO| Writing 278904 bytes
2026-03-15 22:32:15 [LoadTaskScheduler]              World.cpp:1324  INFO| Started postLoadTask
2026-03-15 22:32:15 [LoadTaskScheduler]              World.cpp:1334  INFO| Done waiting for packages and pre-scripts task
2026-03-15 22:32:15 [LoadTaskScheduler]     BinaryLoadData.cpp:12    INFO| Reading 259416 bytes
2026-03-15 22:32:15 [LoadTaskScheduler]              World.cpp:1292  INFO| Finished loadMapDataTask (0.002065 seconds)
2026-03-15 22:32:15 [LoadTaskScheduler]              World.cpp:1341  INFO| Calling PostLoad
2026-03-15 22:32:15 [LoadTaskScheduler]   GameAssetManager.cpp:668   INFO| Loading package: TrialUpgrade.pkg
2026-03-15 22:32:15 [LoadTaskScheduler]   GameAssetManager.cpp:668   INFO| Loading package: PoseidonUpgrade.pkg
2026-03-15 22:32:15 [LoadTaskScheduler]   GameAssetManager.cpp:668   INFO| Loading package: HestiaUpgrade.pkg
2026-03-15 22:32:15 [LoadTaskScheduler]       AudioManager.cpp:1273  INFO| Unloaded Voice bank: Hestia in 0.00s
2026-03-15 22:32:15 [LoadTaskScheduler]       AudioManager.cpp:1273  INFO| Unloaded Voice bank: Chaos in 0.00s
2026-03-15 22:32:15 [LoadTaskScheduler]              World.cpp:1343  INFO| Finished PostLoad
2026-03-15 22:32:15 [LoadTaskScheduler]              World.cpp:1348  INFO| Finished postLoadTask (0.016660 seconds)
2026-03-15 22:32:15 [MainThread      ]              World.cpp:1359  INFO| Started loadScreen onExit
2026-03-15 22:32:15 [MainThread      ]      ScriptManager.cpp:1001  INFO| Lua GC took 0.04 seconds
2026-03-15 22:32:15 [MainThread      ]       AudioManager.cpp:1233  INFO| Voice bank loaded successfully: Chaos (353 lines in 0.000556 seconds)
2026-03-15 22:32:15 [MainThread      ]              World.cpp:1366  INFO| Finished loadScreen onExit (0.049007 seconds)
2026-03-15 22:32:33 [MainThread      ]    ProgressManager.cpp:1106  INFO| Lua::Save() : 0.004171 s
2026-03-15 22:32:33 [MainThread      ]    ProgressManager.cpp:1038  INFO| GatherSaveData : 0.005208 s
2026-03-15 22:32:33 [MainThread      ]     BinarySaveData.cpp:42    INFO| PrepareForWrite dataSize = 281993 bytes
2026-03-15 22:32:33 [MainThread      ]     BinarySaveData.cpp:47    INFO| PrepareForWrite checksum = 9459e894 bytes
2026-03-15 22:32:33 [MainThread      ]     BinarySaveData.cpp:42    INFO| PrepareForWrite dataSize = 9 bytes
2026-03-15 22:32:33 [SmallTaskScheduler]     BinarySaveData.cpp:17    INFO| Writing 281993 bytes
2026-03-15 22:32:33 [SmallTaskScheduler]     BinarySaveData.cpp:17    INFO| Writing 9 bytes
2026-03-15 22:32:40 [MainThread      ]     BinarySaveData.cpp:42    INFO| PrepareForWrite dataSize = 9 bytes
2026-03-15 22:32:40 [SmallTaskScheduler]     BinarySaveData.cpp:17    INFO| Writing 9 bytes
2026-03-15 22:32:40 [MainThread      ]              World.cpp:1373  INFO| World::Begin() F_Combat17 -> F_Combat20
2026-03-15 22:32:40 [MainThread      ]                 Pool.h:210   INFO| Projectile 0 / 217 (max 32) (594kb)
2026-03-15 22:32:40 [MainThread      ]                 Pool.h:210   INFO| HomingProjectile 0 / 108 (max 47) (297kb)
2026-03-15 22:32:40 [MainThread      ]                 Pool.h:210   INFO| BeamProjectile 0 / 81 (max 3) (225kb)
2026-03-15 22:32:40 [MainThread      ]                 Pool.h:210   INFO| LobProjectile 0 / 81 (max 10) (224kb)
2026-03-15 22:32:40 [MainThread      ]                 Pool.h:210   INFO| ArcProjectile 0 / 81 (max 13) (223kb)
2026-03-15 22:32:40 [MainThread      ]                 Pool.h:210   INFO| InstantProjectile 0 / 108 (max 10) (295kb)
2026-03-15 22:32:40 [MainThread      ]                 Pool.h:210   INFO| Effect 0 / 256 (max 52) (79kb)
2026-03-15 22:32:40 [MainThread      ]    ProgressManager.cpp:1106  INFO| Lua::Save() : 0.003832 s
2026-03-15 22:32:40 [MainThread      ]    ProgressManager.cpp:1038  INFO| GatherSaveData : 0.004837 s
2026-03-15 22:32:40 [MainThread      ]     BinarySaveData.cpp:42    INFO| PrepareForWrite dataSize = 281670 bytes
2026-03-15 22:32:40 [MainThread      ]     BinarySaveData.cpp:47    INFO| PrepareForWrite checksum = 999f528d bytes
2026-03-15 22:32:40 [MainThread      ]              World.cpp:1435  INFO| Finished World::Begin (0.012469 seconds)
2026-03-15 22:32:40 [LoadTaskScheduler]              World.cpp:1263  INFO| Started loadMapDataTask (F_Combat20)
2026-03-15 22:32:40 [LoadTaskScheduler]              World.cpp:1298  INFO| Started preScriptLoadTask
2026-03-15 22:32:40 [LoadTaskScheduler]              World.cpp:1304  INFO| Finished preScriptLoadTask (0.000001 seconds)
2026-03-15 22:32:40 [LoadTaskScheduler]              World.cpp:1313  INFO| Started loadPackagesTask
2026-03-15 22:32:40 [LoadTaskScheduler]              World.cpp:1317  INFO| Finished loadPackagesTask (0.000003 seconds)
2026-03-15 22:32:40 [LoadTaskScheduler]              World.cpp:1324  INFO| Started postLoadTask
2026-03-15 22:32:40 [LoadTaskScheduler]              World.cpp:1334  INFO| Done waiting for packages and pre-scripts task
2026-03-15 22:32:40 [SmallTaskScheduler]     BinarySaveData.cpp:17    INFO| Writing 281670 bytes
2026-03-15 22:32:40 [LoadTaskScheduler]     BinaryLoadData.cpp:12    INFO| Reading 272678 bytes
2026-03-15 22:32:40 [LoadTaskScheduler]              World.cpp:1292  INFO| Finished loadMapDataTask (0.014439 seconds)
2026-03-15 22:32:40 [LoadTaskScheduler]              World.cpp:1341  INFO| Calling PostLoad
2026-03-15 22:32:40 [LoadTaskScheduler]   GameAssetManager.cpp:668   INFO| Loading package: TrialUpgrade.pkg
2026-03-15 22:32:40 [LoadTaskScheduler]   GameAssetManager.cpp:668   INFO| Loading package: PoseidonUpgrade.pkg
2026-03-15 22:32:40 [LoadTaskScheduler]   GameAssetManager.cpp:668   INFO| Loading package: HestiaUpgrade.pkg
2026-03-15 22:32:40 [LoadTaskScheduler]       AudioManager.cpp:1273  INFO| Unloaded Voice bank: Chaos in 0.00s
2026-03-15 22:32:40 [LoadTaskScheduler]              World.cpp:1343  INFO| Finished PostLoad
2026-03-15 22:32:40 [LoadTaskScheduler]              World.cpp:1348  INFO| Finished postLoadTask (0.029668 seconds)
2026-03-15 22:32:40 [MainThread      ]              World.cpp:1359  INFO| Started loadScreen onExit
2026-03-15 22:32:40 [MainThread      ]      ScriptManager.cpp:1001  INFO| Lua GC took 0.04 seconds
2026-03-15 22:32:40 [MainThread      ]       AudioManager.cpp:1233  INFO| Voice bank loaded successfully: Chaos (353 lines in 0.000504 seconds)
2026-03-15 22:32:40 [MainThread      ]       AudioManager.cpp:1233  INFO| Voice bank loaded successfully: Artemis (450 lines in 0.012365 seconds)
2026-03-15 22:32:40 [MainThread      ]   GameAssetManager.cpp:668   INFO| Loading package: Artemis.pkg
2026-03-15 22:32:40 [MainThread      ]   GameAssetManager.cpp:581   INFO| Start reading manifest Artemis
2026-03-15 22:32:40 [MainThread      ]   GameAssetManager.cpp:642   INFO| Done reading manifest Artemis
2026-03-15 22:32:40 [MainThread      ]   GameAssetManager.cpp:697   INFO| Package Loaded: Artemis 38Mb in 0.01s
2026-03-15 22:32:40 [MainThread      ]   GameAssetManager.cpp:668   INFO| Loading package: NPC_Artemis_Field_01.pkg
2026-03-15 22:32:40 [MainThread      ]              World.cpp:1366  INFO| Finished loadScreen onExit (0.071816 seconds)
2026-03-15 22:34:06 [MainThread      ]     BinarySaveData.cpp:42    INFO| PrepareForWrite dataSize = 9 bytes
2026-03-15 22:34:06 [SmallTaskScheduler]     BinarySaveData.cpp:17    INFO| Writing 9 bytes
2026-03-15 22:34:15 [MainThread      ]    ProgressManager.cpp:1106  INFO| Lua::Save() : 0.003884 s
2026-03-15 22:34:15 [MainThread      ]    ProgressManager.cpp:1038  INFO| GatherSaveData : 0.004934 s
2026-03-15 22:34:15 [MainThread      ]     BinarySaveData.cpp:42    INFO| PrepareForWrite dataSize = 288434 bytes
2026-03-15 22:34:15 [MainThread      ]     BinarySaveData.cpp:47    INFO| PrepareForWrite checksum = d351d50d bytes
2026-03-15 22:34:15 [MainThread      ]     BinarySaveData.cpp:42    INFO| PrepareForWrite dataSize = 9 bytes
2026-03-15 22:34:15 [SmallTaskScheduler]     BinarySaveData.cpp:17    INFO| Writing 288434 bytes
2026-03-15 22:34:15 [SmallTaskScheduler]     BinarySaveData.cpp:17    INFO| Writing 9 bytes
2026-03-15 22:34:20 [MainThread      ]     BinarySaveData.cpp:42    INFO| PrepareForWrite dataSize = 9 bytes
2026-03-15 22:34:20 [MainThread      ]   GameAssetManager.cpp:894   INFO| Unloading: Artemis
2026-03-15 22:34:20 [MainThread      ]   GameAssetManager.cpp:899   INFO| 	Artemis bank: 0.00 ms
2026-03-15 22:34:20 [MainThread      ]   GameAssetManager.cpp:906   INFO| 	Artemis package: 0.13 ms
2026-03-15 22:34:20 [SmallTaskScheduler]     BinarySaveData.cpp:17    INFO| Writing 9 bytes
2026-03-15 22:34:20 [MainThread      ]              World.cpp:1373  INFO| World::Begin() F_Combat20 -> F_Combat11
2026-03-15 22:34:20 [MainThread      ]                 Pool.h:210   INFO| Projectile 0 / 217 (max 32) (594kb)
2026-03-15 22:34:20 [MainThread      ]                 Pool.h:210   INFO| HomingProjectile 0 / 108 (max 47) (297kb)
2026-03-15 22:34:20 [MainThread      ]                 Pool.h:210   INFO| BeamProjectile 0 / 81 (max 3) (225kb)
2026-03-15 22:34:20 [MainThread      ]                 Pool.h:210   INFO| LobProjectile 0 / 81 (max 10) (224kb)
2026-03-15 22:34:20 [MainThread      ]                 Pool.h:210   INFO| ArcProjectile 0 / 81 (max 13) (223kb)
2026-03-15 22:34:20 [MainThread      ]                 Pool.h:210   INFO| InstantProjectile 0 / 108 (max 10) (295kb)
2026-03-15 22:34:20 [MainThread      ]                 Pool.h:210   INFO| Effect 0 / 256 (max 52) (79kb)
2026-03-15 22:34:20 [MainThread      ]    ProgressManager.cpp:1106  INFO| Lua::Save() : 0.003869 s
2026-03-15 22:34:20 [MainThread      ]    ProgressManager.cpp:1038  INFO| GatherSaveData : 0.004889 s
2026-03-15 22:34:20 [MainThread      ]     BinarySaveData.cpp:42    INFO| PrepareForWrite dataSize = 286311 bytes
2026-03-15 22:34:20 [MainThread      ]     BinarySaveData.cpp:47    INFO| PrepareForWrite checksum = 7e7db74c bytes
2026-03-15 22:34:20 [MainThread      ]              World.cpp:1435  INFO| Finished World::Begin (0.012625 seconds)
2026-03-15 22:34:20 [LoadTaskScheduler]              World.cpp:1263  INFO| Started loadMapDataTask (F_Combat11)
2026-03-15 22:34:20 [LoadTaskScheduler]              World.cpp:1298  INFO| Started preScriptLoadTask
2026-03-15 22:34:20 [LoadTaskScheduler]              World.cpp:1304  INFO| Finished preScriptLoadTask (0.000000 seconds)
2026-03-15 22:34:20 [LoadTaskScheduler]              World.cpp:1313  INFO| Started loadPackagesTask
2026-03-15 22:34:20 [LoadTaskScheduler]              World.cpp:1317  INFO| Finished loadPackagesTask (0.000002 seconds)
2026-03-15 22:34:20 [LoadTaskScheduler]              World.cpp:1324  INFO| Started postLoadTask
2026-03-15 22:34:20 [LoadTaskScheduler]              World.cpp:1334  INFO| Done waiting for packages and pre-scripts task
2026-03-15 22:34:20 [SmallTaskScheduler]     BinarySaveData.cpp:17    INFO| Writing 286311 bytes
2026-03-15 22:34:20 [LoadTaskScheduler]     BinaryLoadData.cpp:12    INFO| Reading 221993 bytes
2026-03-15 22:34:20 [LoadTaskScheduler]              World.cpp:1292  INFO| Finished loadMapDataTask (0.015037 seconds)
2026-03-15 22:34:20 [LoadTaskScheduler]              World.cpp:1341  INFO| Calling PostLoad
2026-03-15 22:34:20 [LoadTaskScheduler]   GameAssetManager.cpp:668   INFO| Loading package: NPC_Artemis_Field_01.pkg
2026-03-15 22:34:20 [LoadTaskScheduler]   GameAssetManager.cpp:668   INFO| Loading package: TrialUpgrade.pkg
2026-03-15 22:34:20 [LoadTaskScheduler]   GameAssetManager.cpp:668   INFO| Loading package: PoseidonUpgrade.pkg
2026-03-15 22:34:20 [LoadTaskScheduler]   GameAssetManager.cpp:668   INFO| Loading package: HestiaUpgrade.pkg
2026-03-15 22:34:20 [LoadTaskScheduler]       AudioManager.cpp:1273  INFO| Unloaded Voice bank: Artemis in 0.00s
2026-03-15 22:34:20 [LoadTaskScheduler]       AudioManager.cpp:1273  INFO| Unloaded Voice bank: Chaos in 0.00s
2026-03-15 22:34:20 [LoadTaskScheduler]              World.cpp:1343  INFO| Finished PostLoad
2026-03-15 22:34:20 [LoadTaskScheduler]              World.cpp:1348  INFO| Finished postLoadTask (0.032935 seconds)
2026-03-15 22:34:20 [MainThread      ]              World.cpp:1359  INFO| Started loadScreen onExit
2026-03-15 22:34:20 [MainThread      ]      ScriptManager.cpp:1001  INFO| Lua GC took 0.04 seconds
2026-03-15 22:34:20 [MainThread      ]       AudioManager.cpp:1233  INFO| Voice bank loaded successfully: Chaos (353 lines in 0.000538 seconds)
2026-03-15 22:34:20 [MainThread      ]              World.cpp:1366  INFO| Finished loadScreen onExit (0.047193 seconds)
2026-03-15 22:34:40 [MainThread      ]    ProgressManager.cpp:1106  INFO| Lua::Save() : 0.004086 s
2026-03-15 22:34:40 [MainThread      ]    ProgressManager.cpp:1038  INFO| GatherSaveData : 0.005134 s
2026-03-15 22:34:40 [MainThread      ]     BinarySaveData.cpp:42    INFO| PrepareForWrite dataSize = 288162 bytes
2026-03-15 22:34:40 [MainThread      ]     BinarySaveData.cpp:47    INFO| PrepareForWrite checksum = 7e259544 bytes
2026-03-15 22:34:40 [MainThread      ]     BinarySaveData.cpp:42    INFO| PrepareForWrite dataSize = 9 bytes
2026-03-15 22:34:40 [SmallTaskScheduler]     BinarySaveData.cpp:17    INFO| Writing 288162 bytes
2026-03-15 22:34:40 [SmallTaskScheduler]     BinarySaveData.cpp:17    INFO| Writing 9 bytes
2026-03-15 22:34:58 [MainThread      ]     BinarySaveData.cpp:42    INFO| PrepareForWrite dataSize = 9 bytes
2026-03-15 22:34:58 [SmallTaskScheduler]     BinarySaveData.cpp:17    INFO| Writing 9 bytes
2026-03-15 22:34:58 [MainThread      ]              World.cpp:1373  INFO| World::Begin() F_Combat11 -> F_Combat06
2026-03-15 22:34:58 [MainThread      ]                 Pool.h:210   INFO| Projectile 0 / 217 (max 32) (594kb)
2026-03-15 22:34:58 [MainThread      ]                 Pool.h:210   INFO| HomingProjectile 0 / 108 (max 47) (297kb)
2026-03-15 22:34:58 [MainThread      ]                 Pool.h:210   INFO| BeamProjectile 0 / 81 (max 3) (225kb)
2026-03-15 22:34:58 [MainThread      ]                 Pool.h:210   INFO| LobProjectile 0 / 81 (max 10) (224kb)
2026-03-15 22:34:58 [MainThread      ]                 Pool.h:210   INFO| ArcProjectile 0 / 81 (max 13) (223kb)
2026-03-15 22:34:58 [MainThread      ]                 Pool.h:210   INFO| InstantProjectile 0 / 108 (max 10) (295kb)
2026-03-15 22:34:58 [MainThread      ]                 Pool.h:210   INFO| Effect 0 / 256 (max 52) (79kb)
2026-03-15 22:34:58 [MainThread      ]    ProgressManager.cpp:1106  INFO| Lua::Save() : 0.003899 s
2026-03-15 22:34:58 [MainThread      ]    ProgressManager.cpp:1038  INFO| GatherSaveData : 0.004921 s
2026-03-15 22:34:58 [MainThread      ]     BinarySaveData.cpp:42    INFO| PrepareForWrite dataSize = 287345 bytes
2026-03-15 22:34:58 [MainThread      ]     BinarySaveData.cpp:47    INFO| PrepareForWrite checksum = 69bcc41e bytes
2026-03-15 22:34:58 [MainThread      ]              World.cpp:1435  INFO| Finished World::Begin (0.011128 seconds)
2026-03-15 22:34:58 [LoadTaskScheduler]              World.cpp:1263  INFO| Started loadMapDataTask (F_Combat06)
2026-03-15 22:34:58 [LoadTaskScheduler]              World.cpp:1298  INFO| Started preScriptLoadTask
2026-03-15 22:34:58 [LoadTaskScheduler]              World.cpp:1304  INFO| Finished preScriptLoadTask (0.000000 seconds)
2026-03-15 22:34:58 [LoadTaskScheduler]              World.cpp:1313  INFO| Started loadPackagesTask
2026-03-15 22:34:58 [LoadTaskScheduler]              World.cpp:1317  INFO| Finished loadPackagesTask (0.000003 seconds)
2026-03-15 22:34:58 [LoadTaskScheduler]              World.cpp:1324  INFO| Started postLoadTask
2026-03-15 22:34:58 [LoadTaskScheduler]              World.cpp:1334  INFO| Done waiting for packages and pre-scripts task
2026-03-15 22:34:58 [SmallTaskScheduler]     BinarySaveData.cpp:17    INFO| Writing 287345 bytes
2026-03-15 22:34:58 [LoadTaskScheduler]     BinaryLoadData.cpp:12    INFO| Reading 196344 bytes
2026-03-15 22:34:58 [LoadTaskScheduler]              World.cpp:1292  INFO| Finished loadMapDataTask (0.001552 seconds)
2026-03-15 22:34:58 [LoadTaskScheduler]              World.cpp:1341  INFO| Calling PostLoad
2026-03-15 22:34:58 [LoadTaskScheduler]   GameAssetManager.cpp:668   INFO| Loading package: NPC_Artemis_Field_01.pkg
2026-03-15 22:34:58 [LoadTaskScheduler]   GameAssetManager.cpp:668   INFO| Loading package: TrialUpgrade.pkg
2026-03-15 22:34:58 [LoadTaskScheduler]   GameAssetManager.cpp:668   INFO| Loading package: PoseidonUpgrade.pkg
2026-03-15 22:34:58 [LoadTaskScheduler]   GameAssetManager.cpp:668   INFO| Loading package: HestiaUpgrade.pkg
2026-03-15 22:34:58 [LoadTaskScheduler]       AudioManager.cpp:1273  INFO| Unloaded Voice bank: Chaos in 0.00s
2026-03-15 22:34:58 [LoadTaskScheduler]              World.cpp:1343  INFO| Finished PostLoad
2026-03-15 22:34:58 [LoadTaskScheduler]              World.cpp:1348  INFO| Finished postLoadTask (0.013370 seconds)
2026-03-15 22:34:58 [MainThread      ]              World.cpp:1359  INFO| Started loadScreen onExit
2026-03-15 22:34:58 [MainThread      ]      ScriptManager.cpp:1001  INFO| Lua GC took 0.04 seconds
2026-03-15 22:34:58 [MainThread      ]       AudioManager.cpp:1233  INFO| Voice bank loaded successfully: Chaos (353 lines in 0.000536 seconds)
2026-03-15 22:34:58 [MainThread      ]       AudioManager.cpp:1233  INFO| Voice bank loaded successfully: Selene (469 lines in 0.000579 seconds)
2026-03-15 22:34:58 [MainThread      ]              World.cpp:1366  INFO| Finished loadScreen onExit (0.048908 seconds)
2026-03-15 22:35:10 [MainThread      ]     BinarySaveData.cpp:42    INFO| PrepareForWrite dataSize = 9 bytes
2026-03-15 22:35:10 [SmallTaskScheduler]     BinarySaveData.cpp:17    INFO| Writing 9 bytes
2026-03-15 22:35:52 [MainThread      ]    ProgressManager.cpp:1106  INFO| Lua::Save() : 0.004801 s
2026-03-15 22:35:52 [MainThread      ]    ProgressManager.cpp:1038  INFO| GatherSaveData : 0.006119 s
2026-03-15 22:35:52 [MainThread      ]     BinarySaveData.cpp:42    INFO| PrepareForWrite dataSize = 295051 bytes
2026-03-15 22:35:52 [MainThread      ]     BinarySaveData.cpp:47    INFO| PrepareForWrite checksum = 2429feb1 bytes
2026-03-15 22:35:52 [MainThread      ]     BinarySaveData.cpp:42    INFO| PrepareForWrite dataSize = 9 bytes
2026-03-15 22:35:52 [SmallTaskScheduler]     BinarySaveData.cpp:17    INFO| Writing 295051 bytes
2026-03-15 22:35:52 [SmallTaskScheduler]     BinarySaveData.cpp:17    INFO| Writing 9 bytes
2026-03-15 22:35:59 [MainThread      ]     BinarySaveData.cpp:42    INFO| PrepareForWrite dataSize = 9 bytes
2026-03-15 22:35:59 [SmallTaskScheduler]     BinarySaveData.cpp:17    INFO| Writing 9 bytes
2026-03-15 22:35:59 [MainThread      ]              World.cpp:1373  INFO| World::Begin() F_Combat06 -> F_Combat13
2026-03-15 22:35:59 [MainThread      ]                 Pool.h:210   INFO| Projectile 0 / 217 (max 32) (594kb)
2026-03-15 22:35:59 [MainThread      ]                 Pool.h:210   INFO| HomingProjectile 0 / 108 (max 47) (297kb)
2026-03-15 22:35:59 [MainThread      ]                 Pool.h:210   INFO| BeamProjectile 0 / 81 (max 3) (225kb)
2026-03-15 22:35:59 [MainThread      ]                 Pool.h:210   INFO| LobProjectile 0 / 81 (max 10) (224kb)
2026-03-15 22:35:59 [MainThread      ]                 Pool.h:210   INFO| ArcProjectile 0 / 81 (max 13) (223kb)
2026-03-15 22:35:59 [MainThread      ]                 Pool.h:210   INFO| InstantProjectile 0 / 108 (max 10) (295kb)
2026-03-15 22:35:59 [MainThread      ]                 Pool.h:210   INFO| Effect 0 / 256 (max 52) (79kb)
2026-03-15 22:35:59 [MainThread      ]    ProgressManager.cpp:1106  INFO| Lua::Save() : 0.003881 s
2026-03-15 22:35:59 [MainThread      ]    ProgressManager.cpp:1038  INFO| GatherSaveData : 0.004913 s
2026-03-15 22:35:59 [MainThread      ]     BinarySaveData.cpp:42    INFO| PrepareForWrite dataSize = 290801 bytes
2026-03-15 22:35:59 [MainThread      ]     BinarySaveData.cpp:47    INFO| PrepareForWrite checksum = 9d1b0111 bytes
2026-03-15 22:35:59 [MainThread      ]              World.cpp:1435  INFO| Finished World::Begin (0.010438 seconds)
2026-03-15 22:35:59 [LoadTaskScheduler]              World.cpp:1263  INFO| Started loadMapDataTask (F_Combat13)
2026-03-15 22:35:59 [LoadTaskScheduler]              World.cpp:1298  INFO| Started preScriptLoadTask
2026-03-15 22:35:59 [LoadTaskScheduler]              World.cpp:1304  INFO| Finished preScriptLoadTask (0.000000 seconds)
2026-03-15 22:35:59 [LoadTaskScheduler]              World.cpp:1313  INFO| Started loadPackagesTask
2026-03-15 22:35:59 [LoadTaskScheduler]              World.cpp:1317  INFO| Finished loadPackagesTask (0.000004 seconds)
2026-03-15 22:35:59 [LoadTaskScheduler]              World.cpp:1324  INFO| Started postLoadTask
2026-03-15 22:35:59 [LoadTaskScheduler]              World.cpp:1334  INFO| Done waiting for packages and pre-scripts task
2026-03-15 22:35:59 [SmallTaskScheduler]     BinarySaveData.cpp:17    INFO| Writing 290801 bytes
2026-03-15 22:35:59 [LoadTaskScheduler]     BinaryLoadData.cpp:12    INFO| Reading 200930 bytes
2026-03-15 22:35:59 [LoadTaskScheduler]              World.cpp:1292  INFO| Finished loadMapDataTask (0.001528 seconds)
2026-03-15 22:35:59 [LoadTaskScheduler]              World.cpp:1341  INFO| Calling PostLoad
2026-03-15 22:35:59 [LoadTaskScheduler]   GameAssetManager.cpp:668   INFO| Loading package: NPC_Artemis_Field_01.pkg
2026-03-15 22:35:59 [LoadTaskScheduler]   GameAssetManager.cpp:668   INFO| Loading package: PoseidonUpgrade.pkg
2026-03-15 22:35:59 [LoadTaskScheduler]   GameAssetManager.cpp:668   INFO| Loading package: TrialUpgrade.pkg
2026-03-15 22:35:59 [LoadTaskScheduler]   GameAssetManager.cpp:668   INFO| Loading package: HestiaUpgrade.pkg
2026-03-15 22:35:59 [LoadTaskScheduler]       AudioManager.cpp:1273  INFO| Unloaded Voice bank: Selene in 0.00s
2026-03-15 22:35:59 [LoadTaskScheduler]       AudioManager.cpp:1273  INFO| Unloaded Voice bank: Chaos in 0.00s
2026-03-15 22:35:59 [LoadTaskScheduler]              World.cpp:1343  INFO| Finished PostLoad
2026-03-15 22:35:59 [LoadTaskScheduler]              World.cpp:1348  INFO| Finished postLoadTask (0.014099 seconds)
2026-03-15 22:35:59 [MainThread      ]              World.cpp:1359  INFO| Started loadScreen onExit
2026-03-15 22:35:59 [MainThread      ]      ScriptManager.cpp:1001  INFO| Lua GC took 0.04 seconds
2026-03-15 22:35:59 [MainThread      ]       AudioManager.cpp:1233  INFO| Voice bank loaded successfully: Selene (469 lines in 0.000531 seconds)
2026-03-15 22:35:59 [MainThread      ]              World.cpp:1366  INFO| Finished loadScreen onExit (0.046601 seconds)
2026-03-15 22:36:08 [MainThread      ]     BinarySaveData.cpp:42    INFO| PrepareForWrite dataSize = 9 bytes
2026-03-15 22:36:08 [SmallTaskScheduler]     BinarySaveData.cpp:17    INFO| Writing 9 bytes
2026-03-15 22:36:27 [MainThread      ]    ProgressManager.cpp:1106  INFO| Lua::Save() : 0.004097 s
2026-03-15 22:36:27 [MainThread      ]    ProgressManager.cpp:1038  INFO| GatherSaveData : 0.005172 s
2026-03-15 22:36:27 [MainThread      ]     BinarySaveData.cpp:42    INFO| PrepareForWrite dataSize = 292953 bytes
2026-03-15 22:36:27 [MainThread      ]     BinarySaveData.cpp:47    INFO| PrepareForWrite checksum = 9ebbf6c5 bytes
2026-03-15 22:36:27 [MainThread      ]     BinarySaveData.cpp:42    INFO| PrepareForWrite dataSize = 9 bytes
2026-03-15 22:36:27 [SmallTaskScheduler]     BinarySaveData.cpp:17    INFO| Writing 292953 bytes
2026-03-15 22:36:27 [SmallTaskScheduler]     BinarySaveData.cpp:17    INFO| Writing 9 bytes
2026-03-15 22:36:34 [MainThread      ]     BinarySaveData.cpp:42    INFO| PrepareForWrite dataSize = 9 bytes
2026-03-15 22:36:34 [SmallTaskScheduler]     BinarySaveData.cpp:17    INFO| Writing 9 bytes
2026-03-15 22:36:34 [MainThread      ]              World.cpp:1373  INFO| World::Begin() F_Combat13 -> F_PreBoss01
2026-03-15 22:36:34 [MainThread      ]                 Pool.h:210   INFO| Projectile 0 / 217 (max 32) (594kb)
2026-03-15 22:36:34 [MainThread      ]                 Pool.h:210   INFO| HomingProjectile 0 / 108 (max 47) (297kb)
2026-03-15 22:36:34 [MainThread      ]                 Pool.h:210   INFO| BeamProjectile 0 / 81 (max 3) (225kb)
2026-03-15 22:36:34 [MainThread      ]                 Pool.h:210   INFO| LobProjectile 0 / 81 (max 10) (224kb)
2026-03-15 22:36:34 [MainThread      ]                 Pool.h:210   INFO| ArcProjectile 0 / 81 (max 13) (223kb)
2026-03-15 22:36:34 [MainThread      ]                 Pool.h:210   INFO| InstantProjectile 0 / 108 (max 10) (295kb)
2026-03-15 22:36:34 [MainThread      ]                 Pool.h:210   INFO| Effect 0 / 256 (max 52) (79kb)
2026-03-15 22:36:34 [MainThread      ]    ProgressManager.cpp:1106  INFO| Lua::Save() : 0.003785 s
2026-03-15 22:36:34 [MainThread      ]    ProgressManager.cpp:1038  INFO| GatherSaveData : 0.004862 s
2026-03-15 22:36:34 [MainThread      ]     BinarySaveData.cpp:42    INFO| PrepareForWrite dataSize = 292451 bytes
2026-03-15 22:36:34 [MainThread      ]     BinarySaveData.cpp:47    INFO| PrepareForWrite checksum = bbfcd625 bytes
2026-03-15 22:36:34 [MainThread      ]              World.cpp:1435  INFO| Finished World::Begin (0.009820 seconds)
2026-03-15 22:36:34 [LoadTaskScheduler]              World.cpp:1298  INFO| Started preScriptLoadTask
2026-03-15 22:36:34 [LoadTaskScheduler]              World.cpp:1304  INFO| Finished preScriptLoadTask (0.000000 seconds)
2026-03-15 22:36:34 [LoadTaskScheduler]              World.cpp:1263  INFO| Started loadMapDataTask (F_PreBoss01)
2026-03-15 22:36:34 [LoadTaskScheduler]              World.cpp:1313  INFO| Started loadPackagesTask
2026-03-15 22:36:34 [LoadTaskScheduler]              World.cpp:1317  INFO| Finished loadPackagesTask (0.000002 seconds)
2026-03-15 22:36:34 [LoadTaskScheduler]              World.cpp:1324  INFO| Started postLoadTask
2026-03-15 22:36:34 [LoadTaskScheduler]              World.cpp:1334  INFO| Done waiting for packages and pre-scripts task
2026-03-15 22:36:34 [SmallTaskScheduler]     BinarySaveData.cpp:17    INFO| Writing 292451 bytes
2026-03-15 22:36:34 [LoadTaskScheduler]     BinaryLoadData.cpp:12    INFO| Reading 194833 bytes
2026-03-15 22:36:34 [LoadTaskScheduler]              World.cpp:1292  INFO| Finished loadMapDataTask (0.001615 seconds)
2026-03-15 22:36:34 [LoadTaskScheduler]              World.cpp:1341  INFO| Calling PostLoad
2026-03-15 22:36:34 [LoadTaskScheduler]   GameAssetManager.cpp:668   INFO| Loading package: NPC_Artemis_Field_01.pkg
2026-03-15 22:36:34 [LoadTaskScheduler]   GameAssetManager.cpp:668   INFO| Loading package: PoseidonUpgrade.pkg
2026-03-15 22:36:34 [LoadTaskScheduler]   GameAssetManager.cpp:668   INFO| Loading package: TrialUpgrade.pkg
2026-03-15 22:36:34 [LoadTaskScheduler]   GameAssetManager.cpp:668   INFO| Loading package: HestiaUpgrade.pkg
2026-03-15 22:36:34 [LoadTaskScheduler]       AudioManager.cpp:1273  INFO| Unloaded Voice bank: Selene in 0.00s
2026-03-15 22:36:34 [LoadTaskScheduler]              World.cpp:1343  INFO| Finished PostLoad
2026-03-15 22:36:34 [LoadTaskScheduler]              World.cpp:1348  INFO| Finished postLoadTask (0.016831 seconds)
2026-03-15 22:36:35 [MainThread      ]              World.cpp:1359  INFO| Started loadScreen onExit
2026-03-15 22:36:35 [MainThread      ]      ScriptManager.cpp:1001  INFO| Lua GC took 0.05 seconds
2026-03-15 22:36:35 [MainThread      ]       AudioManager.cpp:1233  INFO| Voice bank loaded successfully: Selene (469 lines in 0.000529 seconds)
2026-03-15 22:36:35 [MainThread      ]   GameAssetManager.cpp:668   INFO| Loading package: Selene.pkg
2026-03-15 22:36:35 [MainThread      ]   GameAssetManager.cpp:581   INFO| Start reading manifest Selene
2026-03-15 22:36:35 [MainThread      ]   GameAssetManager.cpp:642   INFO| Done reading manifest Selene
2026-03-15 22:36:35 [MainThread      ]   GameAssetManager.cpp:697   INFO| Package Loaded: Selene 56Mb in 0.02s
2026-03-15 22:36:35 [MainThread      ]   GameAssetManager.cpp:668   INFO| Loading package: HestiaUpgrade.pkg
2026-03-15 22:36:35 [MainThread      ]   GameAssetManager.cpp:668   INFO| Loading package: Hestia.pkg
2026-03-15 22:36:35 [MainThread      ]   GameAssetManager.cpp:581   INFO| Start reading manifest Hestia
2026-03-15 22:36:35 [MainThread      ]   GameAssetManager.cpp:642   INFO| Done reading manifest Hestia
2026-03-15 22:36:35 [MainThread      ]   GameAssetManager.cpp:697   INFO| Package Loaded: Hestia 54Mb in 0.02s
2026-03-15 22:36:35 [MainThread      ]       AudioManager.cpp:1233  INFO| Voice bank loaded successfully: Hestia (234 lines in 0.000432 seconds)
2026-03-15 22:36:35 [MainThread      ]       AudioManager.cpp:1233  INFO| Voice bank loaded successfully: Charon (138 lines in 0.000309 seconds)
2026-03-15 22:36:35 [MainThread      ]   GameAssetManager.cpp:668   INFO| Loading package: Charon.pkg
2026-03-15 22:36:35 [MainThread      ]   GameAssetManager.cpp:581   INFO| Start reading manifest Charon
2026-03-15 22:36:35 [MainThread      ]   GameAssetManager.cpp:642   INFO| Done reading manifest Charon
2026-03-15 22:36:35 [MainThread      ]   GameAssetManager.cpp:697   INFO| Package Loaded: Charon 54Mb in 0.02s
2026-03-15 22:36:35 [MainThread      ]              World.cpp:1366  INFO| Finished loadScreen onExit (0.111873 seconds)
2026-03-15 22:36:42 [MainThread      ]       AudioManager.cpp:1233  INFO| Voice bank loaded successfully: Poseidon (325 lines in 0.000531 seconds)
2026-03-15 22:36:42 [MainThread      ]   GameAssetManager.cpp:668   INFO| Loading package: Poseidon.pkg
2026-03-15 22:36:42 [MainThread      ]   GameAssetManager.cpp:581   INFO| Start reading manifest Poseidon
2026-03-15 22:36:42 [MainThread      ]   GameAssetManager.cpp:642   INFO| Done reading manifest Poseidon
2026-03-15 22:36:42 [MainThread      ]   GameAssetManager.cpp:697   INFO| Package Loaded: Poseidon 47Mb in 0.01s
2026-03-15 22:37:28 [MainThread      ]     BinarySaveData.cpp:42    INFO| PrepareForWrite dataSize = 9 bytes
2026-03-15 22:37:28 [SmallTaskScheduler]     BinarySaveData.cpp:17    INFO| Writing 9 bytes
2026-03-15 22:37:56 [MainThread      ]     BinarySaveData.cpp:42    INFO| PrepareForWrite dataSize = 9 bytes
2026-03-15 22:37:56 [MainThread      ]   GameAssetManager.cpp:894   INFO| Unloading: Charon
2026-03-15 22:37:56 [MainThread      ]   GameAssetManager.cpp:899   INFO| 	Charon bank: 0.00 ms
2026-03-15 22:37:56 [MainThread      ]   GameAssetManager.cpp:906   INFO| 	Charon package: 0.19 ms
2026-03-15 22:37:56 [MainThread      ]   GameAssetManager.cpp:894   INFO| Unloading: Hestia
2026-03-15 22:37:56 [MainThread      ]   GameAssetManager.cpp:899   INFO| 	Hestia bank: 0.00 ms
2026-03-15 22:37:56 [SmallTaskScheduler]     BinarySaveData.cpp:17    INFO| Writing 9 bytes
2026-03-15 22:37:56 [MainThread      ]   GameAssetManager.cpp:906   INFO| 	Hestia package: 0.12 ms
2026-03-15 22:37:56 [MainThread      ]   GameAssetManager.cpp:894   INFO| Unloading: Poseidon
2026-03-15 22:37:56 [MainThread      ]   GameAssetManager.cpp:899   INFO| 	Poseidon bank: 0.00 ms
2026-03-15 22:37:56 [MainThread      ]   GameAssetManager.cpp:906   INFO| 	Poseidon package: 0.09 ms
2026-03-15 22:37:56 [MainThread      ]   GameAssetManager.cpp:894   INFO| Unloading: Selene
2026-03-15 22:37:56 [MainThread      ]   GameAssetManager.cpp:899   INFO| 	Selene bank: 0.00 ms
2026-03-15 22:37:56 [MainThread      ]   GameAssetManager.cpp:906   INFO| 	Selene package: 0.11 ms
2026-03-15 22:37:57 [MainThread      ]              World.cpp:1373  INFO| World::Begin() F_PreBoss01 -> F_Boss01
2026-03-15 22:37:57 [MainThread      ]                 Pool.h:210   INFO| Projectile 0 / 217 (max 32) (594kb)
2026-03-15 22:37:57 [MainThread      ]                 Pool.h:210   INFO| HomingProjectile 0 / 108 (max 47) (297kb)
2026-03-15 22:37:57 [MainThread      ]                 Pool.h:210   INFO| BeamProjectile 0 / 81 (max 3) (225kb)
2026-03-15 22:37:57 [MainThread      ]                 Pool.h:210   INFO| LobProjectile 0 / 81 (max 10) (224kb)
2026-03-15 22:37:57 [MainThread      ]                 Pool.h:210   INFO| ArcProjectile 0 / 81 (max 13) (223kb)
2026-03-15 22:37:57 [MainThread      ]                 Pool.h:210   INFO| InstantProjectile 0 / 108 (max 10) (295kb)
2026-03-15 22:37:57 [MainThread      ]                 Pool.h:210   INFO| Effect 0 / 256 (max 52) (79kb)
2026-03-15 22:37:57 [MainThread      ]    ProgressManager.cpp:1106  INFO| Lua::Save() : 0.004185 s
2026-03-15 22:37:57 [MainThread      ]    ProgressManager.cpp:1038  INFO| GatherSaveData : 0.005242 s
2026-03-15 22:37:57 [MainThread      ]     BinarySaveData.cpp:42    INFO| PrepareForWrite dataSize = 291567 bytes
2026-03-15 22:37:57 [MainThread      ]     BinarySaveData.cpp:47    INFO| PrepareForWrite checksum = 9afa1bb2 bytes
2026-03-15 22:37:57 [MainThread      ]              World.cpp:1435  INFO| Finished World::Begin (0.011185 seconds)
2026-03-15 22:37:57 [LoadTaskScheduler]              World.cpp:1298  INFO| Started preScriptLoadTask
2026-03-15 22:37:57 [LoadTaskScheduler]              World.cpp:1263  INFO| Started loadMapDataTask (F_Boss01)
2026-03-15 22:37:57 [LoadTaskScheduler]              World.cpp:1304  INFO| Finished preScriptLoadTask (0.000000 seconds)
2026-03-15 22:37:57 [LoadTaskScheduler]              World.cpp:1313  INFO| Started loadPackagesTask
2026-03-15 22:37:57 [LoadTaskScheduler]              World.cpp:1317  INFO| Finished loadPackagesTask (0.000003 seconds)
2026-03-15 22:37:57 [LoadTaskScheduler]              World.cpp:1324  INFO| Started postLoadTask
2026-03-15 22:37:57 [LoadTaskScheduler]              World.cpp:1334  INFO| Done waiting for packages and pre-scripts task
2026-03-15 22:37:57 [SmallTaskScheduler]     BinarySaveData.cpp:17    INFO| Writing 291567 bytes
2026-03-15 22:37:57 [LoadTaskScheduler]     BinaryLoadData.cpp:12    INFO| Reading 279118 bytes
2026-03-15 22:37:57 [LoadTaskScheduler]              World.cpp:1292  INFO| Finished loadMapDataTask (0.001724 seconds)
2026-03-15 22:37:57 [LoadTaskScheduler]              World.cpp:1341  INFO| Calling PostLoad
2026-03-15 22:37:57 [LoadTaskScheduler]   GameAssetManager.cpp:668   INFO| Loading package: NPC_Artemis_Field_01.pkg
2026-03-15 22:37:57 [LoadTaskScheduler]   GameAssetManager.cpp:668   INFO| Loading package: PoseidonUpgrade.pkg
2026-03-15 22:37:57 [LoadTaskScheduler]   GameAssetManager.cpp:668   INFO| Loading package: TrialUpgrade.pkg
2026-03-15 22:37:57 [LoadTaskScheduler]   GameAssetManager.cpp:668   INFO| Loading package: HestiaUpgrade.pkg
2026-03-15 22:37:57 [LoadTaskScheduler]       AudioManager.cpp:1273  INFO| Unloaded Voice bank: Hestia in 0.00s
2026-03-15 22:37:57 [LoadTaskScheduler]       AudioManager.cpp:1273  INFO| Unloaded Voice bank: Selene in 0.00s
2026-03-15 22:37:57 [LoadTaskScheduler]       AudioManager.cpp:1273  INFO| Unloaded Voice bank: Poseidon in 0.00s
2026-03-15 22:37:57 [LoadTaskScheduler]       AudioManager.cpp:1273  INFO| Unloaded Voice bank: Charon in 0.00s
2026-03-15 22:37:57 [LoadTaskScheduler]   GameAssetManager.cpp:668   INFO| Loading package: Hecate.pkg
2026-03-15 22:37:57 [LoadTaskScheduler]   GameAssetManager.cpp:581   INFO| Start reading manifest Hecate
2026-03-15 22:37:57 [LoadTaskScheduler]   GameAssetManager.cpp:642   INFO| Done reading manifest Hecate
2026-03-15 22:37:57 [LoadTaskScheduler]   GameAssetManager.cpp:697   INFO| Package Loaded: Hecate 55Mb in 0.02s
2026-03-15 22:37:57 [LoadTaskScheduler]              World.cpp:1343  INFO| Finished PostLoad
2026-03-15 22:37:57 [LoadTaskScheduler]              World.cpp:1348  INFO| Finished postLoadTask (0.035681 seconds)
2026-03-15 22:37:57 [MainThread      ]              World.cpp:1359  INFO| Started loadScreen onExit
2026-03-15 22:37:57 [MainThread      ]      ScriptManager.cpp:1001  INFO| Lua GC took 0.04 seconds
2026-03-15 22:37:57 [MainThread      ]       AudioManager.cpp:1233  INFO| Voice bank loaded successfully: Selene (469 lines in 0.000642 seconds)
2026-03-15 22:37:57 [MainThread      ]       AudioManager.cpp:1233  INFO| Voice bank loaded successfully: Hecate (830 lines in 0.000752 seconds)
2026-03-15 22:37:57 [MainThread      ]       AudioManager.cpp:1233  INFO| Voice bank loaded successfully: HecateField (478 lines in 0.000521 seconds)
2026-03-15 22:37:57 [MainThread      ]              World.cpp:1366  INFO| Finished loadScreen onExit (0.049743 seconds)
2026-03-15 22:38:59 [MainThread      ]     BinarySaveData.cpp:42    INFO| PrepareForWrite dataSize = 9 bytes
2026-03-15 22:38:59 [SmallTaskScheduler]     BinarySaveData.cpp:17    INFO| Writing 9 bytes
2026-03-15 22:40:09 [MainThread      ]    ProgressManager.cpp:1106  INFO| Lua::Save() : 0.003917 s
2026-03-15 22:40:09 [MainThread      ]    ProgressManager.cpp:1038  INFO| GatherSaveData : 0.004993 s
2026-03-15 22:40:09 [MainThread      ]     BinarySaveData.cpp:42    INFO| PrepareForWrite dataSize = 295488 bytes
2026-03-15 22:40:09 [MainThread      ]     BinarySaveData.cpp:47    INFO| PrepareForWrite checksum = 94f7e7a bytes
2026-03-15 22:40:09 [MainThread      ]     BinarySaveData.cpp:42    INFO| PrepareForWrite dataSize = 9 bytes
2026-03-15 22:40:09 [SmallTaskScheduler]     BinarySaveData.cpp:17    INFO| Writing 295488 bytes
2026-03-15 22:40:09 [SmallTaskScheduler]     BinarySaveData.cpp:17    INFO| Writing 9 bytes
2026-03-15 22:40:12 [MainThread      ]     BinarySaveData.cpp:42    INFO| PrepareForWrite dataSize = 9 bytes
2026-03-15 22:40:12 [SmallTaskScheduler]     BinarySaveData.cpp:17    INFO| Writing 9 bytes
2026-03-15 22:40:30 [MainThread      ]     BinarySaveData.cpp:42    INFO| PrepareForWrite dataSize = 9 bytes
2026-03-15 22:40:30 [MainThread      ]   GameAssetManager.cpp:894   INFO| Unloading: Hecate
2026-03-15 22:40:30 [MainThread      ]   GameAssetManager.cpp:899   INFO| 	Hecate bank: 0.00 ms
2026-03-15 22:40:30 [MainThread      ]   GameAssetManager.cpp:906   INFO| 	Hecate package: 0.19 ms
2026-03-15 22:40:30 [SmallTaskScheduler]     BinarySaveData.cpp:17    INFO| Writing 9 bytes
2026-03-15 22:40:30 [MainThread      ]              World.cpp:1373  INFO| World::Begin() F_Boss01 -> F_PostBoss01
2026-03-15 22:40:30 [MainThread      ]                 Pool.h:210   INFO| Projectile 0 / 217 (max 37) (594kb)
2026-03-15 22:40:30 [MainThread      ]                 Pool.h:210   INFO| HomingProjectile 0 / 108 (max 47) (297kb)
2026-03-15 22:40:30 [MainThread      ]                 Pool.h:210   INFO| BeamProjectile 0 / 81 (max 3) (225kb)
2026-03-15 22:40:30 [MainThread      ]                 Pool.h:210   INFO| LobProjectile 0 / 81 (max 10) (224kb)
2026-03-15 22:40:30 [MainThread      ]                 Pool.h:210   INFO| ArcProjectile 0 / 81 (max 13) (223kb)
2026-03-15 22:40:30 [MainThread      ]                 Pool.h:210   INFO| InstantProjectile 0 / 108 (max 10) (295kb)
2026-03-15 22:40:30 [MainThread      ]                 Pool.h:210   INFO| Effect 0 / 256 (max 52) (79kb)
2026-03-15 22:40:30 [MainThread      ]    ProgressManager.cpp:1106  INFO| Lua::Save() : 0.004368 s
2026-03-15 22:40:30 [MainThread      ]    ProgressManager.cpp:1038  INFO| GatherSaveData : 0.005592 s
2026-03-15 22:40:30 [MainThread      ]     BinarySaveData.cpp:42    INFO| PrepareForWrite dataSize = 299623 bytes
2026-03-15 22:40:30 [MainThread      ]     BinarySaveData.cpp:47    INFO| PrepareForWrite checksum = 65e6d983 bytes
2026-03-15 22:40:30 [MainThread      ]              World.cpp:1435  INFO| Finished World::Begin (0.013403 seconds)
2026-03-15 22:40:30 [LoadTaskScheduler]              World.cpp:1263  INFO| Started loadMapDataTask (F_PostBoss01)
2026-03-15 22:40:30 [LoadTaskScheduler]              World.cpp:1298  INFO| Started preScriptLoadTask
2026-03-15 22:40:30 [LoadTaskScheduler]              World.cpp:1304  INFO| Finished preScriptLoadTask (0.000000 seconds)
2026-03-15 22:40:30 [LoadTaskScheduler]              World.cpp:1313  INFO| Started loadPackagesTask
2026-03-15 22:40:30 [LoadTaskScheduler]              World.cpp:1317  INFO| Finished loadPackagesTask (0.000003 seconds)
2026-03-15 22:40:30 [LoadTaskScheduler]              World.cpp:1324  INFO| Started postLoadTask
2026-03-15 22:40:30 [LoadTaskScheduler]              World.cpp:1334  INFO| Done waiting for packages and pre-scripts task
2026-03-15 22:40:30 [SmallTaskScheduler]     BinarySaveData.cpp:17    INFO| Writing 299623 bytes
2026-03-15 22:40:30 [LoadTaskScheduler]     BinaryLoadData.cpp:12    INFO| Reading 261155 bytes
2026-03-15 22:40:30 [LoadTaskScheduler]              World.cpp:1292  INFO| Finished loadMapDataTask (0.001909 seconds)
2026-03-15 22:40:30 [LoadTaskScheduler]              World.cpp:1341  INFO| Calling PostLoad
2026-03-15 22:40:30 [LoadTaskScheduler]   GameAssetManager.cpp:668   INFO| Loading package: NPC_Artemis_Field_01.pkg
2026-03-15 22:40:30 [LoadTaskScheduler]   GameAssetManager.cpp:668   INFO| Loading package: PoseidonUpgrade.pkg
2026-03-15 22:40:30 [LoadTaskScheduler]   GameAssetManager.cpp:668   INFO| Loading package: TrialUpgrade.pkg
2026-03-15 22:40:30 [LoadTaskScheduler]   GameAssetManager.cpp:668   INFO| Loading package: HestiaUpgrade.pkg
2026-03-15 22:40:30 [LoadTaskScheduler]       AudioManager.cpp:1273  INFO| Unloaded Voice bank: Selene in 0.00s
2026-03-15 22:40:30 [LoadTaskScheduler]       AudioManager.cpp:1273  INFO| Unloaded Voice bank: Hecate in 0.00s
2026-03-15 22:40:30 [LoadTaskScheduler]       AudioManager.cpp:1273  INFO| Unloaded Voice bank: HecateField in 0.00s
2026-03-15 22:40:30 [LoadTaskScheduler]              World.cpp:1343  INFO| Finished PostLoad
2026-03-15 22:40:30 [LoadTaskScheduler]              World.cpp:1348  INFO| Finished postLoadTask (0.016765 seconds)
2026-03-15 22:40:30 [MainThread      ]              World.cpp:1359  INFO| Started loadScreen onExit
2026-03-15 22:40:30 [MainThread      ]      ScriptManager.cpp:1001  INFO| Lua GC took 0.04 seconds
2026-03-15 22:40:30 [MainThread      ]       AudioManager.cpp:1233  INFO| Voice bank loaded successfully: Intercom (148 lines in 0.000540 seconds)
2026-03-15 22:40:30 [MainThread      ]       AudioManager.cpp:1233  INFO| Voice bank loaded successfully: AphroditeKeepsake (3 lines in 0.000274 seconds)
2026-03-15 22:40:30 [MainThread      ]       AudioManager.cpp:1233  INFO| Voice bank loaded successfully: ApolloKeepsake (2 lines in 0.000233 seconds)
2026-03-15 22:40:30 [MainThread      ]       AudioManager.cpp:1233  INFO| Voice bank loaded successfully: ArachneKeepsake (2 lines in 0.000215 seconds)
2026-03-15 22:40:30 [MainThread      ]       AudioManager.cpp:1233  INFO| Voice bank loaded successfully: AresKeepsake (2 lines in 0.000364 seconds)
2026-03-15 22:40:30 [MainThread      ]       AudioManager.cpp:1233  INFO| Voice bank loaded successfully: ArtemisKeepsake (2 lines in 0.000189 seconds)
2026-03-15 22:40:30 [MainThread      ]       AudioManager.cpp:1233  INFO| Voice bank loaded successfully: AthenaKeepsake (2 lines in 0.000226 seconds)
2026-03-15 22:40:30 [MainThread      ]       AudioManager.cpp:1233  INFO| Voice bank loaded successfully: ChaosKeepsake (2 lines in 0.000259 seconds)
2026-03-15 22:40:30 [MainThread      ]       AudioManager.cpp:1233  INFO| Voice bank loaded successfully: CharonKeepsake (2 lines in 0.000178 seconds)
2026-03-15 22:40:30 [MainThread      ]       AudioManager.cpp:1233  INFO| Voice bank loaded successfully: ChronosKeepsake (2 lines in 0.000267 seconds)
2026-03-15 22:40:30 [MainThread      ]       AudioManager.cpp:1233  INFO| Voice bank loaded successfully: CirceKeepsake (2 lines in 0.000273 seconds)
2026-03-15 22:40:30 [MainThread      ]       AudioManager.cpp:1233  INFO| Voice bank loaded successfully: DemeterKeepsake (2 lines in 0.000278 seconds)
2026-03-15 22:40:30 [MainThread      ]       AudioManager.cpp:1233  INFO| Voice bank loaded successfully: DionysusKeepsake (2 lines in 0.000255 seconds)
2026-03-15 22:40:30 [MainThread      ]       AudioManager.cpp:1233  INFO| Voice bank loaded successfully: DoraKeepsake (2 lines in 0.000187 seconds)
2026-03-15 22:40:30 [MainThread      ]       AudioManager.cpp:1233  INFO| Voice bank loaded successfully: EchoKeepsake (2 lines in 0.000286 seconds)
2026-03-15 22:40:30 [MainThread      ]       AudioManager.cpp:1233  INFO| Voice bank loaded successfully: ErisKeepsake (2 lines in 0.000215 seconds)
2026-03-15 22:40:30 [MainThread      ]       AudioManager.cpp:1233  INFO| Voice bank loaded successfully: HadesKeepsake (2 lines in 0.000184 seconds)
2026-03-15 22:40:30 [MainThread      ]       AudioManager.cpp:1233  INFO| Voice bank loaded successfully: HecateKeepsake (3 lines in 0.000191 seconds)
2026-03-15 22:40:30 [MainThread      ]       AudioManager.cpp:1233  INFO| Voice bank loaded successfully: HephaestusKeepsake (2 lines in 0.000215 seconds)
2026-03-15 22:40:30 [MainThread      ]       AudioManager.cpp:1233  INFO| Voice bank loaded successfully: HeraclesKeepsake (2 lines in 0.000264 seconds)
2026-03-15 22:40:30 [MainThread      ]       AudioManager.cpp:1233  INFO| Voice bank loaded successfully: HeraKeepsake (4 lines in 0.000186 seconds)
2026-03-15 22:40:30 [MainThread      ]       AudioManager.cpp:1233  INFO| Voice bank loaded successfully: HermesKeepsake (2 lines in 0.000175 seconds)
2026-03-15 22:40:30 [MainThread      ]       AudioManager.cpp:1233  INFO| Voice bank loaded successfully: HestiaKeepsake (2 lines in 0.000184 seconds)
2026-03-15 22:40:30 [MainThread      ]       AudioManager.cpp:1233  INFO| Voice bank loaded successfully: IcarusKeepsake (2 lines in 0.000224 seconds)
2026-03-15 22:40:30 [MainThread      ]       AudioManager.cpp:1233  INFO| Voice bank loaded successfully: MedeaKeepsake (2 lines in 0.000265 seconds)
2026-03-15 22:40:30 [MainThread      ]       AudioManager.cpp:1233  INFO| Voice bank loaded successfully: MorosKeepsake (2 lines in 0.000316 seconds)
2026-03-15 22:40:30 [MainThread      ]       AudioManager.cpp:1233  INFO| Voice bank loaded successfully: NarcissusKeepsake (4 lines in 0.000193 seconds)
2026-03-15 22:40:30 [MainThread      ]       AudioManager.cpp:1233  INFO| Voice bank loaded successfully: NemesisKeepsake (4 lines in 0.000241 seconds)
2026-03-15 22:40:30 [MainThread      ]       AudioManager.cpp:1233  INFO| Voice bank loaded successfully: OdysseusKeepsake (2 lines in 0.000192 seconds)
2026-03-15 22:40:30 [MainThread      ]       AudioManager.cpp:1233  INFO| Voice bank loaded successfully: PersephoneKeepsake (2 lines in 0.000267 seconds)
2026-03-15 22:40:30 [MainThread      ]       AudioManager.cpp:1233  INFO| Voice bank loaded successfully: PoseidonKeepsake (2 lines in 0.000194 seconds)
2026-03-15 22:40:30 [MainThread      ]       AudioManager.cpp:1233  INFO| Voice bank loaded successfully: SeleneKeepsake (2 lines in 0.000225 seconds)
2026-03-15 22:40:30 [MainThread      ]       AudioManager.cpp:1233  INFO| Voice bank loaded successfully: SkellyKeepsake (3 lines in 0.000224 seconds)
2026-03-15 22:40:30 [MainThread      ]       AudioManager.cpp:1233  INFO| Voice bank loaded successfully: ZagreusKeepsake (2 lines in 0.000221 seconds)
2026-03-15 22:40:30 [MainThread      ]       AudioManager.cpp:1233  INFO| Voice bank loaded successfully: ZeusKeepsake (2 lines in 0.000231 seconds)
2026-03-15 22:40:30 [MainThread      ]       AudioManager.cpp:1233  INFO| Voice bank loaded successfully: Chronos (1309 lines in 0.000911 seconds)
2026-03-15 22:40:30 [MainThread      ]   GameAssetManager.cpp:668   INFO| Loading package: Chronos.pkg
2026-03-15 22:40:30 [MainThread      ]   GameAssetManager.cpp:581   INFO| Start reading manifest Chronos
2026-03-15 22:40:30 [MainThread      ]   GameAssetManager.cpp:642   INFO| Done reading manifest Chronos
2026-03-15 22:40:30 [MainThread      ]   GameAssetManager.cpp:697   INFO| Package Loaded: Chronos 57Mb in 0.02s
2026-03-15 22:40:30 [MainThread      ]              World.cpp:1366  INFO| Finished loadScreen onExit (0.082900 seconds)
2026-03-15 22:40:56 [MainThread      ]   GameAssetManager.cpp:894   INFO| Unloading: BiomeF
2026-03-15 22:40:56 [MainThread      ]   GameAssetManager.cpp:899   INFO| 	BiomeF bank: 0.00 ms
2026-03-15 22:40:56 [MainThread      ]   GameAssetManager.cpp:906   INFO| 	BiomeF package: 2.14 ms
2026-03-15 22:40:56 [MainThread      ]   GameAssetManager.cpp:668   INFO| Loading package: BiomeMap.pkg
2026-03-15 22:40:56 [MainThread      ]   GameAssetManager.cpp:581   INFO| Start reading manifest BiomeMap
2026-03-15 22:40:56 [MainThread      ]   GameAssetManager.cpp:642   INFO| Done reading manifest BiomeMap
2026-03-15 22:40:56 [MainThread      ]   GameAssetManager.cpp:697   INFO| Package Loaded: BiomeMap 76Mb in 0.03s
2026-03-15 22:40:56 [MainThread      ]       AudioManager.cpp:966   INFO| Loading bank: BiomeMap
2026-03-15 22:40:56 [MainThread      ]       AudioManager.cpp:981   INFO| Audio bank loaded successfully: BiomeMap (6Mb in 0.04s)
2026-03-15 22:41:02 [MainThread      ]     BinarySaveData.cpp:42    INFO| PrepareForWrite dataSize = 9 bytes
2026-03-15 22:41:02 [MainThread      ]   GameAssetManager.cpp:894   INFO| Unloading: Chronos
2026-03-15 22:41:02 [MainThread      ]   GameAssetManager.cpp:899   INFO| 	Chronos bank: 0.00 ms
2026-03-15 22:41:02 [SmallTaskScheduler]     BinarySaveData.cpp:17    INFO| Writing 9 bytes
2026-03-15 22:41:02 [MainThread      ]   GameAssetManager.cpp:906   INFO| 	Chronos package: 0.34 ms
2026-03-15 22:41:02 [MainThread      ]              World.cpp:1373  INFO| World::Begin() F_PostBoss01 -> G_Intro
2026-03-15 22:41:02 [MainThread      ]                 Pool.h:210   INFO| Projectile 0 / 217 (max 37) (594kb)
2026-03-15 22:41:02 [MainThread      ]                 Pool.h:210   INFO| HomingProjectile 0 / 108 (max 47) (297kb)
2026-03-15 22:41:02 [MainThread      ]                 Pool.h:210   INFO| BeamProjectile 0 / 81 (max 3) (225kb)
2026-03-15 22:41:02 [MainThread      ]                 Pool.h:210   INFO| LobProjectile 0 / 81 (max 10) (224kb)
2026-03-15 22:41:02 [MainThread      ]                 Pool.h:210   INFO| ArcProjectile 0 / 81 (max 13) (223kb)
2026-03-15 22:41:02 [MainThread      ]                 Pool.h:210   INFO| InstantProjectile 0 / 108 (max 10) (295kb)
2026-03-15 22:41:02 [MainThread      ]                 Pool.h:210   INFO| Effect 0 / 256 (max 52) (79kb)
2026-03-15 22:41:02 [MainThread      ]    ProgressManager.cpp:1106  INFO| Lua::Save() : 0.004110 s
2026-03-15 22:41:02 [MainThread      ]    ProgressManager.cpp:1038  INFO| GatherSaveData : 0.005196 s
2026-03-15 22:41:02 [MainThread      ]     BinarySaveData.cpp:42    INFO| PrepareForWrite dataSize = 303877 bytes
2026-03-15 22:41:02 [MainThread      ]     BinarySaveData.cpp:47    INFO| PrepareForWrite checksum = 7da81c44 bytes
2026-03-15 22:41:02 [MainThread      ]   GameAssetManager.cpp:894   INFO| Unloading: BiomeMap
2026-03-15 22:41:02 [MainThread      ]   GameAssetManager.cpp:899   INFO| 	BiomeMap bank: 0.00 ms
2026-03-15 22:41:02 [MainThread      ]   GameAssetManager.cpp:906   INFO| 	BiomeMap package: 0.07 ms
2026-03-15 22:41:02 [MainThread      ]   GameAssetManager.cpp:894   INFO| Unloading: WeaponCast
2026-03-15 22:41:02 [MainThread      ]   GameAssetManager.cpp:899   INFO| 	WeaponCast bank: 0.00 ms
2026-03-15 22:41:02 [SmallTaskScheduler]     BinarySaveData.cpp:17    INFO| Writing 303877 bytes
2026-03-15 22:41:02 [MainThread      ]   GameAssetManager.cpp:906   INFO| 	WeaponCast package: 0.75 ms
2026-03-15 22:41:02 [MainThread      ]   GameAssetManager.cpp:894   INFO| Unloading: WeaponAxe
2026-03-15 22:41:02 [MainThread      ]   GameAssetManager.cpp:899   INFO| 	WeaponAxe bank: 0.00 ms
2026-03-15 22:41:02 [MainThread      ]   GameAssetManager.cpp:906   INFO| 	WeaponAxe package: 0.31 ms
2026-03-15 22:41:02 [MainThread      ]   GameAssetManager.cpp:894   INFO| Unloading: WeaponSpellSummon
2026-03-15 22:41:02 [MainThread      ]   GameAssetManager.cpp:899   INFO| 	WeaponSpellSummon bank: 0.00 ms
2026-03-15 22:41:02 [MainThread      ]   GameAssetManager.cpp:906   INFO| 	WeaponSpellSummon package: 0.02 ms
2026-03-15 22:41:02 [MainThread      ]   GameAssetManager.cpp:894   INFO| Unloading: WeaponBlink
2026-03-15 22:41:02 [MainThread      ]   GameAssetManager.cpp:899   INFO| 	WeaponBlink bank: 0.00 ms
2026-03-15 22:41:02 [MainThread      ]   GameAssetManager.cpp:906   INFO| 	WeaponBlink package: 0.06 ms
2026-03-15 22:41:02 [MainThread      ]   GameAssetManager.cpp:894   INFO| Unloading: RavenFamiliar
2026-03-15 22:41:02 [MainThread      ]   GameAssetManager.cpp:899   INFO| 	RavenFamiliar bank: 0.00 ms
2026-03-15 22:41:02 [MainThread      ]   GameAssetManager.cpp:906   INFO| 	RavenFamiliar package: 0.02 ms
2026-03-15 22:41:02 [MainThread      ]              World.cpp:1435  INFO| Finished World::Begin (0.013404 seconds)
2026-03-15 22:41:02 [LoadTaskScheduler]              World.cpp:1263  INFO| Started loadMapDataTask (G_Intro)
2026-03-15 22:41:02 [LoadTaskScheduler]              World.cpp:1298  INFO| Started preScriptLoadTask
2026-03-15 22:41:02 [LoadTaskScheduler]              World.cpp:1304  INFO| Finished preScriptLoadTask (0.000000 seconds)
2026-03-15 22:41:02 [LoadTaskScheduler]              World.cpp:1313  INFO| Started loadPackagesTask
2026-03-15 22:41:02 [LoadTaskScheduler]   GameAssetManager.cpp:668   INFO| Loading package: BiomeG.pkg
2026-03-15 22:41:02 [LoadTaskScheduler]   GameAssetManager.cpp:581   INFO| Start reading manifest BiomeG
2026-03-15 22:41:02 [LoadTaskScheduler]     BinaryLoadData.cpp:12    INFO| Reading 252345 bytes
2026-03-15 22:41:02 [LoadTaskScheduler]              World.cpp:1292  INFO| Finished loadMapDataTask (0.001937 seconds)
2026-03-15 22:41:02 [LoadTaskScheduler]              World.cpp:1324  INFO| Started postLoadTask
2026-03-15 22:41:02 [LoadTaskScheduler]   GameAssetManager.cpp:642   INFO| Done reading manifest BiomeG
2026-03-15 22:41:02 [LoadTaskScheduler]   GameAssetManager.cpp:697   INFO| Package Loaded: BiomeG 315Mb in 0.13s
2026-03-15 22:41:02 [LoadTaskScheduler]       AudioManager.cpp:966   INFO| Loading bank: BiomeG
2026-03-15 22:41:02 [LoadTaskScheduler]       AudioManager.cpp:981   INFO| Audio bank loaded successfully: BiomeG (17Mb in 0.03s)
2026-03-15 22:41:02 [LoadTaskScheduler]              World.cpp:1317  INFO| Finished loadPackagesTask (0.160228 seconds)
2026-03-15 22:41:02 [LoadTaskScheduler]              World.cpp:1334  INFO| Done waiting for packages and pre-scripts task
2026-03-15 22:41:02 [LoadTaskScheduler]              World.cpp:1341  INFO| Calling PostLoad
2026-03-15 22:41:02 [LoadTaskScheduler]   GameAssetManager.cpp:668   INFO| Loading package: NPC_Artemis_Field_01.pkg
2026-03-15 22:41:02 [LoadTaskScheduler]   GameAssetManager.cpp:668   INFO| Loading package: PoseidonUpgrade.pkg
2026-03-15 22:41:02 [LoadTaskScheduler]   GameAssetManager.cpp:668   INFO| Loading package: TrialUpgrade.pkg
2026-03-15 22:41:02 [LoadTaskScheduler]   GameAssetManager.cpp:668   INFO| Loading package: HestiaUpgrade.pkg
2026-03-15 22:41:02 [LoadTaskScheduler]       AudioManager.cpp:1273  INFO| Unloaded Voice bank: ZagreusKeepsake in 0.00s
2026-03-15 22:41:02 [LoadTaskScheduler]       AudioManager.cpp:1273  INFO| Unloaded Voice bank: CirceKeepsake in 0.00s
2026-03-15 22:41:02 [LoadTaskScheduler]       AudioManager.cpp:1273  INFO| Unloaded Voice bank: HeraclesKeepsake in 0.00s
2026-03-15 22:41:02 [LoadTaskScheduler]       AudioManager.cpp:1273  INFO| Unloaded Voice bank: EchoKeepsake in 0.00s
2026-03-15 22:41:02 [LoadTaskScheduler]       AudioManager.cpp:1273  INFO| Unloaded Voice bank: ChaosKeepsake in 0.00s
2026-03-15 22:41:02 [LoadTaskScheduler]       AudioManager.cpp:1273  INFO| Unloaded Voice bank: PoseidonKeepsake in 0.00s
2026-03-15 22:41:02 [LoadTaskScheduler]       AudioManager.cpp:1273  INFO| Unloaded Voice bank: HestiaKeepsake in 0.00s
2026-03-15 22:41:02 [LoadTaskScheduler]       AudioManager.cpp:1273  INFO| Unloaded Voice bank: SeleneKeepsake in 0.00s
2026-03-15 22:41:02 [LoadTaskScheduler]       AudioManager.cpp:1273  INFO| Unloaded Voice bank: HecateKeepsake in 0.00s
2026-03-15 22:41:02 [LoadTaskScheduler]       AudioManager.cpp:1273  INFO| Unloaded Voice bank: PersephoneKeepsake in 0.00s
2026-03-15 22:41:02 [LoadTaskScheduler]       AudioManager.cpp:1273  INFO| Unloaded Voice bank: HephaestusKeepsake in 0.00s
2026-03-15 22:41:02 [LoadTaskScheduler]       AudioManager.cpp:1273  INFO| Unloaded Voice bank: Intercom in 0.00s
2026-03-15 22:41:02 [LoadTaskScheduler]       AudioManager.cpp:1273  INFO| Unloaded Voice bank: SkellyKeepsake in 0.00s
2026-03-15 22:41:02 [LoadTaskScheduler]       AudioManager.cpp:1273  INFO| Unloaded Voice bank: Chronos in 0.00s
2026-03-15 22:41:02 [LoadTaskScheduler]       AudioManager.cpp:1273  INFO| Unloaded Voice bank: ArtemisKeepsake in 0.00s
2026-03-15 22:41:02 [LoadTaskScheduler]       AudioManager.cpp:1273  INFO| Unloaded Voice bank: ErisKeepsake in 0.00s
2026-03-15 22:41:02 [LoadTaskScheduler]       AudioManager.cpp:1273  INFO| Unloaded Voice bank: ArachneKeepsake in 0.00s
2026-03-15 22:41:02 [LoadTaskScheduler]       AudioManager.cpp:1273  INFO| Unloaded Voice bank: IcarusKeepsake in 0.00s
2026-03-15 22:41:02 [LoadTaskScheduler]       AudioManager.cpp:1273  INFO| Unloaded Voice bank: AresKeepsake in 0.00s
2026-03-15 22:41:02 [LoadTaskScheduler]       AudioManager.cpp:1273  INFO| Unloaded Voice bank: DionysusKeepsake in 0.00s
2026-03-15 22:41:02 [LoadTaskScheduler]       AudioManager.cpp:1273  INFO| Unloaded Voice bank: ApolloKeepsake in 0.00s
2026-03-15 22:41:02 [LoadTaskScheduler]       AudioManager.cpp:1273  INFO| Unloaded Voice bank: AthenaKeepsake in 0.00s
2026-03-15 22:41:02 [LoadTaskScheduler]       AudioManager.cpp:1273  INFO| Unloaded Voice bank: MedeaKeepsake in 0.00s
2026-03-15 22:41:02 [LoadTaskScheduler]       AudioManager.cpp:1273  INFO| Unloaded Voice bank: HermesKeepsake in 0.00s
2026-03-15 22:41:02 [LoadTaskScheduler]       AudioManager.cpp:1273  INFO| Unloaded Voice bank: ZeusKeepsake in 0.00s
2026-03-15 22:41:02 [LoadTaskScheduler]       AudioManager.cpp:1273  INFO| Unloaded Voice bank: DoraKeepsake in 0.00s
2026-03-15 22:41:02 [LoadTaskScheduler]       AudioManager.cpp:1273  INFO| Unloaded Voice bank: NemesisKeepsake in 0.00s
2026-03-15 22:41:02 [LoadTaskScheduler]       AudioManager.cpp:1273  INFO| Unloaded Voice bank: ChronosKeepsake in 0.00s
2026-03-15 22:41:02 [LoadTaskScheduler]       AudioManager.cpp:1273  INFO| Unloaded Voice bank: AphroditeKeepsake in 0.00s
2026-03-15 22:41:02 [LoadTaskScheduler]       AudioManager.cpp:1273  INFO| Unloaded Voice bank: HeraKeepsake in 0.00s
2026-03-15 22:41:02 [LoadTaskScheduler]       AudioManager.cpp:1273  INFO| Unloaded Voice bank: NarcissusKeepsake in 0.00s
2026-03-15 22:41:02 [LoadTaskScheduler]       AudioManager.cpp:1273  INFO| Unloaded Voice bank: HadesKeepsake in 0.00s
2026-03-15 22:41:02 [LoadTaskScheduler]       AudioManager.cpp:1273  INFO| Unloaded Voice bank: MorosKeepsake in 0.00s
2026-03-15 22:41:02 [LoadTaskScheduler]       AudioManager.cpp:1273  INFO| Unloaded Voice bank: DemeterKeepsake in 0.00s
2026-03-15 22:41:02 [LoadTaskScheduler]       AudioManager.cpp:1273  INFO| Unloaded Voice bank: OdysseusKeepsake in 0.00s
2026-03-15 22:41:02 [LoadTaskScheduler]       AudioManager.cpp:1273  INFO| Unloaded Voice bank: CharonKeepsake in 0.00s
2026-03-15 22:41:02 [LoadTaskScheduler]              World.cpp:1343  INFO| Finished PostLoad
2026-03-15 22:41:02 [LoadTaskScheduler]              World.cpp:1348  INFO| Finished postLoadTask (0.174132 seconds)
2026-03-15 22:41:02 [MainThread      ]              World.cpp:1359  INFO| Started loadScreen onExit
2026-03-15 22:41:03 [MainThread      ]      ScriptManager.cpp:1001  INFO| Lua GC took 0.04 seconds
2026-03-15 22:41:03 [MainThread      ]   GameAssetManager.cpp:668   INFO| Loading package: WeaponBlink.pkg
2026-03-15 22:41:03 [MainThread      ]   GameAssetManager.cpp:581   INFO| Start reading manifest WeaponBlink
2026-03-15 22:41:03 [MainThread      ]   GameAssetManager.cpp:642   INFO| Done reading manifest WeaponBlink
2026-03-15 22:41:03 [MainThread      ]   GameAssetManager.cpp:697   INFO| Package Loaded: WeaponBlink 2Mb in 0.00s
2026-03-15 22:41:03 [MainThread      ]       AudioManager.cpp:966   INFO| Loading bank: WeaponBlink
2026-03-15 22:41:03 [MainThread      ]       AudioManager.cpp:981   INFO| Audio bank loaded successfully: WeaponBlink (0Mb in 0.04s)
2026-03-15 22:41:03 [MainThread      ]   GameAssetManager.cpp:668   INFO| Loading package: WeaponCast.pkg
2026-03-15 22:41:03 [MainThread      ]   GameAssetManager.cpp:581   INFO| Start reading manifest WeaponCast
2026-03-15 22:41:03 [MainThread      ]   GameAssetManager.cpp:642   INFO| Done reading manifest WeaponCast
2026-03-15 22:41:03 [MainThread      ]   GameAssetManager.cpp:697   INFO| Package Loaded: WeaponCast 36Mb in 0.01s
2026-03-15 22:41:03 [MainThread      ]       AudioManager.cpp:966   INFO| Loading bank: WeaponCast
2026-03-15 22:41:03 [MainThread      ]       AudioManager.cpp:981   INFO| Audio bank loaded successfully: WeaponCast (0Mb in 0.02s)
2026-03-15 22:41:03 [MainThread      ]   GameAssetManager.cpp:668   INFO| Loading package: WeaponAxe.pkg
2026-03-15 22:41:03 [MainThread      ]   GameAssetManager.cpp:581   INFO| Start reading manifest WeaponAxe
2026-03-15 22:41:03 [MainThread      ]   GameAssetManager.cpp:642   INFO| Done reading manifest WeaponAxe
2026-03-15 22:41:03 [MainThread      ]   GameAssetManager.cpp:697   INFO| Package Loaded: WeaponAxe 13Mb in 0.01s
2026-03-15 22:41:03 [MainThread      ]       AudioManager.cpp:966   INFO| Loading bank: WeaponAxe
2026-03-15 22:41:03 [MainThread      ]       AudioManager.cpp:981   INFO| Audio bank loaded successfully: WeaponAxe (0Mb in 0.03s)
2026-03-15 22:41:03 [MainThread      ]   GameAssetManager.cpp:668   INFO| Loading package: WeaponSpellSummon.pkg
2026-03-15 22:41:03 [MainThread      ]   GameAssetManager.cpp:581   INFO| Start reading manifest WeaponSpellSummon
2026-03-15 22:41:03 [MainThread      ]   GameAssetManager.cpp:642   INFO| Done reading manifest WeaponSpellSummon
2026-03-15 22:41:03 [MainThread      ]   GameAssetManager.cpp:697   INFO| Package Loaded: WeaponSpellSummon 1Mb in 0.00s
2026-03-15 22:41:03 [MainThread      ]       AudioManager.cpp:966   INFO| Loading bank: WeaponSpellSummon
2026-03-15 22:41:03 [MainThread      ]       AudioManager.cpp:981   INFO| Audio bank loaded successfully: WeaponSpellSummon (0Mb in 0.04s)
2026-03-15 22:41:03 [MainThread      ]   GameAssetManager.cpp:668   INFO| Loading package: RavenFamiliar.pkg
2026-03-15 22:41:03 [MainThread      ]   GameAssetManager.cpp:581   INFO| Start reading manifest RavenFamiliar
2026-03-15 22:41:03 [MainThread      ]   GameAssetManager.cpp:642   INFO| Done reading manifest RavenFamiliar
2026-03-15 22:41:03 [MainThread      ]   GameAssetManager.cpp:697   INFO| Package Loaded: RavenFamiliar 2Mb in 0.01s
2026-03-15 22:41:03 [MainThread      ]       AudioManager.cpp:966   INFO| Loading bank: RavenFamiliar
2026-03-15 22:41:03 [MainThread      ]       AudioManager.cpp:981   INFO| Audio bank loaded successfully: RavenFamiliar (0Mb in 0.04s)
2026-03-15 22:41:03 [MainThread      ]              World.cpp:1366  INFO| Finished loadScreen onExit (0.259196 seconds)
2026-03-15 22:41:12 [MainThread      ]              World.cpp:1447  INFO| World::Stop()
2026-03-15 22:41:14 [MainThread      ]       AudioManager.cpp:356   INFO| AudioManager.reset
2026-03-15 22:41:14 [MainThread      ]       AudioManager.cpp:3766  INFO| AudioManager.reset, excludeId = -1, fullWipe = true
2026-03-15 22:41:14 [MainThread      ]     ProfileManager.cpp:145   INFO| saveProfile()
2026-03-15 22:41:14 [SmallTaskScheduler]     ProfileManager.cpp:96    INFO| beginning profile write
2026-03-15 22:41:14 [MainThread      ]                 Pool.h:210   INFO| Projectile 0 / 217 (max 37) (594kb)
2026-03-15 22:41:14 [MainThread      ]                 Pool.h:210   INFO| HomingProjectile 0 / 108 (max 47) (297kb)
2026-03-15 22:41:14 [MainThread      ]                 Pool.h:210   INFO| BeamProjectile 0 / 81 (max 3) (225kb)
2026-03-15 22:41:14 [MainThread      ]                 Pool.h:210   INFO| LobProjectile 0 / 81 (max 10) (224kb)
2026-03-15 22:41:14 [MainThread      ]                 Pool.h:210   INFO| ArcProjectile 0 / 81 (max 13) (223kb)
2026-03-15 22:41:14 [MainThread      ]                 Pool.h:210   INFO| InstantProjectile 0 / 108 (max 10) (295kb)
2026-03-15 22:41:14 [SmallTaskScheduler]     ProfileManager.cpp:126   INFO| profile write done
2026-03-15 22:41:14 [MainThread      ]                 Pool.h:210   INFO| Effect 0 / 256 (max 52) (79kb)
2026-03-15 22:41:14 [MainThread      ]   GameAssetManager.cpp:894   INFO| Unloading: WeaponCast
2026-03-15 22:41:14 [MainThread      ]   GameAssetManager.cpp:899   INFO| 	WeaponCast bank: 0.00 ms
2026-03-15 22:41:14 [MainThread      ]   GameAssetManager.cpp:906   INFO| 	WeaponCast package: 0.86 ms
2026-03-15 22:41:14 [MainThread      ]   GameAssetManager.cpp:894   INFO| Unloading: WeaponAxe
2026-03-15 22:41:14 [MainThread      ]   GameAssetManager.cpp:899   INFO| 	WeaponAxe bank: 0.00 ms
2026-03-15 22:41:14 [MainThread      ]   GameAssetManager.cpp:906   INFO| 	WeaponAxe package: 0.31 ms
2026-03-15 22:41:14 [MainThread      ]   GameAssetManager.cpp:894   INFO| Unloading: WeaponSpellSummon
2026-03-15 22:41:14 [MainThread      ]   GameAssetManager.cpp:899   INFO| 	WeaponSpellSummon bank: 0.00 ms
2026-03-15 22:41:14 [MainThread      ]   GameAssetManager.cpp:906   INFO| 	WeaponSpellSummon package: 0.02 ms
2026-03-15 22:41:14 [MainThread      ]   GameAssetManager.cpp:894   INFO| Unloading: WeaponBlink
2026-03-15 22:41:14 [MainThread      ]   GameAssetManager.cpp:899   INFO| 	WeaponBlink bank: 0.00 ms
2026-03-15 22:41:14 [MainThread      ]   GameAssetManager.cpp:906   INFO| 	WeaponBlink package: 0.08 ms
2026-03-15 22:41:14 [MainThread      ]   GameAssetManager.cpp:668   INFO| Loading package: MainMenu.pkg
2026-03-15 22:41:14 [MainThread      ]   GameAssetManager.cpp:581   INFO| Start reading manifest MainMenu
2026-03-15 22:41:14 [MainThread      ]   GameAssetManager.cpp:642   INFO| Done reading manifest MainMenu
2026-03-15 22:41:14 [MainThread      ]   GameAssetManager.cpp:697   INFO| Package Loaded: MainMenu 65Mb in 0.02s
2026-03-15 22:41:20 [MainThread      ]     ProfileManager.cpp:145   INFO| saveProfile()
2026-03-15 22:41:20 [MainThread      ]     MainMenuScreen.cpp:882   INFO| MainMenuScreen::ExitGame()
2026-03-15 22:41:20 [SmallTaskScheduler]     ProfileManager.cpp:96    INFO| beginning profile write
2026-03-15 22:41:20 [RenderThread    ]            Program.cpp:2114  INFO| renderThread exit
2026-03-15 22:41:20 [SmallTaskScheduler]     ProfileManager.cpp:126   INFO| profile write done
2026-03-15 22:41:20 [MainThread      ]            Program.cpp:183   INFO| IrisMainApp::Exit()
2026-03-15 22:41:22 [SmallTaskScheduler] GameAnalyticsService.cp:458   INFO| GameAnalytics end_session event response: 200
 {}
2026-03-15 22:41:22 [MainThread      ]                App.cpp:231   INFO| App Shutdown
2026-03-15 22:41:22 [MainThread      ]                App.cpp:246   INFO| ScreenManager Shutdown
2026-03-15 22:41:22 [MainThread      ]           InGameUI.cpp:60    INFO| InGameUI Destroy
2026-03-15 22:41:22 [MainThread      ]                App.cpp:256   INFO| AudioManager Shutdown
2026-03-15 22:41:22 [MainThread      ]                App.cpp:259   INFO| World Shutdown
2026-03-15 22:41:22 [MainThread      ]                 Pool.h:210   INFO| Projectile 0 / 217 (max 37) (594kb)
2026-03-15 22:41:22 [MainThread      ]                 Pool.h:210   INFO| HomingProjectile 0 / 108 (max 47) (297kb)
2026-03-15 22:41:22 [MainThread      ]                 Pool.h:210   INFO| BeamProjectile 0 / 81 (max 3) (225kb)
2026-03-15 22:41:22 [MainThread      ]                 Pool.h:210   INFO| LobProjectile 0 / 81 (max 10) (224kb)
2026-03-15 22:41:22 [MainThread      ]                 Pool.h:210   INFO| ArcProjectile 0 / 81 (max 13) (223kb)
2026-03-15 22:41:22 [MainThread      ]                 Pool.h:210   INFO| InstantProjectile 0 / 108 (max 10) (295kb)
2026-03-15 22:41:22 [MainThread      ]                 Pool.h:210   INFO| Effect 0 / 256 (max 52) (79kb)
2026-03-15 22:41:22 [MainThread      ]                 Pool.h:210   INFO| Effect 0 / 256 (max 52) (79kb)
2026-03-15 22:41:22 [MainThread      ]                 Pool.h:210   INFO| GunWeapon 0 / 32 (max 11) (68kb)
2026-03-15 22:41:22 [MainThread      ]                 Pool.h:210   INFO| BlinkWeapon 0 / 32 (max 2) (13kb)
2026-03-15 22:41:22 [MainThread      ]                 Pool.h:210   INFO| RamWeapon 0 / 32 (max 1) (13kb)
2026-03-15 22:41:22 [MainThread      ]             LuaExt.cpp:576   INFO| Lua interface destroyed
2026-03-15 22:41:22 [MainThread      ]                App.cpp:268   INFO| InputHandler Shutdown
2026-03-15 22:41:22 [MainThread      ]                App.cpp:282   INFO| Component Shutdown
2026-03-15 22:41:22 [MainThread      ]   GameAssetManager.cpp:894   INFO| Unloading: GUI
2026-03-15 22:41:22 [MainThread      ]   GameAssetManager.cpp:899   INFO| 	GUI bank: 0.00 ms
2026-03-15 22:41:22 [MainThread      ]   GameAssetManager.cpp:906   INFO| 	GUI package: 5.56 ms
2026-03-15 22:41:22 [MainThread      ]   GameAssetManager.cpp:894   INFO| Unloading: GUI_Mouse
2026-03-15 22:41:22 [MainThread      ]   GameAssetManager.cpp:899   INFO| 	GUI_Mouse bank: 0.00 ms
2026-03-15 22:41:22 [MainThread      ]   GameAssetManager.cpp:906   INFO| 	GUI_Mouse package: 0.03 ms
2026-03-15 22:41:22 [MainThread      ]   GameAssetManager.cpp:894   INFO| Unloading: Fx
2026-03-15 22:41:22 [MainThread      ]   GameAssetManager.cpp:899   INFO| 	Fx bank: 0.00 ms
2026-03-15 22:41:22 [MainThread      ]   GameAssetManager.cpp:906   INFO| 	Fx package: 10.59 ms
2026-03-15 22:41:22 [MainThread      ]   GameAssetManager.cpp:894   INFO| Unloading: ScriptsBase
2026-03-15 22:41:22 [MainThread      ]   GameAssetManager.cpp:899   INFO| 	ScriptsBase bank: 0.00 ms
2026-03-15 22:41:22 [MainThread      ]   GameAssetManager.cpp:906   INFO| 	ScriptsBase package: 1.64 ms
2026-03-15 22:41:22 [MainThread      ]   GameAssetManager.cpp:894   INFO| Unloading: Melinoe
2026-03-15 22:41:22 [MainThread      ]   GameAssetManager.cpp:899   INFO| 	Melinoe bank: 0.00 ms
2026-03-15 22:41:22 [MainThread      ]   GameAssetManager.cpp:906   INFO| 	Melinoe package: 0.25 ms
2026-03-15 22:41:22 [MainThread      ]   GameAssetManager.cpp:894   INFO| Unloading: BiomeG
2026-03-15 22:41:22 [MainThread      ]   GameAssetManager.cpp:899   INFO| 	BiomeG bank: 0.00 ms
2026-03-15 22:41:22 [MainThread      ]   GameAssetManager.cpp:906   INFO| 	BiomeG package: 1.78 ms
2026-03-15 22:41:22 [MainThread      ]   GameAssetManager.cpp:894   INFO| Unloading: RavenFamiliar
2026-03-15 22:41:22 [MainThread      ]   GameAssetManager.cpp:899   INFO| 	RavenFamiliar bank: 0.00 ms
2026-03-15 22:41:22 [MainThread      ]   GameAssetManager.cpp:906   INFO| 	RavenFamiliar package: 0.01 ms
2026-03-15 22:41:22 [MainThread      ]   GameAssetManager.cpp:894   INFO| Unloading: MainMenu
2026-03-15 22:41:22 [MainThread      ]   GameAssetManager.cpp:899   INFO| 	MainMenu bank: 0.00 ms
2026-03-15 22:41:22 [MainThread      ]   GameAssetManager.cpp:906   INFO| 	MainMenu package: 0.07 ms
2026-03-15 22:41:22 [MainThread      ]                App.cpp:288   INFO| DrawManager Shutdown
2026-03-15 22:41:22 [MainThread      ]        DrawManager.cpp:137   INFO| DrawManager::Exit
2026-03-15 22:41:22 [MainThread      ]           Granny3D.cpp:886   INFO| Granny3D::Exit()
2026-03-15 22:41:22 [MainThread      ]      ForgeRenderer.cpp:2600  INFO| ForgeRenderer::Unload
2026-03-15 22:41:22 [MainThread      ]                App.cpp:297   INFO| PlayerManager Shutdown
2026-03-15 22:41:22 [MainThread      ]                App.cpp:311   INFO| App Shutdown Finished
2026-03-15 22:41:22 [MainThread      ]   InputSystemWin64.cpp:1213  INFO| InputSystemSDL exit [exitPlatformInputSystem()].
2026-03-15 22:41:22 [MainThread      ]   InputSystemWin64.cpp:297   INFO| InputSystemSDL Exit. [Exit()]
2026-03-15 22:41:22 [MainThread      ]            Program.cpp:200   INFO| PlatformAnalytics Cleanup
2026-03-15 22:41:22 [MainThread      ]                Log.cpp:103   INFO| Log::Exit
